Waste type,Initial pH ,Initial carbon to nitrogen,Initial moisture content (%),Compost time (day),pH,Temperature (℃),Moisture content (%),EC（ms/cm-1）,Ammonia(mg/kg,Nitrate(mg/kg),Total nitrogen (%),Change in total organiz carbon (%),Change in organic matter content (%),C/N,GI (%),NH4+-N (g/Kg),NO3--N (g/Kg),CO2 (g/Kg),CH4 (g/Kg),N2O (g/Kg),NH3 (g/Kg)
sludge waste composting,8.01378,10.054,53.668,0.0,29.772,53.668,8.01378,3.9202,42.27,828.65,2.464,24.773056,44.848,10.054,48.778,,,,,,
sludge waste composting,8.01378,10.054,53.668,2.0,43.537,50.151,7.35213,4.2153,207.22,291.85,2.226,18.139674,44.47,8.149,31.122,,,,,,
sludge waste composting,8.01378,10.054,53.668,5.0,79.707,41.357,18.088,18.088,18.088,18.088,18.088,18.088,43.838,7.6,29.925,,,,,,
sludge waste composting,8.01378,10.054,53.668,10.0,80.026,42.487,7.28697,2.966,171.13,756.51,2.338,19.496582,43.207,8.339,51.471,,,,,,
sludge waste composting,8.01378,10.054,53.668,17.0,79.858,44.246,7.17168,2.7451,125.77,929.46,2.016,21.855456,44.217,10.841,53.267,,,,,,
sludge waste composting,8.01378,10.054,53.668,24.0,75.114,35.327,7.04135,2.9229,339.18,503.94,2.226,23.197146,43.586,10.421,83.192,,,,,,
sludge waste composting,8.01378,10.054,53.668,30.0,39.06,30.553,6.95614,3.0366,141.24,514.06,2.296,22.656928,40.808,9.868,97.257,,,,,,
sludge waste composting,8.23935,9.171,58.693,0.0,26.209,58.693,8.23935,1.2854,68.04,398.96,2.387,21.891177,48.384,9.171,43.392,,,,,,
sludge waste composting,8.23935,9.171,58.693,2.0,38.955,58.568,7.70802,1.2848,78.35,451.44,1.82,21.25942,46.111,11.681,17.955,,,,,,
sludge waste composting,8.23935,9.171,58.693,5.0,38.995,56.181,7.67794,1.2838,296.91,415.08,2.051,20.464878,45.48,9.978,15.86,,,,,,
sludge waste composting,8.23935,9.171,58.693,10.0,62.723,56.683,7.46742,1.6164,64.95,314.57,1.666,19.778752,42.449,11.872,18.554,,,,,,
sludge waste composting,8.23935,9.171,58.693,17.0,61.284,45.754,7.2619,1.6783,67.01,395.45,1.295,18.35015,42.323,14.17,58.953,,,,,,
sludge waste composting,8.23935,9.171,58.693,24.0,61.118,41.482,7.40226,1.7918,98.97,350.48,1.379,19.055022,43.207,13.818,65.536,,,,,,
sludge waste composting,8.23935,9.171,58.693,30.0,52.288,37.337,7.39223,1.8542,56.7,320.7,0.973,19.913418,42.323,20.466,90.374,,,,,,
sludge waste composting,8.23935,9.171,58.693,36.0,30.736,30.678,7.31203,1.7622,7.22,367.65,1.134,17.341128,43.081,15.292,93.067,,,,,,
sludge waste composting,7.60917,19.8776,67.291,1.0,48.497,67.291,7.60917,0.17716,2033.8,328.7,2.04159,40.581909384,73.5878,19.8776,25.07,,,,,,
sludge waste composting,7.60917,19.8776,67.291,3.0,65.129,66.023,7.77508,1.76472,5000.0,745.64,1.87693,38.085162016,72.7445,20.2912,27.811,,,,,,
sludge waste composting,7.60917,19.8776,67.291,5.0,67.247,66.079,8.18173,1.03347,5000.0,572.01,1.84266,37.072845072,72.9219,20.1192,28.103,,,,,,
sludge waste composting,7.60917,19.8776,67.291,7.0,57.086,64.389,8.32692,0.92256,5000.0,465.31,1.86055,36.47868752,71.8321,19.6064,16.93,,,,,,
sludge waste composting,7.60917,19.8776,67.291,10.0,49.286,62.457,8.71041,1.32849,4512.1,526.03,1.89642,34.634887386,69.4406,18.2633,14.311,,,,,,
sludge waste composting,7.60917,19.8776,67.291,13.0,44.215,60.224,8.58126,1.1769,4190.5,882.01,1.87613,33.666777624,69.2317,17.9448,16.13,,,,,,
sludge waste composting,7.60917,19.8776,67.291,16.0,42.989,56.187,8.42107,1.64927,4573.7,796.6,1.90395,32.5842003,69.6912,17.114,21.92,,,,,,
sludge waste composting,7.60917,19.8776,67.291,19.0,39.903,55.097,8.57671,1.43123,4232.0,851.2,1.96791,34.108406493,69.7991,17.3323,26.03,,,,,,
sludge waste composting,7.60917,19.8776,67.291,24.0,35.711,51.897,8.46334,1.47515,4001.5,905.7,2.06582,34.842739866,68.6058,16.8663,45.112,,,,,,
sludge waste composting,7.60917,19.8776,67.291,29.0,28.416,50.681,8.3137,1.61878,3549.5,941.91,2.12158,33.087313048,67.9405,15.5956,51.046,,,,,,
sludge waste composting,7.60917,19.8776,67.291,34.0,28.938,49.947,8.23911,1.21595,2795.5,1017.71,2.13922,32.470364692,65.5507,15.1786,60.344,,,,,,
sludge waste composting,7.60917,19.8776,67.291,41.0,30.461,47.946,7.89553,1.17852,2353.9,1123.84,2.18482,32.142634876,64.464,14.7118,75.591,,,,,,
sludge waste composting,7.60917,19.8776,67.291,48.0,30.992,47.328,7.72279,1.01551,1751.3,1166.02,2.20031,31.182353258,63.7298,14.1718,82.887,,,,,,
sludge waste composting,7.54704,21.0485,65.366,1.0,38.077,65.366,7.54704,0.40977,2104.2,362.2,1.9754,41.5792069,75.5239,21.0485,21.095,,,,,,
sludge waste composting,7.54704,21.0485,65.366,3.0,56.57,64.398,7.63525,1.69825,4349.6,818.69,1.90702,37.765289166,76.5811,19.8033,24.14,,,,,,
sludge waste composting,7.54704,21.0485,65.366,5.0,57.697,63.732,7.54747,2.2224,4148.7,565.93,1.92891,37.397514189,76.9348,19.3879,30.398,,,,,,
sludge waste composting,7.54704,21.0485,65.366,7.0,68.871,62.705,7.98779,1.68318,5000.0,440.97,1.89065,36.469315045,75.8098,19.2893,20.6,,,,,,
sludge waste composting,7.54704,21.0485,65.366,10.0,60.698,61.916,8.68972,1.06634,4411.5,775.65,1.83827,34.245867138,74.3686,18.6294,16.605,,,,,,
sludge waste composting,7.54704,21.0485,65.366,13.0,49.053,56.796,8.47513,0.98489,3445.6,1015.95,1.96038,33.840275598,71.5197,17.2621,20.257,,,,,,
sludge waste composting,7.54704,21.0485,65.366,16.0,44.85,52.338,8.5816,1.61237,4060.3,827.04,2.05243,34.875301046,71.6627,16.9922,21.003,,,,,,
sludge waste composting,7.54704,21.0485,65.366,19.0,40.151,50.826,8.51199,1.2946,3758.9,887.73,2.06821,31.155308619,71.3126,15.0639,39.792,,,,,,
sludge waste composting,7.54704,21.0485,65.366,24.0,44.766,48.889,8.4737,1.36806,3467.9,939.19,2.15008,31.491791744,69.8378,14.6468,58.11,,,,,,
sludge waste composting,7.54704,21.0485,65.366,29.0,32.014,47.073,8.42762,1.45263,2864.9,1118.47,2.19984,31.732692,67.5533,14.425,75.205,,,,,,
sludge waste composting,7.54704,21.0485,65.366,34.0,32.659,46.64,8.35306,1.01287,2322.3,1124.26,2.22351,30.170362488,66.4305,13.5688,82.82,,,,,,
sludge waste composting,7.54704,21.0485,65.366,41.0,28.476,45.659,7.75829,1.27819,1830.4,1260.8,2.29716,28.864734264,65.0626,12.5654,85.987,,,,,,
sludge waste composting,7.54704,21.0485,65.366,48.0,29.007,44.26,7.6477,1.05613,1560.0,1281.69,2.34274,28.34363989,64.5394,12.0985,86.098,,,,,,
sludge waste composting,7.37099,22.219,63.441,1.0,36.093,63.441,7.37099,0.60547,1681.4,432.21,1.94529,43.22239851,77.5656,22.219,28.128,,,,,,
sludge waste composting,7.37099,22.219,63.441,3.0,48.507,61.692,7.57313,1.59486,3846.3,739.54,1.78866,39.915021096,78.3413,22.3156,30.256,,,,,,
sludge waste composting,7.37099,22.219,63.441,5.0,66.504,60.845,7.63031,1.76455,3786.2,468.5,1.76644,38.90054168,77.9907,22.022,33.608,,,,,,
sludge waste composting,7.37099,22.219,63.441,7.0,65.149,61.021,7.50104,2.09302,4914.1,300.95,1.81441,37.653906407,77.0065,20.7527,21.822,,,,,,
sludge waste composting,7.37099,22.219,63.441,10.0,62.187,57.885,8.48001,1.33587,3364.4,723.9,1.85229,36.539939601,76.1992,19.7269,19.357,,,,,,
sludge waste composting,7.37099,22.219,63.441,13.0,52.03,55.653,8.28874,1.16581,3153.6,824.18,1.95638,36.58626238,72.8923,18.701,23.008,,,,,,
sludge waste composting,7.37099,22.219,63.441,16.0,52.913,51.556,8.45732,1.70467,3677.7,750.93,2.01431,35.013542144,72.8594,17.3824,36.141,,,,,,
sludge waste composting,7.37099,22.219,63.441,19.0,43.005,47.759,8.57154,1.36474,3295.8,808.59,2.09028,33.170235264,72.7558,15.8688,48.355,,,,,,
sludge waste composting,7.37099,22.219,63.441,24.0,42.533,45.701,8.50218,1.23146,2561.9,945.27,2.24638,32.409198174,68.8171,14.4273,55.052,,,,,,
sludge waste composting,7.37099,22.219,63.441,29.0,30.028,43.825,8.43795,1.3234,2331.4,1051.51,2.30415,32.338054005,69.1725,14.0347,63.278,,,,,,
sludge waste composting,7.37099,22.219,63.441,34.0,32.411,40.685,8.3349,0.89473,2120.9,1179.05,2.36593,31.987610193,68.0849,13.5201,78.386,,,,,,
sludge waste composting,7.37099,22.219,63.441,41.0,28.477,40.006,7.97319,1.17484,1649.2,1199.93,2.38741,29.067194232,66.1538,12.1752,84.304,,,,,,
sludge waste composting,7.37099,22.219,63.441,48.0,28.139,38.726,7.66843,1.28876,1217.7,1376.07,2.43303,28.961572605,65.5955,11.9035,90.379,,,,,,
sludge waste composting,7.55479,23.3166,61.456,1.0,32.868,61.456,7.55479,0.779,1812.3,474.84,1.96536,45.825512976,79.6776,23.3166,31.952,,,,,,
sludge waste composting,7.55479,23.3166,61.456,3.0,37.591,59.887,7.63269,1.11853,2910.0,675.63,1.72447,41.174480402,79.3621,23.8766,33.163,,,,,,
sludge waste composting,7.55479,23.3166,61.456,5.0,53.603,58.86,7.55781,1.13685,3272.9,705.93,1.70422,39.816373548,79.1523,23.3634,35.443,,,,,,
sludge waste composting,7.55479,23.3166,61.456,7.0,57.334,56.93,7.99557,1.62041,3857.1,340.52,1.74017,38.956837756,79.6112,22.3868,22.739,,,,,,
sludge waste composting,7.55479,23.3166,61.456,10.0,58.341,52.412,8.68454,1.5205,2941.6,696.5,1.77604,38.501172724,77.0086,21.6781,17.065,,,,,,
sludge waste composting,7.55479,23.3166,61.456,13.0,50.913,47.112,8.46998,1.20644,2549.6,729.8,1.84803,37.038771669,76.3067,20.0423,25.303,,,,,,
sludge waste composting,7.55479,23.3166,61.456,16.0,51.301,43.736,8.58939,1.77483,2983.1,699.18,1.93805,36.429719655,76.696,18.7971,33.847,,,,,,
sludge waste composting,7.55479,23.3166,61.456,19.0,45.609,42.947,8.50424,1.45335,2732.1,738.58,2.01004,36.162026628,75.9237,17.9907,53.094,,,,,,
sludge waste composting,7.55479,23.3166,61.456,24.0,43.401,42.453,8.46593,1.27576,2451.2,933.08,2.09792,34.565539712,73.5337,16.4761,66.674,,,,,,
sludge waste composting,7.55479,23.3166,61.456,29.0,30.154,40.577,8.42243,1.30863,2130.0,1011.94,2.24796,33.303752196,71.2493,14.8151,72.3,,,,,,
sludge waste composting,7.55479,23.3166,61.456,34.0,30.551,39.662,8.36081,1.05349,1557.2,1291.68,2.31175,32.834016425,68.9296,14.2031,75.633,,,,,,
sludge waste composting,7.55479,23.3166,61.456,41.0,27.981,37.299,7.76347,0.96065,1478.0,1349.09,2.35334,31.809155444,68.3714,13.5166,88.741,,,,,,
sludge waste composting,7.55479,23.3166,61.456,48.0,29.256,34.756,7.6503,1.0266,1308.3,1415.65,2.41296,30.370479744,66.7923,12.5864,92.366,,,,,,
sludge waste composting,7.24082,8.2935,59.408,0.0,36.716,59.408,7.24082,2.2319,4835.6,1.9913,3.03061,25.1579,50.2395,8.2935,65.132,,,,,,
sludge waste composting,7.24082,8.2935,59.408,3.0,86.44,55.464,7.57143,2.667,5000.0,5.4656,2.73852,22.0541,47.7525,8.1937,8.705,,,,,,
sludge waste composting,7.24082,8.2935,59.408,6.0,86.44,50.666,8.05714,2.929,5000.0,4.2284,2.55867,19.6349,45.7126,7.8764,24.293,,,,,,
sludge waste composting,7.24082,8.2935,59.408,12.0,73.111,44.358,8.11429,3.0229,5000.0,3.1725,2.60102,17.5329,44.7345,7.0028,51.727,,,,,,
sludge waste composting,7.24082,8.2935,59.408,18.0,68.494,39.367,8.19592,3.3581,5000.0,1.3487,2.62297,16.9045,40.3752,6.7269,63.885,,,,,,
sludge waste composting,7.24082,8.2935,59.408,24.0,29.926,40.625,8.13878,3.2622,5000.0,2.0499,2.69184,16.1974,40.1238,6.3315,96.93,,,,,,
sludge waste composting,7.24082,8.2935,59.408,36.0,36.444,39.26,8.1551,3.4255,5000.0,2.372,2.71938,16.0197,39.7884,6.2472,101.607,,,,,,
sludge waste composting,7.24082,8.2935,59.408,48.0,29.383,37.039,8.19184,3.4746,5000.0,3.2799,2.67553,15.8684,39.5928,6.2391,102.542,,,,,,
sludge waste composting,7.3102,8.4565,58.289,0.0,34.543,58.289,7.3102,2.2826,4532.6,1.8742,2.98571,25.1578,50.519,8.4565,60.456,,,,,,
sludge waste composting,7.3102,8.4565,58.289,3.0,47.037,56.452,7.61224,2.5612,5000.0,2.3289,2.8079,23.5805,49.1218,8.4872,27.41,,,,,,
sludge waste composting,7.3102,8.4565,58.289,6.0,48.99,55.074,7.95102,2.9095,5000.0,4.1893,2.48114,22.3192,46.6627,9.1589,1.847,,,,,,
sludge waste composting,7.3102,8.4565,58.289,12.0,43.235,52.648,8.20408,2.6932,5000.0,4.3438,2.4092,21.9275,46.5509,9.2853,0.911,,,,,,
sludge waste composting,7.3102,8.4565,58.289,18.0,55.457,49.893,8.54694,2.9016,5000.0,3.7825,2.47399,19.8519,44.008,8.216,6.835,,,,,,
sludge waste composting,7.3102,8.4565,58.289,24.0,51.383,48.125,8.62449,2.8311,5000.0,3.833,2.48163,18.6184,43.3373,7.7771,47.674,,,,,,
sludge waste composting,7.3102,8.4565,58.289,36.0,47.58,47.484,8.54694,2.8232,5000.0,3.7256,2.44389,18.0459,43.0579,7.6385,47.362,,,,,,
sludge waste composting,7.3102,8.4565,58.289,48.0,43.778,41.776,8.32653,3.1703,5000.0,4.3471,2.38979,17.5263,42.4711,7.5543,65.444,,,,,,
sludge waste composting,7.7459,14.3536,69.885,1.0,36.681,69.885,7.7459,2.0513,3186.0,149.03,3.4,52.0,63.3287,14.3536,42.4018,,,,,,
sludge waste composting,7.7459,14.3536,69.885,2.0,43.064,68.757,8.2418,1.9956,3785.2,221.63,3.261,43.2239028,61.5012,13.2548,34.2779,,,,,,
sludge waste composting,7.7459,14.3536,69.885,3.0,60.809,70.931,8.2418,3.70159999999999,5000.0,488.8,2.9107,37.49883917,59.6364,12.8831,34.9305,,,,,,
sludge waste composting,7.7459,14.3536,69.885,4.0,54.298,70.112,8.3169,3.34549999999999,5000.0,586.23,2.3431,29.27750312,58.2937,12.4952,27.8116,,,,,,
sludge waste composting,7.7459,14.3536,69.885,5.0,53.277,63.514,8.5724,3.00029999999999,5000.0,236.53,2.4698,30.74110664,57.7343,12.4468,29.3601,,,,,,
sludge waste composting,7.7459,14.3536,69.885,6.0,49.957,58.979,9.3989,2.4584,5000.0,261.5,2.2388,28.22768592,56.2797,12.6084,28.9334,,,,,,
sludge waste composting,7.7459,14.3536,69.885,7.0,49.319,61.05,9.3538,2.3654,5000.0,218.18,2.1551,26.30170244,55.9441,12.2044,24.6108,,,,,,
sludge waste composting,7.7459,14.3536,69.885,8.0,46.766,60.954,9.3689,2.428,5000.0,137.57,2.1977,26.04032753,55.9441,11.8489,31.4619,,,,,,
sludge waste composting,7.7459,14.3536,69.885,9.0,43.83,57.555,9.4139,2.4414,5000.0,162.56,2.0579,23.08675694,54.4522,11.2186,29.172,,,,,,
sludge waste composting,7.7459,14.3536,69.885,10.0,40.0,56.943,9.3839,2.2605,5000.0,160.63,2.2267,25.34029134,54.2657,11.3802,33.6932,,,,,,
sludge waste composting,7.7459,14.3536,69.885,11.0,37.191,53.75,9.2486,2.3618,5000.0,90.38,2.1991,24.59979233,54.0793,11.1863,38.5208,,,,,,
sludge waste composting,7.7459,14.3536,69.885,12.0,34.766,52.312,9.2637,2.3954,5000.0,125.71,2.1925,24.38432725,54.3776,11.1217,42.032,,,,,,
sludge waste composting,7.7459,14.3536,69.885,13.0,33.489,51.493,9.2186,2.4508,5000.0,150.69,2.2,22.72556,54.1538,10.3298,40.689,,,,,,
sludge waste composting,7.7459,14.3536,69.885,14.0,31.702,50.984,9.2486,2.4027,5000.0,154.97,2.2425,22.36736775,53.7063,9.9743,42.6062,,,,,,
sludge waste composting,7.7459,14.3536,69.885,15.0,20.979,50.062,9.0833,2.6595,5000.0,101.3,2.1378,19.59571614,53.296,9.1663,41.8315,,,,,,
sludge waste composting,7.7459,14.3536,69.885,16.0,17.787,48.933,8.918,2.5723,4594.7,80.73,2.2855,20.7651388,53.3333,9.0856,56.4763,,,,,,
sludge waste composting,5.65,12.9962,69.782,1.0,37.191,69.782,5.65,4.1737,3219.4,153.48,3.4,50.85153136,63.3287,12.9962,37.045,,,,,,
sludge waste composting,5.65,12.9962,69.782,2.0,36.936,64.628,6.8443,2.6798,3221.5,178.49,3.4,39.50522628,61.2401,11.3802,37.5158,,,,,,
sludge waste composting,5.65,12.9962,69.782,3.0,54.426,66.183,8.1516,3.59759999999999,4062.4,421.85,3.037,33.1385292,59.3753,10.9116,31.6562,,,,,,
sludge waste composting,5.65,12.9962,69.782,4.0,52.638,65.364,5.9727,4.0038,5000.0,438.92,3.0445,33.31870355,59.3007,10.9439,32.6258,,,,,,
sludge waste composting,5.65,12.9962,69.782,5.0,52.894,58.25,7.3702,3.2347,5000.0,187.02,2.4978,27.21453012,58.9277,10.8954,40.3464,,,,,,
sludge waste composting,5.65,12.9962,69.782,6.0,52.128,60.115,6.8893,3.731,5000.0,219.96,2.4001,24.48246006,58.4056,10.2006,41.1162,,,,,,
sludge waste composting,5.65,12.9962,69.782,7.0,47.021,55.374,6.8292,3.2467,5000.0,134.18,2.4778,25.99559092,57.3613,10.4914,43.141,,,,,,
sludge waste composting,5.65,12.9962,69.782,8.0,45.617,54.245,7.2049,2.8631,5000.0,95.9,2.5834,25.14139046,56.6527,9.7319,43.0734,,,,,,
sludge waste composting,5.65,12.9962,69.782,9.0,43.702,55.181,7.25,3.0109,5000.0,144.63,2.7172,25.74112248,56.3543,9.4734,41.5071,,,,,,
sludge waste composting,5.65,12.9962,69.782,10.0,41.021,50.233,6.9495,3.29059999999999,5000.0,174.38,2.5423,23.87880698,56.6154,9.3926,41.3325,,,,,,
sludge waste composting,5.65,12.9962,69.782,11.0,38.085,49.105,7.4454,3.0536,5000.0,101.28,2.2622,20.0781561,56.8392,8.8755,59.436,,,,,,
sludge waste composting,5.65,12.9962,69.782,12.0,34.894,48.699,7.3552,3.01449999999999,5000.0,134.17,2.9711,27.47405881,56.3543,9.2471,66.6673,,,,,,
sludge waste composting,5.65,12.9962,69.782,13.0,33.362,44.475,7.0246,3.0814,5000.0,146.52,2.4876,23.12373456,56.3543,9.2956,86.1618,,,,,,
sludge waste composting,5.65,12.9962,69.782,14.0,32.213,44.481,6.6639,3.2871,5000.0,150.96,2.6353,22.70811657,54.9371,8.6169,85.3745,,,,,,
sludge waste composting,5.65,12.9962,69.782,15.0,20.979,41.908,6.5287,3.05579999999999,5000.0,112.67,2.7551,23.29519703,55.049,8.4553,90.9244,,,,,,
sludge waste composting,5.65,12.9962,69.782,16.0,19.574,41.709,6.0929,3.1363,5000.0,82.29,2.7275,21.695626,54.5641,7.9544,90.5802,,,,,,
sludge waste composting,7.25,13.6264,69.782,1.0,25.319,69.782,7.25,2.2977,3272.90909090909,148.09,3.4,51.97926544,63.3287,13.6264,38.551,,,,,,
sludge waste composting,7.25,13.6264,69.782,2.0,39.745,66.589,6.5738,3.1135,4236.36363636364,205.5,2.6718,34.29148428,62.993,12.8346,30.4552,,,,,,
sludge waste composting,7.25,13.6264,69.782,3.0,62.851,70.208,6.8142,4.72879999999999,5000.0,396.61,2.6091,32.51695239,61.8741,12.4629,29.685,,,,,,
sludge waste composting,7.25,13.6264,69.782,4.0,57.106,65.158,7.3251,3.67129999999999,5000.0,413.77,2.6166,28.84723002,59.8601,11.0247,28.7731,,,,,,
sludge waste composting,7.25,13.6264,69.782,5.0,53.915,59.901,7.8511,3.78209999999999,5000.0,219.58,2.7644,32.04022532,59.1142,11.5903,34.777,,,,,,
sludge waste composting,7.25,13.6264,69.782,6.0,52.383,55.676,8.5874,2.8225,5000.0,226.68,2.7368,29.24380272,57.1375,10.6854,30.5923,,,,,,
sludge waste composting,7.25,13.6264,69.782,7.0,52.894,55.064,9.1434,2.5402,5000.0,78.5,2.3936,24.57078272,56.6527,10.2652,34.8299,,,,,,
sludge waste composting,7.25,13.6264,69.782,8.0,50.723,53.006,8.362,2.55859999999999,4381.90909090909,102.85,2.387,24.0401931,56.2424,10.0713,40.2876,,,,,,
sludge waste composting,7.25,13.6264,69.782,9.0,52.766,53.53,8.4221,3.1614,5000.0,135.82,2.9136,29.95588704,55.683,10.2814,37.5259,,,,,,
sludge waste composting,7.25,13.6264,69.782,10.0,49.574,48.273,7.9262,3.10879999999999,5000.0,95.47,2.423,23.0715637,55.4965,9.5219,53.8194,,,,,,
sludge waste composting,7.25,13.6264,69.782,11.0,43.191,43.945,7.776,3.23709999999999,5000.0,109.75,2.7882,25.8731019,55.2354,9.2795,69.5647,,,,,,
sludge waste composting,7.25,13.6264,69.782,12.0,40.511,41.681,7.9112,3.15459999999999,5000.0,129.78,2.5923,23.63633217,54.1166,9.1179,79.6909,,,,,,
sludge waste composting,7.25,13.6264,69.782,13.0,39.489,39.727,7.8962,3.08699999999999,5000.0,149.81,2.3824,21.49139216,53.1096,9.0209,78.8458,,,,,,
sludge waste composting,7.25,13.6264,69.782,14.0,36.17,43.862,7.9112,2.9837,5000.0,120.96,2.2285,19.38282445,52.289,8.6977,74.8192,,,,,,
sludge waste composting,7.25,13.6264,69.782,15.0,22.511,41.186,7.5505,2.68859999999999,5000.0,99.3,2.5446,20.03516256,50.5361,7.8736,89.5178,,,,,,
sludge waste composting,7.25,13.6264,69.782,16.0,20.723,37.477,7.6407,2.8469,5000.0,81.95,2.5872,18.7817784,50.3497,7.2595,90.0156,,,,,,
sludge waste composting,7.6397,16.5726,73.373,1.0,31.481,73.373,7.6397,2.531,4118.2,199.39,3.4,52.0,79.9286,16.5726,38.5185,,,,,,
sludge waste composting,7.6397,16.5726,73.373,2.0,61.363,69.928,8.791,3.11329999999999,5000.0,183.48,3.4,52.0,76.8159,15.0061,38.9337,,,,,,
sludge waste composting,7.6397,16.5726,73.373,3.0,64.959,65.952,8.8396,3.13409999999999,5000.0,273.64,3.4,52.0,76.6443,14.4552,44.164,,,,,,
sludge waste composting,7.6397,16.5726,73.373,4.0,55.635,61.048,9.1471,3.55049999999999,5000.0,302.27,3.3113,45.40520786,76.4318,13.7122,50.2322,,,,,,
sludge waste composting,7.6397,16.5726,73.373,5.0,60.132,60.518,9.2436,3.27209999999999,5000.0,241.82,2.6115,35.589522,74.8935,13.628,38.2062,,,,,,
sludge waste composting,7.6397,16.5726,73.373,6.0,56.066,58.928,9.3114,3.18629999999999,5000.0,159.09,2.8896,38.9778144,74.8049,13.489,56.4891,,,,,,
sludge waste composting,7.6397,16.5726,73.373,7.0,46.593,58.133,9.2161,2.5299,5000.0,167.58,2.537,33.2418036,74.2607,13.1028,39.5572,,,,,,
sludge waste composting,7.6397,16.5726,73.373,8.0,50.187,57.337,9.1017,3.0241,5000.0,198.33,3.4,41.24835372,73.9238,11.6186,35.0907,,,,,,
sludge waste composting,7.6397,16.5726,73.373,9.0,47.173,57.072,9.2366,2.6653,5000.0,113.48,2.7751,30.86632726,73.6281,11.1226,39.3884,,,,,,
sludge waste composting,7.6397,16.5726,73.373,10.0,45.812,54.554,8.6811,2.596,5000.0,149.55,2.7118,27.84964364,72.8769,10.2698,36.6741,,,,,,
sludge waste composting,7.6397,16.5726,73.373,11.0,47.153,49.12,8.6434,2.6668,5000.0,180.3,2.4865,25.05372535,72.3742,10.0759,48.0397,,,,,,
sludge waste composting,7.6397,16.5726,73.373,12.0,43.238,48.458,8.5577,2.4153,5000.0,79.55,2.348,23.3313716,70.8771,9.9367,52.8565,,,,,,
sludge waste composting,7.6397,16.5726,73.373,13.0,39.923,47.53,8.731,2.6163,5000.0,147.42,2.331,19.1908899,70.3331,8.2329,57.4493,,,,,,
sludge waste composting,7.6397,16.5726,73.373,14.0,34.656,47.53,9.0001,2.8298,5000.0,219.55,2.7597,22.18495233,69.2088,8.0389,63.538,,,,,,
sludge waste composting,7.6397,16.5726,73.373,15.0,31.34,46.47,8.6843,2.8141,5000.0,210.0,2.9973,23.59594452,68.4576,7.8724,66.8213,,,,,,
sludge waste composting,7.6397,16.5726,73.373,16.0,26.974,44.217,8.7425,2.96609999999999,5000.0,315.0,3.0093,22.1153457,66.5461,7.349,69.3952,,,,,,
sludge waste composting,7.2178,16.1883,72.313,1.0,30.279,72.313,7.2178,2.3096,3828.0,97.57,3.4,52.0,79.9286,16.1883,36.8433,,,,,,
sludge waste composting,7.2178,16.1883,72.313,2.0,66.471,69.53,8.8677,3.0488,5000.0,173.37,3.4,51.50268754,78.5972,13.5238,44.8993,,,,,,
sludge waste composting,7.2178,16.1883,72.313,3.0,72.319,62.373,8.6479,2.7036,5000.0,199.94,2.3966,28.45914568,74.6969,11.8748,52.276,,,,,,
sludge waste composting,7.2178,16.1883,72.313,4.0,64.948,61.711,8.9937,3.12989999999999,5000.0,169.05,3.3403,39.20075871,74.4017,11.7357,53.8628,,,,,,
sludge waste composting,7.2178,16.1883,72.313,5.0,62.085,64.229,8.9464,2.9147,5000.0,222.07,2.762,30.0585698,73.6089,10.8829,51.5913,,,,,,
sludge waste composting,7.2178,16.1883,72.313,6.0,57.718,60.12,8.9758,3.06169999999999,5000.0,173.86,2.907,31.2325173,73.3962,10.7439,41.5494,,,,,,
sludge waste composting,7.2178,16.1883,72.313,7.0,50.048,55.747,8.7271,2.8114,5000.0,150.27,2.9595,31.3032234,73.3905,10.5772,50.919,,,,,,
sludge waste composting,7.2178,16.1883,72.313,8.0,50.939,49.253,8.6415,3.2119,5000.0,158.6,3.3708,34.35215988,73.0121,10.1911,43.1192,,,,,,
sludge waste composting,7.2178,16.1883,72.313,9.0,48.825,48.325,8.7476,3.024,5000.0,161.46,3.3422,33.04566828,72.8407,9.8874,47.5136,,,,,,
sludge waste composting,7.2178,16.1883,72.313,10.0,47.313,46.072,8.4701,2.9887,5000.0,126.01,3.25,31.94945,72.1309,9.8306,61.015,,,,,,
sludge waste composting,7.2178,16.1883,72.313,11.0,45.05,42.096,8.5859,3.22,5000.0,141.64,3.4,33.1158222,71.9181,9.417,60.4288,,,,,,
sludge waste composting,7.2178,16.1883,72.313,12.0,40.834,46.205,8.4235,2.72669999999999,5000.0,100.72,2.9614,27.3944307,71.8298,9.2505,69.8804,,,,,,
sludge waste composting,7.2178,16.1883,72.313,13.0,36.918,46.072,8.4241,2.762,5000.0,166.5,2.7419,25.43413859,71.2442,9.2761,74.0622,,,,,,
sludge waste composting,7.2178,16.1883,72.313,14.0,36.008,43.289,8.4056,3.0734,5000.0,213.13,3.211,26.7826299,70.8658,8.3409,81.7451,,,,,,
sludge waste composting,7.2178,16.1883,72.313,15.0,32.842,40.241,8.4062,3.0633,5000.0,126.62,3.4,27.33887951,65.5572,7.9273,88.2953,,,,,,
sludge waste composting,7.2178,16.1883,72.313,16.0,28.777,41.964,8.2918,3.239,5000.0,266.27,3.4,22.60183064,65.4689,6.3608,90.8601,,,,,,
sludge waste composting,7.5246,16.6,71.651,1.0,34.034,71.651,7.5246,2.0866,4275.3,135.35,3.4,52.0,79.5557,16.6,41.7497,,,,,,
sludge waste composting,7.5246,16.6,71.651,2.0,70.827,64.361,8.8294,2.9844,5000.0,207.85,3.4,49.79335023,74.3711,13.7433,41.2276,,,,,,
sludge waste composting,7.5246,16.6,71.651,3.0,74.422,56.807,8.5808,3.15209999999999,5000.0,219.94,3.4,43.77169589,74.1999,11.5453,35.713,,,,,,
sludge waste composting,7.5246,16.6,71.651,4.0,67.953,52.699,8.6389,3.46069999999999,5000.0,321.45,3.2419,35.28678474,73.9046,10.8846,54.8593,,,,,,
sludge waste composting,7.5246,16.6,71.651,5.0,66.14,48.59,8.8217,3.1691,5000.0,334.74,2.6346,26.86396236,73.4847,10.1966,52.224,,,,,,
sludge waste composting,7.5246,16.6,71.651,6.0,62.525,48.458,8.8416,3.6878,5000.0,234.44,3.4,34.53377536,72.8573,10.0576,45.6527,,,,,,
sludge waste composting,7.5246,16.6,71.651,7.0,54.403,47.265,9.0052,3.0934,5000.0,217.52,2.8901,28.98250082,72.2303,10.0282,49.1262,,,,,,
sludge waste composting,7.5246,16.6,71.651,8.0,53.943,44.88,9.0154,3.28839999999999,5000.0,303.32,2.8904,28.66294064,71.1892,9.9166,51.9093,,,,,,
sludge waste composting,7.5246,16.6,71.651,9.0,51.079,38.518,8.4503,3.5561,5000.0,222.36,3.0876,30.01949976,70.7694,9.7226,75.34,,,,,,
sludge waste composting,7.5246,16.6,71.651,10.0,46.111,32.422,8.6619,4.7845,5000.0,222.36,3.4,35.62566912,70.6808,9.4188,66.2182,,,,,,
sludge waste composting,7.5246,16.6,71.651,11.0,44.9,33.614,8.2982,4.463,5000.0,300.91,3.152,26.048128,70.6756,8.264,79.1925,,,,,,
sludge waste composting,7.5246,16.6,71.651,12.0,41.735,31.361,8.2125,4.0057,5000.0,180.06,2.8167,23.34959799,69.3855,8.2897,80.8383,,,,,,
sludge waste composting,7.5246,16.6,71.651,13.0,37.97,32.289,8.3474,3.456,5000.0,141.39,2.6551,21.34912808,69.2972,8.0408,82.995,,,,,,
sludge waste composting,7.5246,16.6,71.651,14.0,35.857,30.169,8.5398,3.7364,5000.0,163.14,3.3094,24.87808356,69.2086,7.5174,85.813,,,,,,
sludge waste composting,7.5246,16.6,71.651,15.0,33.894,30.301,8.0035,3.9753,5000.0,158.31,3.3793,24.00587134,67.2975,7.1038,89.2289,,,,,,
sludge waste composting,7.5246,16.6,71.651,16.0,29.077,30.301,8.4644,3.5381,5000.0,325.08,3.2581,18.93509977,63.9358,5.8117,89.2758,,,,,,
sludge waste composting,7.06107,13.934404946796,72.3289,0.0,45.962,72.3289,7.06107,0.3932,472.16,322.12,2.07973,28.9798,49.9611752000001,13.934404946796,52.7784,,,,,,
sludge waste composting,7.06107,13.934404946796,72.3289,3.0,59.696,73.9681,8.52672,1.3202,1420.64,115.08,1.87703,28.6614,49.4122536000001,15.2695481691822,38.9323,,,,,,
sludge waste composting,7.06107,13.934404946796,72.3289,7.0,34.432,73.0717,8.45038,1.0998,1041.62,152.96,2.40405,28.0946,48.4350903999999,11.6863625964518,53.6613,,,,,,
sludge waste composting,7.06107,13.934404946796,72.3289,14.0,33.242,68.335,8.75573,0.9981,818.21,162.36,2.31486,28.0645,48.383198,12.1236273467942,46.8923,,,,,,
sludge waste composting,7.06107,13.934404946796,72.3289,21.0,37.029,64.6941,7.45802,1.1803,519.08,269.82,2.69189,26.7872,46.1811328,9.95107526681997,54.5005,,,,,,
sludge waste composting,7.06107,13.934404946796,72.3289,28.0,29.076,61.1216,7.50382,1.3735,389.2,681.85,2.71622,25.4387,43.8563188,9.36547849585085,59.4022,,,,,,
sludge waste composting,7.06107,13.934404946796,72.3289,35.0,28.062,59.9466,7.1374,1.6541,290.54,953.84,2.38378,25.3728,43.7427072000001,10.6439352624823,64.561,,,,,,
sludge waste composting,7.06107,13.934404946796,72.3289,42.0,29.009,57.1964,6.96947,2.2405,174.02,1026.3,2.29054,25.9486,44.7353863999999,11.3285950037982,65.7407,,,,,,
sludge waste composting,6.18321,13.8840763399712,70.1372,0.0,44.893,70.1372,6.18321,0.6554,521.17,353.62,2.05135,28.4811,49.1014163999999,13.8840763399712,56.5645,,,,,,
sludge waste composting,6.18321,13.8840763399712,70.1372,3.0,64.147,73.2147,8.31298,1.768,1714.63,115.04,1.82838,27.8421,47.9997804000001,15.2277425918026,40.6372,,,,,,
sludge waste composting,6.18321,13.8840763399712,70.1372,7.0,34.261,72.4553,8.08397,1.9299,1536.06,219.48,2.61892,26.5269,45.7323756,10.1289462832007,52.9026,,,,,,
sludge waste composting,6.18321,13.8840763399712,70.1372,14.0,38.941,65.1842,8.18321,1.9483,889.49,249.87,2.54189,24.9286,42.9769064,9.80711203081172,51.5946,,,,,,
sludge waste composting,6.18321,13.8840763399712,70.1372,21.0,37.572,65.8583,7.65649,2.7532,634.9,294.32,2.84595,24.0076,41.3891024,8.43570688170909,46.3654,,,,,,
sludge waste composting,6.18321,13.8840763399712,70.1372,28.0,28.907,64.4779,6.98473,3.3942,687.66,604.82,2.63919,22.3028,38.4500272,8.45062310784748,52.611,,,,,,
sludge waste composting,6.18321,13.8840763399712,70.1372,35.0,30.201,58.0289,6.72519,3.2051,597.86,1083.38,2.22162,21.4532,36.9853168,9.6565569269272,48.9343,,,,,,
sludge waste composting,6.18321,13.8840763399712,70.1372,42.0,30.79,57.6073,6.58779,3.9334,334.37,1110.3,2.22568,22.207,38.284868,9.97762481578664,52.2169,,,,,,
sludge waste composting,6.65649,18.5082201748868,70.685,0.0,54.69,70.685,6.65649,0.7428,521.16,406.14,1.62162,30.0133,51.7429291999999,18.5082201748868,59.6031,,,,,,
sludge waste composting,6.65649,18.5082201748868,70.685,3.0,58.638,71.8448,8.52672,1.9536,1367.19,153.59,1.5,29.4456,50.7642144,19.6304,34.1207,,,,,,
sludge waste composting,6.65649,18.5082201748868,70.685,7.0,33.019,71.6336,8.10687,2.2576,1046.09,275.5,2.0027,27.7739,47.8822035999999,13.8682278923453,37.154,,,,,,
sludge waste composting,6.65649,18.5082201748868,70.685,14.0,47.84,69.9788,7.93893,2.0903,991.94,263.89,2.29459,27.3162,47.0931287999999,11.9046104097028,45.6398,,,,,,
sludge waste composting,6.65649,18.5082201748868,70.685,21.0,38.808,66.8858,7.39695,2.5893,772.98,378.34,2.15676,25.5757,44.0925068000001,11.8583894360059,35.8225,,,,,,
sludge waste composting,6.65649,18.5082201748868,70.685,28.0,28.194,67.9025,6.70229,2.7716,741.11,1235.01,2.09189,24.3339,41.9516436000001,11.6324950164684,50.2213,,,,,,
sludge waste composting,6.65649,18.5082201748868,70.685,35.0,30.743,58.577,6.58779,2.9539,593.43,1142.89,2.11216,23.5913,40.6714012,11.169276948716,48.5651,,,,,,
sludge waste composting,6.65649,18.5082201748868,70.685,42.0,30.793,58.2237,6.51908,2.8303,419.02,1323.87,2.07162,23.2048,40.0050752,11.2012820884139,50.3858,,,,,,
sludge waste composting,6.25191,16.6224678301283,69.9314,0.0,53.442,69.9314,6.25191,1.0268,512.26,367.61,1.88919,31.403,54.1387720000001,16.6224678301283,60.0709,,,,,,
sludge waste composting,6.25191,16.6224678301283,69.9314,3.0,69.837,73.5571,8.22137,1.9864,1710.17,129.07,1.2973,31.2628,53.8970672000001,24.0983581284206,33.0136,,,,,,
sludge waste composting,6.25191,16.6224678301283,69.9314,7.0,46.183,70.058,8.17557,2.3886,1068.35,229.98,1.82838,31.1949,53.7800076000001,17.0614970629738,26.1819,,,,,,
sludge waste composting,6.25191,16.6224678301283,69.9314,14.0,45.885,68.2665,7.96183,2.1668,1179.03,277.92,2.35135,29.1336,50.2263264000001,12.3901588449189,37.2996,,,,,,
sludge waste composting,6.25191,16.6224678301283,69.9314,21.0,43.442,64.2148,7.43511,2.6875,830.9,329.34,2.3473,27.3575,47.1643300000001,11.6548800749798,45.8508,,,,,,
sludge waste composting,6.25191,16.6224678301283,69.9314,28.0,32.105,63.382,6.87023,3.274,861.37,940.91,2.27838,27.0779,46.6822995999999,11.8847163335352,53.4456,,,,,,
sludge waste composting,6.25191,16.6224678301283,69.9314,35.0,32.338,60.4261,6.70229,3.3252,713.68,1223.4,2.11622,26.0857,44.9717468,12.3265539499674,49.2836,,,,,,
sludge waste composting,6.25191,16.6224678301283,69.9314,42.0,32.215,60.4841,6.58015,3.9008,401.18,1197.85,2.20946,26.1623,45.1038051999999,11.8410380817032,54.7204,,,,,,
sludge waste composting,6.34351,17.3399040797786,71.0961,0.0,53.087,71.0961,6.34351,1.3762,547.89,346.61,1.89324,32.8286,56.5965064000001,17.3399040797786,60.8081,,,,,,
sludge waste composting,6.34351,17.3399040797786,71.0961,3.0,66.459,73.4888,8.33588,1.6807,1509.73,143.06,1.52432,32.5814,56.1703335999999,21.3743833315839,36.2134,,,,,,
sludge waste composting,6.34351,17.3399040797786,71.0961,7.0,33.907,71.1538,8.25191,2.8255,1233.16,254.54,1.90946,32.05,55.2541999999999,16.7848501670629,30.3564,,,,,,
sludge waste composting,6.34351,17.3399040797786,71.0961,14.0,48.922,70.1843,8.25191,2.5272,1027.57,270.89,2.20541,31.0934,53.6050216,14.0986936669372,36.5691,,,,,,
sludge waste composting,6.34351,17.3399040797786,71.0961,21.0,40.955,68.735,7.56489,3.616,902.16,322.3,2.43243,30.1726,52.0175623999999,12.4043035154146,42.6034,,,,,,
sludge waste composting,6.34351,17.3399040797786,71.0961,28.0,31.926,66.3274,7.19084,3.6891,812.39,825.38,2.43649,30.1068,51.9041232,12.3566277719178,48.5788,,,,,,
sludge waste composting,6.34351,17.3399040797786,71.0961,35.0,32.692,61.9331,6.70992,3.5874,789.4,1310.95,2.16892,29.8629,51.4836395999998,13.7685576231488,46.2081,,,,,,
sludge waste composting,6.34351,17.3399040797786,71.0961,42.0,32.215,60.7583,6.64122,3.9663,450.18,1435.89,2.11216,27.7303,47.8070371999999,13.1288822816453,47.9479,,,,,,
sludge waste composting,6.0916,19.5199528617973,70.9592,0.0,44.891,70.9592,6.0916,0.6444,534.54,371.12,1.73108,33.7906,58.2549944000001,19.5199528617973,58.6889,,,,,,
sludge waste composting,6.0916,19.5199528617973,70.9592,3.0,63.611,71.2284,8.29771,1.2,1269.2,157.08,1.37027,34.0424,58.6890976,24.8435709750633,36.3316,,,,,,
sludge waste composting,6.0916,19.5199528617973,70.9592,7.0,36.037,67.2497,8.08397,1.3401,1201.98,173.95,1.98649,33.5468,57.8346832000002,16.8874748929016,24.0814,,,,,,
sludge waste composting,6.0916,19.5199528617973,70.9592,14.0,36.269,61.5539,7.91603,1.1509,938.48,197.38,2.35541,32.305,55.6938200000001,13.7152342904208,44.7699,,,,,,
sludge waste composting,6.0916,19.5199528617973,70.9592,21.0,34.179,60.7214,7.37405,1.7155,768.53,304.87,2.46892,30.992,53.4302080000002,12.5528571197123,53.0567,,,,,,
sludge waste composting,6.0916,19.5199528617973,70.9592,28.0,27.653,59.9572,6.70992,1.8651,442.68,755.35,2.22568,29.9286,51.5969064000001,13.4469465511664,53.1981,,,,,,
sludge waste composting,6.0916,19.5199528617973,70.9592,35.0,29.659,56.1111,6.56489,1.8726,375.15,1146.4,2.19324,29.5423,50.9309252,13.4697069176196,55.9466,,,,,,
sludge waste composting,6.0916,19.5199528617973,70.9592,42.0,28.823,56.032,6.49618,2.2734,307.64,1162.81,2.13649,29.8329,51.4319196000001,13.9635102434367,56.5141,,,,,,
sludge waste composting,7.5017,19.0854,69.225,0.0,19.047,69.225,7.5017,0.8938,362.26,140.88,1.801696584824,34.3861,59.2816363999999,19.0854,41.5499,,,,,,
sludge waste composting,7.5017,19.0854,69.225,7.0,49.224,66.386,7.6663,1.5352,959.64,99.36,1.68915810612886,33.5607,57.8586468000001,19.8683,28.9184,,,,,,
sludge waste composting,7.5017,19.0854,69.225,14.0,18.452,66.106,8.2919,1.8513,1102.88,71.61,1.99487639705695,31.3427,54.0348148,15.7116,31.3962,,,,,,
sludge waste composting,7.5017,19.0854,69.225,21.0,16.723,65.961,8.1374,2.0218,725.76,229.4,2.08086507747948,31.5301,54.3578924000001,15.1524,30.743,,,,,,
sludge waste composting,7.5017,19.0854,69.225,28.0,19.278,64.737,7.4623,1.9527,634.33,514.34,2.01858944599195,31.3059,53.9713715999999,15.5088,29.654,,,,,,
sludge waste composting,7.5017,19.0854,69.225,35.0,16.601,63.783,7.2486,2.0633,374.57,627.44,1.99856435926592,31.4616,54.2397984000001,15.7421,54.0074,,,,,,
sludge waste composting,7.5017,19.0854,69.225,42.0,14.08,63.906,7.1885,1.9513,247.44,520.64,2.09094835439963,30.9843,53.4169332000001,14.8183,55.2674,,,,,,
sludge waste composting,7.5017,19.0854,69.225,49.0,14.096,62.01,7.2347,2.0105,196.8,510.06,2.27355875831486,31.1714,53.7394936000001,13.7104,64.7739,,,,,,
sludge waste composting,7.5017,19.0854,69.225,77.0,14.747,57.925,7.3491,2.119,229.1,553.58,2.32795466442113,30.6864,52.9033536,13.1817,57.6495,,,,,,
sludge waste composting,7.5844,22.6213,63.838,0.0,17.619,63.838,7.5844,0.6798,362.27,89.36,1.54804542621335,35.0188,60.3724112000001,22.6213,45.9473,,,,,,
sludge waste composting,7.5844,22.6213,63.838,7.0,48.431,63.288,7.749,1.5781,974.91,71.87,1.42682657984212,33.6557,58.0224267999999,23.5878,23.3057,,,,,,
sludge waste composting,7.5844,22.6213,63.838,14.0,19.56,58.428,8.2446,1.6972,1230.43,88.78,1.9319907115242,31.5326,54.3622023999999,16.3213,38.1922,,,,,,
sludge waste composting,7.5844,22.6213,63.838,21.0,16.087,59.36,8.1964,1.8078,787.0,232.84,2.05585097642257,31.2771,53.9217204000001,15.2137,34.3962,,,,,,
sludge waste composting,7.5844,22.6213,63.838,28.0,15.473,58.002,7.5806,1.9783,573.1,538.39,1.9813488738224,31.211,53.807764,15.7524,34.2908,,,,,,
sludge waste composting,7.5844,22.6213,63.838,35.0,15.331,57.586,7.5323,1.678,262.29,603.39,1.96099502116934,31.5881,54.4578843999999,16.1082,45.4774,,,,,,
sludge waste composting,7.5844,22.6213,63.838,42.0,14.395,56.633,7.4485,1.8657,237.21,541.26,2.01091339382753,31.2691,53.9079283999999,15.5497,43.5497,,,,,,
sludge waste composting,7.5844,22.6213,63.838,49.0,12.193,55.68,7.3885,1.9677,232.54,558.16,2.03826196375524,31.4247,54.1761828000001,15.4174,49.9015,,,,,,
sludge waste composting,7.5844,22.6213,63.838,77.0,13.318,49.844,7.5265,1.9991,157.68,653.24,2.13058179253502,30.8129,53.1214395999999,14.4622,59.3754,,,,,,
sludge waste composting,7.7145,23.7198,58.45,0.0,17.619,58.45,7.7145,0.6712,362.26,96.22,1.48969637180752,35.3353,60.9180572,23.7198,38.6952,,,,,,
sludge waste composting,7.7145,23.7198,58.45,7.0,49.384,57.363,7.8318,1.4496,1158.57,47.85,1.34054430159559,33.9088,58.4587712000002,25.2948,25.7209,,,,,,
sludge waste composting,7.7145,23.7198,58.45,14.0,18.77,55.196,8.3156,1.6458,1281.48,51.0,1.75872445107148,32.672,56.326528,18.5771,47.8341,,,,,,
sludge waste composting,7.7145,23.7198,58.45,21.0,16.723,56.532,8.2438,1.5767,618.59,277.5,1.8548378548673,31.4983,54.3030692,16.9817,53.8151,,,,,,
sludge waste composting,7.7145,23.7198,58.45,28.0,19.126,56.117,7.8052,1.6616,440.47,651.81,1.79565034973073,31.2427,53.8624147999999,17.3991,37.9366,,,,,,
sludge waste composting,7.7145,23.7198,58.45,35.0,16.125,55.298,7.5678,1.6609,185.76,654.94,1.83884063719457,31.5249,54.3489276,17.1439,45.3231,,,,,,
sludge waste composting,7.7145,23.7198,58.45,42.0,17.888,53.94,7.5668,1.7201,150.49,699.34,1.86093303675256,31.2058,53.7987992,16.7689,50.214,,,,,,
sludge waste composting,7.7145,23.7198,58.45,49.0,14.256,52.582,7.5185,1.8735,155.99,688.74,1.89269442073501,31.488,54.2853120000001,16.6366,50.956,,,,,,
sludge waste composting,7.7145,23.7198,58.45,77.0,12.525,47.554,7.562,1.9049,127.07,742.59,2.0443329816949,30.8128,53.1212672000001,15.0723,84.2051,,,,,,
sludge waste composting,6.7815,25.12,55.657,1.0,31.875,55.657,6.7815,1.2,41.0,159.49,1.90234872611465,47.787,82.384788,25.12,0.982,,,,,,
sludge waste composting,6.7815,25.12,55.657,3.0,57.792,53.224,7.6765,2.65,78.4,139.7,2.11129995406523,45.963,79.2402120000001,21.77,6.332,,,,,,
sludge waste composting,6.7815,25.12,55.657,7.0,43.022,62.285,7.6546,1.75,115.7,70.26,1.55204186464621,48.343,83.3433320000002,31.148,9.869,,,,,,
sludge waste composting,6.7815,25.12,55.657,14.0,52.769,56.544,8.2099,2.3333,787.3,55.6,1.29529621287518,49.457,85.2638680000002,38.182,20.773,,,,,,
sludge waste composting,6.7815,25.12,55.657,21.0,49.561,54.504,7.6033,1.3167,320.9,75.76,1.61393094242861,45.947,79.2126280000002,28.469,45.429,,,,,,
sludge waste composting,6.7815,25.12,55.657,35.0,44.744,58.118,8.3026,1.15,134.3,175.76,2.37445777702665,42.149,72.6648760000001,17.751,73.707,,,,,,
sludge waste composting,6.7815,25.12,55.657,49.0,23.156,53.453,7.212,1.8167,320.9,400.05,2.66547239915074,40.174,69.2599759999999,15.072,76.503,,,,,,
sludge waste composting,6.7815,25.12,55.657,63.0,25.304,44.99,6.7492,1.9667,97.0,738.71,2.72047505307856,41.003,70.6891720000001,15.072,85.77,,,,,,
sludge waste composting,6.7815,25.12,55.657,84.0,28.826,40.33,6.1201,2.9167,134.3,1087.58,2.29666786098173,38.46,66.3050400000001,16.746,87.74,,,,,,
sludge waste composting,6.7815,25.12,55.657,120.0,31.308,39.286,6.0604,2.5,283.6,1456.93,1.82723365754354,40.391,69.6340839999999,22.105,92.501,,,,,,
sludge waste composting,6.8176,27.464,54.294,1.0,34.801,54.294,6.8176,3.8333,2578.4,189.36,3.4,32.507,56.042068,27.464,0.934,,,,,,
sludge waste composting,6.8176,27.464,54.294,3.0,50.561,49.328,7.2795,5.3,3455.2,1500.0,2.59801995757052,33.065,57.00406,17.081,28.809,,,,,,
sludge waste composting,6.8176,27.464,54.294,7.0,55.06,57.708,7.9288,5.3,5000.0,686.85,1.95482572856494,30.118,51.9234320000001,16.746,20.279,,,,,,
sludge waste composting,6.8176,27.464,54.294,14.0,69.946,50.213,7.9934,3.4,4518.7,378.8,1.68087901588439,28.148,48.527152,15.407,20.773,,,,,,
sludge waste composting,6.8176,27.464,54.294,21.0,34.773,42.913,8.1302,3.1167,1104.5,572.99,1.54089339031673,26.32,45.3756800000001,15.407,45.429,,,,,,
sludge waste composting,6.8176,27.464,54.294,35.0,30.776,35.52,7.2416,3.6833,3343.3,732.65,0.952810952519662,26.168,45.113632,15.072,73.707,,,,,,
sludge waste composting,6.8176,27.464,54.294,49.0,42.186,29.784,7.4863,4.7333,5000.0,390.11,1.75391454352442,26.435,45.5739400000001,14.737,76.503,,,,,,
sludge waste composting,6.8176,27.464,54.294,63.0,31.6,30.477,7.4854,4.5833,3007.5,206.64,1.66933568568908,24.601,42.4121239999999,14.402,81.725,,,,,,
sludge waste composting,6.8176,27.464,54.294,84.0,27.069,37.018,6.8347,3.6167,1179.1,570.45,1.65817247604499,23.881,41.1708439999999,12.727,80.458,,,,,,
sludge waste composting,6.8176,27.464,54.294,120.0,18.187,33.344,6.3419,3.05,1123.1,1500.0,1.32043876160187,20.344,35.073056,6.699,94.927,,,,,,
livestock manure compost,7.54785,15.719,60.98,0.0,22.031,60.98,7.54785,2.0282,673.2,454.77,1.74634,27.833,47.32503862504,15.719,19.412,,,,,,
livestock manure compost,7.54785,15.719,60.98,1.0,35.947,61.451,8.10766,2.7509,5000.0,630.81,1.71839,25.0,42.24827467796,14.261,21.898,,,,,,
livestock manure compost,7.54785,15.719,60.98,5.0,43.009,59.176,7.99282,3.0904,5000.0,645.48,1.59486,22.044,36.96204793752,13.443,36.426,,,,,,
livestock manure compost,7.54785,15.719,60.98,16.0,58.049,49.452,7.41866,3.1322,2610.5,729.83,1.43823,19.089,32.25592633668,13.009,57.554,,,,,,
livestock manure compost,7.54785,15.719,60.98,25.0,59.011,48.352,7.18421,3.0345,2903.8,748.17,1.34042,17.365,29.05474553784,12.573,75.571,,,,,,
livestock manure compost,7.54785,15.719,60.98,39.0,45.507,39.804,7.07895,3.0918,937.5,916.87,1.31248,17.365,28.91524163008,12.779,77.669,,,,,,
livestock manure compost,7.44258,24.026,56.47,0.0,25.462,56.47,7.44258,2.1791,697.2,388.75,1.38237,33.867,57.25890447288,24.026,23.305,,,,,,
livestock manure compost,7.44258,24.026,56.47,1.0,46.421,56.94,7.60048,2.3763,1735.6,476.77,1.31029,30.788,53.2883936564,23.59,21.121,,,,,,
livestock manure compost,7.44258,24.026,56.47,5.0,65.944,55.057,7.7488,2.8799,5000.0,579.46,1.27867,27.34,47.3841600846,21.495,34.876,,,,,,
livestock manure compost,7.44258,24.026,56.47,16.0,63.105,48.666,7.40431,3.192,3403.9,605.13,1.32059,24.384,41.25602923636,18.121,69.21,,,,,,
livestock manure compost,7.44258,24.026,56.47,25.0,62.623,40.705,7.21292,3.1383,1870.2,689.49,1.34411,22.414,37.7247590192,16.28,88.781,,,,,,
livestock manure compost,7.44258,24.026,56.47,39.0,49.66,28.626,7.20813,4.5921,1346.1,858.19,1.34924,21.921,38.34326360384,16.484,92.818,,,,,,
livestock manure compost,7.48086,33.865,57.45,0.0,24.379,57.45,7.48086,2.2751,408.7,363.08,1.04783,36.33,61.1757313258,33.865,22.528,,,,,,
livestock manure compost,7.48086,33.865,57.45,1.0,50.394,57.136,7.51435,2.4529,2913.4,403.42,1.00517,34.729,57.70947139016,33.302,25.008,,,,,,
livestock manure compost,7.48086,33.865,57.45,5.0,66.486,52.313,7.53828,3.0292,2846.1,498.78,1.05441,29.187,48.82800208524,26.861,37.989,,,,,,
livestock manure compost,7.48086,33.865,57.45,16.0,64.549,48.078,7.39474,3.3518,2370.2,546.45,1.17718,26.724,46.11132248872,22.721,71.538,,,,,,
livestock manure compost,7.48086,33.865,57.45,25.0,63.887,39.726,7.06459,3.4943,1052.9,572.13,1.21176,24.877,42.28495169184,20.241,83.736,,,,,,
livestock manure compost,7.48086,33.865,57.45,39.0,46.771,26.078,7.19856,4.6979,769.2,718.83,1.21321,24.877,41.42571543624,19.806,91.261,,,,,,
livestock manure compost,7.73,19.9947916666667,71.14,0.0,33.0,71.14,7.73,1.9928,2085.91,68.65,1.92,38.39,66.1843600000001,19.9947916666667,46.3379,,,,,,
livestock manure compost,7.73,19.9947916666667,71.14,2.0,67.87,63.02,7.87,2.7076,1932.27,39.47,1.72,36.46,62.8570400000001,21.1976744186047,34.6927,,,,,,
livestock manure compost,7.73,19.9947916666667,71.14,3.0,74.53,60.77,8.1,2.7211,2297.74,18.82,1.58,36.91,63.63284,23.3607594936709,31.1964,,,,,,
livestock manure compost,7.73,19.9947916666667,71.14,4.0,74.73,61.4,8.0,2.627,2360.85,23.18,1.48,36.32,62.6156799999999,24.5405405405405,27.6487,,,,,,
livestock manure compost,7.73,19.9947916666667,71.14,18.0,49.3,47.54,8.02,2.48819999999999,241.39,48.22,2.06,31.85,54.9094,15.4611650485437,75.2367,,,,,,
livestock manure compost,7.73,19.9947916666667,71.14,26.0,53.67,34.95,8.01,4.2559,667.53,94.56,1.99,32.01,55.18524,16.0854271356784,84.7314,,,,,,
livestock manure compost,7.73,19.9947916666667,71.14,28.0,42.02,31.85,8.12,4.0344,736.85,128.62,1.81,30.72,52.9612799999999,16.9723756906077,85.3629,,,,,,
livestock manure compost,7.73,19.9947916666667,71.14,43.0,20.57,29.98,8.16,3.0016,369.59,116.2,1.9,29.81,51.3924399999999,15.6894736842105,96.6302,,,,,,
livestock manure compost,7.65,18.7971698113208,62.03,0.0,35.5,62.03,7.65,2.1729,2014.77,66.19,2.12,39.85,68.7014000000002,18.7971698113208,38.3452,,,,,,
livestock manure compost,7.65,18.7971698113208,62.03,2.0,64.2,60.54,8.06,2.8255,2161.05,38.97,1.92,39.8,68.6152000000001,20.7291666666667,36.1058,,,,,,
livestock manure compost,7.65,18.7971698113208,62.03,3.0,72.52,60.63,8.32,2.65969999999999,2349.9,23.55,1.89,39.69,68.42556,21.0,37.2995,,,,,,
livestock manure compost,7.65,18.7971698113208,62.03,4.0,74.87,59.43,8.0,2.6897,2323.92,17.39,1.68,38.64,66.61536,23.0,35.2723,,,,,,
livestock manure compost,7.65,18.7971698113208,62.03,18.0,54.2,43.32,8.08,2.7119,213.14,48.77,2.33,36.67,63.21908,15.7381974248927,73.2352,,,,,,
livestock manure compost,7.65,18.7971698113208,62.03,26.0,57.95,32.91,8.13,4.5775,773.22,66.27,2.32,37.05,63.8742,15.9698275862069,80.4145,,,,,,
livestock manure compost,7.65,18.7971698113208,62.03,28.0,42.1,31.8,8.23,3.5723,905.42,83.74,2.3,34.34,59.20216,14.9304347826087,85.2513,,,,,,
livestock manure compost,7.65,18.7971698113208,62.03,43.0,21.07,29.45,8.17,2.8623,284.82,70.25,2.23,34.1,58.7884,15.2914798206278,92.4869,,,,,,
livestock manure compost,7.1082,25.9163,56.916,0.0,28.914,56.916,7.1082,1.98172,3273.5,225.98,1.75396,45.456153548,78.4375,25.9163,35.3508,,,,,,
livestock manure compost,7.1082,25.9163,56.916,3.0,46.077,54.7507,8.061,2.52611,4806.9,340.16,1.70233,40.47630041,69.375,23.777,28.2426,,,,,,
livestock manure compost,7.1082,25.9163,56.916,7.0,52.644,50.8793,9.2683,2.49086,4582.0,379.53,1.58814,37.27841022,63.8281,23.473,24.1911,,,,,,
livestock manure compost,7.1082,25.9163,56.916,10.0,55.018,43.9895,9.6724,2.36554,2974.9,493.7,1.91349,36.513981576,62.6562,19.0824,45.8612,,,,,,
livestock manure compost,7.1082,25.9163,56.916,14.0,41.95,42.1522,9.6447,2.31462,2351.6,556.69,2.07154,35.212244074,60.4687,16.9981,54.3525,,,,,,
livestock manure compost,7.1082,25.9163,56.916,17.0,36.208,42.6115,9.4367,2.22846,2291.3,911.02,2.14037,35.054123712,60.1563,16.3776,62.9555,,,,,,
livestock manure compost,7.1082,25.9163,56.916,21.0,32.565,42.3491,9.7045,2.25979,2148.4,1060.63,2.20942,35.049796996,59.4531,15.8638,65.4394,,,,,,
livestock manure compost,7.0554,26.0735,56.5879,0.0,28.914,56.5879,7.0554,2.06789,3648.4,241.73,1.81154,47.23318819,80.625,26.0735,35.659,,,,,,
livestock manure compost,7.0554,26.0735,56.5879,3.0,46.47,55.9318,7.6917,2.4752,5000.0,411.02,1.63951,42.502329338,73.2031,25.9238,32.7727,,,,,,
livestock manure compost,7.0554,26.0735,56.5879,7.0,50.289,52.9134,9.3316,2.54178,4980.5,438.58,1.68759,38.110676211,65.8594,22.5829,20.2739,,,,,,
livestock manure compost,7.0554,26.0735,56.5879,10.0,60.646,46.5486,9.5774,2.4282,3701.4,481.89,1.91348,36.915047508,63.5937,19.2921,39.8911,,,,,,
livestock manure compost,7.0554,26.0735,56.5879,14.0,44.568,42.2835,9.6764,2.38512,2925.8,537.01,2.09775,35.4385494,61.25,16.8936,51.9918,,,,,,
livestock manure compost,7.0554,26.0735,56.5879,17.0,39.219,43.8583,9.3839,2.29112,2783.5,989.76,2.21889,35.410821732,60.625,15.9588,63.4632,,,,,,
livestock manure compost,7.0554,26.0735,56.5879,21.0,32.434,43.5302,9.7678,2.22846,2500.0,1088.19,2.27224,35.333104776,60.4687,15.5499,66.2525,,,,,,
livestock manure compost,7.1821,26.178,55.6037,0.0,28.914,55.6037,7.1821,2.04439,3531.2,206.3,1.68062,43.99527036,74.8438,26.178,34.6059,,,,,,
livestock manure compost,7.1821,26.178,55.6037,3.0,47.255,55.0131,7.9873,2.54961,4619.4,328.35,1.59762,40.328881422,69.7656,25.2431,28.2556,,,,,,
livestock manure compost,7.1821,26.178,55.6037,7.0,54.608,50.5512,9.205,2.56136,4757.8,351.97,1.50436,36.886756764,62.8906,24.5199,22.2625,,,,,,
livestock manure compost,7.1821,26.178,55.6037,10.0,57.504,44.4488,9.5984,2.46345,3549.1,375.59,1.74596,34.962674404,59.8437,20.0249,43.6735,,,,,,
livestock manure compost,7.1821,26.178,55.6037,14.0,49.281,40.7087,9.6447,2.31462,3113.3,481.89,1.98777,34.3089102,58.75,17.26,57.4659,,,,,,
livestock manure compost,7.1821,26.178,55.6037,17.0,40.396,42.2835,9.4261,2.25587,2818.6,899.21,1.98855,33.712882425,58.0469,16.9535,64.2421,,,,,,
livestock manure compost,7.1821,26.178,55.6037,21.0,30.995,42.7428,9.7045,2.29896,2324.2,1044.88,2.09424,33.88061472,57.7344,16.178,65.255,,,,,,
livestock manure compost,7.0871,24.503,57.1785,0.0,28.521,57.1785,7.0871,1.89164,3472.6,229.92,1.78535,43.74643105,75.3125,24.503,37.0707,,,,,,
livestock manure compost,7.0871,24.503,57.1785,3.0,43.067,55.9974,7.9133,2.4047,4701.5,316.54,1.75469,42.272587728,72.1094,24.0912,27.8051,,,,,,
livestock manure compost,7.0871,24.503,57.1785,7.0,48.194,56.1942,8.4556,2.45561,5000.0,344.09,1.56196,38.544643116,65.625,24.6771,29.6374,,,,,,
livestock manure compost,7.0871,24.503,57.1785,10.0,57.112,53.7664,9.4297,2.27154,4275.6,407.09,1.85066,35.993856472,60.7813,19.4492,23.6463,,,,,,
livestock manure compost,7.0871,24.503,57.1785,14.0,51.899,45.6299,9.4337,2.25196,3253.9,501.57,2.00349,34.055723718,59.2187,16.9982,51.9529,,,,,,
livestock manure compost,7.0871,24.503,57.1785,17.0,37.255,44.9081,9.1622,2.18538,2924.1,875.59,2.0566,33.8979095,58.3594,16.4825,63.4178,,,,,,
livestock manure compost,7.0871,24.503,57.1785,21.0,32.173,45.8268,9.4302,2.15013,2582.1,985.83,2.14136,33.970749176,58.2812,15.8641,63.1021,,,,,,
livestock manure compost,7.5556,16.2085561497326,52.3431053604436,0.0,25.192,52.3431053604436,7.5556,2.234,563.08,1067.3,1.87,30.31,82.0055,16.2085561497326,49.717,,,,,,
livestock manure compost,7.5556,16.2085561497326,52.3431053604436,3.0,65.366,52.3431053604436,7.6363,4.14799999999999,696.7,1499.3,2.35,30.31,78.6685,12.8978723404255,22.939,,,,,,
livestock manure compost,7.5556,16.2085561497326,52.3431053604436,7.0,39.763,52.3431053604436,6.8724,3.85269999999999,781.76,1500.0,2.24,28.48,76.674,12.7142857142857,68.211,,,,,,
livestock manure compost,7.5556,16.2085561497326,52.3431053604436,18.0,28.346,52.3431053604436,8.0919,2.26879999999999,291.71,1149.5,2.39,26.07,71.9562,10.907949790795,84.24,,,,,,
livestock manure compost,7.3037,15.8190045248869,52.3431053604436,0.0,25.193,52.3431053604436,7.3037,2.18939999999999,540.01,923.1,2.21,34.96,82.6959,15.8190045248869,47.458,,,,,,
livestock manure compost,7.3037,15.8190045248869,52.3431053604436,3.0,63.635,52.3431053604436,7.5993,3.52879999999999,597.47,1500.0,1.93,29.9,79.3973,15.4922279792746,24.067,,,,,,
livestock manure compost,7.3037,15.8190045248869,52.3431053604436,7.0,35.917,52.3431053604436,6.7316,4.48999999999999,765.62,1500.0,2.54,28.94,76.4055,11.3937007874016,64.258,,,,,,
livestock manure compost,7.3037,15.8190045248869,52.3431053604436,18.0,26.039,52.3431053604436,8.277,2.4316,358.62,1070.2,2.95,27.67,72.6849,9.37966101694915,76.61,,,,,,
livestock manure compost,7.7408,20.5562659846547,52.3431053604436,0.0,23.27,52.3431053604436,7.7408,2.2406,454.62,894.3,1.564,32.15,78.7068,20.5562659846547,39.829,,,,,,
livestock manure compost,7.7408,20.5562659846547,52.3431053604436,3.0,42.289,52.3431053604436,7.5548,3.0413,426.7,1311.8,1.72,28.33,77.6712,16.4709302325581,18.419,,,,,,
livestock manure compost,7.7408,20.5562659846547,52.3431053604436,7.0,27.071,52.3431053604436,6.8427,2.6223,484.07,1500.0,1.74,26.87,74.411,15.4425287356322,41.659,,,,,,
livestock manure compost,7.7408,20.5562659846547,52.3431053604436,18.0,26.039,52.3431053604436,8.2177,2.2176,178.62,882.7,1.85,25.22,71.9562,13.6324324324324,54.859,,,,,,
livestock manure compost,8.76173,35.101,71.97,0.0,27.049,71.97,8.76173,2.3028,865.9,23.784,1.20841856357369,42.4167,73.1263908000002,35.101,36.891,,,,,,
livestock manure compost,8.76173,35.101,71.97,2.0,66.562,70.908,8.83086,2.4052,1076.78,32.157,1.26386947803366,41.599,71.7166759999998,32.914,41.563,,,,,,
livestock manure compost,8.76173,35.101,71.97,4.0,65.553,68.694,8.7963,2.3129,894.7,39.66,1.38841728637575,39.581,68.2376439999998,28.508,52.398,,,,,,
livestock manure compost,8.76173,35.101,71.97,6.0,64.022,66.095,8.72469,2.43459999999999,736.16,41.261,1.61247242421766,39.4701,68.0464523999998,24.478,56.345,,,,,,
livestock manure compost,8.76173,35.101,71.97,8.0,61.548,59.912,8.66296,2.51609999999999,704.69,41.474,1.68256468432305,38.5627,66.4820948,22.919,83.737,,,,,,
livestock manure compost,8.76173,35.101,71.97,10.0,60.122,56.119,8.58395,2.437,682.61,56.443,1.70546753650202,38.4293,66.2521132,22.533,94.452,,,,,,
livestock manure compost,8.76173,35.101,71.97,12.0,58.59,53.435,8.40123,2.3868,493.54,62.728,1.74411067554016,38.2623,65.9642052000001,21.938,94.17,,,,,,
livestock manure compost,8.76173,35.101,71.97,14.0,54.239,51.69,8.37654,2.5026,412.62,77.181,1.87929403564672,37.7475,65.07669,20.086,99.204,,,,,,
livestock manure compost,8.76173,35.101,71.97,17.0,51.679,48.71,8.32716,2.34209999999999,322.32,78.279,1.8990966529163,36.3696,62.7011904000001,19.151,100.351,,,,,,
livestock manure compost,8.75432,35.101,71.97,0.0,26.84,71.97,8.75432,2.3237,868.26,23.784,1.20841856357369,42.4167,73.1263908000002,35.101,36.891,,,,,,
livestock manure compost,8.75432,35.101,71.97,2.0,66.353,71.036,8.70494,2.3698,1281.45,33.893,1.25725195466392,41.4868,71.5232432000001,32.998,38.661,,,,,,
livestock manure compost,8.75432,35.101,71.97,4.0,70.252,69.505,8.67284,2.4758,878.23,40.355,1.33304793960982,40.7926,70.3264424000002,30.601,46.354,,,,,,
livestock manure compost,8.75432,35.101,71.97,6.0,66.841,67.162,8.63827,2.4495,865.56,58.276,1.419357571479,40.2104,69.3227296000001,28.33,50.06,,,,,,
livestock manure compost,8.75432,35.101,71.97,8.0,66.039,61.662,8.59136,2.4601,829.4,60.224,1.47601672649225,39.8864,68.7641536000001,27.023,72.013,,,,,,
livestock manure compost,8.75432,35.101,71.97,10.0,64.822,56.332,8.5642,2.4224,769.67,67.207,1.54916120474407,39.7081,68.4567644,25.632,80.191,,,,,,
livestock manure compost,8.75432,35.101,71.97,12.0,65.694,51.302,8.53704,2.4631,648.79,79.224,1.55276890938473,39.3953,67.9174972,25.371,81.964,,,,,,
livestock manure compost,8.75432,35.101,71.97,14.0,62.802,51.306,8.51481,2.5271,499.67,84.124,1.61103022825416,39.1722,67.5328727999998,24.315,83.736,,,,,,
livestock manure compost,8.75432,35.101,71.97,17.0,57.007,48.924,8.17407,2.3982,374.07,98.243,1.75566991774911,39.0619,67.3427155999999,22.249,90.684,,,,,,
livestock manure compost,8.75679,35.101,72.055,0.0,26.527,72.055,8.75679,2.3801,858.86,23.784,1.20841856357369,42.4167,73.1263908000002,35.101,36.891,,,,,,
livestock manure compost,8.75679,35.101,72.055,2.0,60.192,71.079,8.66296,2.23299999999999,987.37,42.575,1.30493203641352,41.857,72.1614680000001,32.076,40.474,,,,,,
livestock manure compost,8.75679,35.101,72.055,4.0,58.557,69.376,8.60864,2.385,770.01,44.175,1.42093653250774,40.3887,69.6301188,28.424,52.76,,,,,,
livestock manure compost,8.75679,35.101,72.055,6.0,59.216,66.949,8.57284,2.36509999999999,663.22,47.512,1.56907354270665,39.9188,68.8200111999998,25.441,56.104,,,,,,
livestock manure compost,8.75679,35.101,72.055,8.0,58.103,64.564,8.52963,2.33959999999999,638.8,56.057,1.64898483467308,39.7966,68.6093384000002,24.134,80.473,,,,,,
livestock manure compost,8.75679,35.101,72.055,10.0,56.78,61.368,8.51728,2.4029,621.46,58.004,1.68943562534765,39.4838,68.0700711999999,23.371,92.155,,,,,,
livestock manure compost,8.75679,35.101,72.055,12.0,54.725,55.654,8.40988,2.5205,477.03,60.301,1.74132639444889,39.1485,67.4920139999999,22.482,95.739,,,,,,
livestock manure compost,8.75679,35.101,72.055,14.0,51.001,53.013,8.36914,2.5572,386.72,63.117,1.84331027903649,38.645,66.62398,20.965,98.117,,,,,,
livestock manure compost,8.75679,35.101,72.055,17.0,49.903,51.612,8.2358,2.4654,336.41,77.932,1.92193528938907,38.2542,65.9502408000001,19.904,102.045,,,,,,
livestock manure compost,8.76667,35.101,72.055,0.0,22.349,72.055,8.76667,2.3801,865.88,23.784,1.20841856357369,42.4167,73.1263908000002,35.101,36.891,,,,,,
livestock manure compost,8.76667,35.101,72.055,2.0,42.228,71.505,8.6321,2.1331,1029.71,27.47,1.2550475504755,41.8345,72.1226779999997,33.333,44.098,,,,,,
livestock manure compost,8.76667,35.101,72.055,4.0,41.637,71.382,8.62593,2.19889999999999,817.05,28.377,1.52633567394291,39.9961,68.9532764,26.204,51.914,,,,,,
livestock manure compost,8.76667,35.101,72.055,6.0,45.431,68.869,8.56049,2.37799999999999,745.58,32.756,1.55511851126347,39.6944,68.4331456000001,25.525,56.586,,,,,,
livestock manure compost,8.76667,35.101,72.055,8.0,46.719,66.74,8.50864,2.24159999999999,431.76,45.642,1.62235206978849,39.4264,67.9711135999998,24.302,74.431,,,,,,
livestock manure compost,8.76667,35.101,72.055,10.0,47.172,62.947,8.50494,2.34469999999999,355.56,45.854,1.72784088378101,38.7883,66.8710291999998,22.449,85.388,,,,,,
livestock manure compost,8.76667,35.101,72.055,12.0,45.119,58.812,8.46049,2.4051,345.29,57.523,1.78007179675994,38.6774,66.6798376,21.728,86.557,,,,,,
livestock manure compost,8.76667,35.101,72.055,14.0,44.527,55.531,8.4358,2.4333,339.68,62.596,1.92139786021398,38.4318,66.2564232,20.002,91.713,,,,,,
livestock manure compost,8.76667,35.101,72.055,17.0,41.862,54.301,8.41358,2.4586,244.68,69.425,1.93620821248664,38.0523,65.6021651999999,19.653,95.156,,,,,,
livestock manure compost,8.75926,35.101,72.055,0.0,26.318,72.055,8.75926,2.3796,847.09,23.784,1.20841856357369,42.4167,73.1263908000002,35.101,36.891,,,,,,
livestock manure compost,8.75926,35.101,72.055,2.0,48.599,70.182,8.6642,2.1164,1196.73,38.406,1.27666757584023,42.1262,72.6255688000001,32.997,37.453,,,,,,
livestock manure compost,8.75926,35.101,72.055,4.0,45.606,69.206,8.58889,2.10059999999999,619.43,37.751,1.37365566037736,40.7701,70.2876524000001,29.68,48.289,,,,,,
livestock manure compost,8.75926,35.101,72.055,6.0,50.235,66.181,8.57037,2.2491,602.04,39.005,1.52246629298591,40.1992,69.3034207999999,26.404,51.389,,,,,,
livestock manure compost,8.75926,35.101,72.055,8.0,50.479,61.577,8.57037,2.31949999999999,537.57,52.411,1.54023015227246,39.7518,68.5321031999999,25.809,74.431,,,,,,
livestock manure compost,8.75926,35.101,72.055,10.0,49.783,57.058,8.54815,2.31859999999999,435.55,61.651,1.61106077302967,39.4726,68.0507623999999,24.501,73.546,,,,,,
livestock manure compost,8.75926,35.101,72.055,12.0,49.085,54.118,8.41728,2.38749999999999,429.96,63.772,1.63795514127585,39.3617,67.8595707999999,24.031,80.151,,,,,,
livestock manure compost,8.75926,35.101,72.055,14.0,46.406,49.855,8.34568,2.3857,370.24,77.18,1.70206311207835,39.1049,67.4168476000002,22.975,85.911,,,,,,
livestock manure compost,8.75926,35.101,72.055,17.0,43.012,49.564,8.28519,2.3714,291.75,85.744,1.75314845611039,39.0058,67.2459992000001,22.249,92.134,,,,,,
livestock manure compost,8.75926,35.101,72.055,0.0,26.421,72.055,8.75926,2.3913,832.95,23.784,1.20841856357369,42.4167,73.1263908000002,35.101,36.891,,,,,,
livestock manure compost,8.75926,35.101,72.055,2.0,45.257,70.78,8.72222,2.1205,973.25,23.477,1.31228047436978,40.4996,69.8213104000003,30.862,38.9,,,,,,
livestock manure compost,8.75926,35.101,72.055,4.0,46.439,69.376,8.74444,2.2348,687.63,24.557,1.41258743704533,40.3887,69.6301188000001,28.592,51.067,,,,,,
livestock manure compost,8.75926,35.101,72.055,6.0,52.845,67.845,8.95556,2.2252,646.76,32.582,1.55223040277176,39.4251,67.9688723999999,25.399,56.223,,,,,,
livestock manure compost,8.75926,35.101,72.055,8.0,53.404,65.972,8.80123,2.20389999999999,579.98,39.217,1.59303926360378,39.1123,67.4296052,24.552,76.848,,,,,,
livestock manure compost,8.75926,35.101,72.055,10.0,54.691,61.155,8.79259,2.41779999999999,409.67,46.548,1.71940709182088,38.7434,66.7936215999998,22.533,85.267,,,,,,
livestock manure compost,8.75926,35.101,72.055,12.0,52.847,55.185,8.65556,2.4756,387.59,53.356,1.73231603477637,38.6549,66.6410475999999,22.314,89.819,,,,,,
livestock manure compost,8.75926,35.101,72.055,14.0,50.061,52.16,8.4358,2.4499,306.72,63.638,1.81740078706557,38.3308,66.0822991999999,21.091,94.007,,,,,,
livestock manure compost,8.75926,35.101,72.055,17.0,46.145,51.527,8.41728,2.3402,239.96,71.162,1.86408461121247,37.8055,65.1766820000002,20.281,99.144,,,,,,
livestock manure compost,8.08083,29.2857,69.036,0.0,21.347,69.036,8.08083,1.50472,981.15,70.068,1.23097,36.049818129,62.149886454396,29.2857,33.9866,,,,,,
livestock manure compost,8.08083,29.2857,69.036,2.0,31.602,68.084,8.51102,1.77216,1247.23,132.653,1.25455,28.29135705,48.7742995542,22.551,26.4886,,,,,,
livestock manure compost,8.08083,29.2857,69.036,4.0,44.475,50.239,9.33701,1.68018,1585.37,264.626,1.02804,29.005428972,50.005359547728,28.2143,17.7098,,,,,,
livestock manure compost,8.08083,29.2857,69.036,7.0,50.906,47.802,8.93054,1.57082,243.9,63.265,1.4085,30.03837525,51.786158931,21.3265,38.371,,,,,,
livestock manure compost,8.08083,29.2857,69.036,14.0,51.216,42.952,8.95492,1.71361,177.38,66.667,1.50528,30.489596928,52.564065103872,20.2551,46.9156,,,,,,
livestock manure compost,8.08083,29.2857,69.036,26.0,28.052,41.628,9.10955,1.86801,188.47,68.707,1.63258,29.653040314,51.121841501336,18.1633,59.5601,,,,,,
livestock manure compost,8.08083,29.2857,69.036,30.0,25.751,37.334,9.17403,2.12386,205.1,78.231,1.76597,27.660917901,47.687422461324,15.6633,73.6065,,,,,,
livestock manure compost,8.08083,29.2857,69.036,45.0,23.423,28.214,9.03308,1.82899,182.93,99.02,1.88411,28.16556039,48.55742611236,14.949,77.3256,,,,,,
livestock manure compost,7.77523,26.1735,68.851,0.0,21.347,68.851,7.77523,1.49312,1097.56,36.735,1.06322,27.82818867,47.97579726708,26.1735,35.9067,,,,,,
livestock manure compost,7.77523,26.1735,68.851,2.0,33.785,69.198,8.49098,1.46782,881.37,83.673,1.21185,34.809785325,60.0120699003,28.7245,33.5162,,,,,,
livestock manure compost,7.77523,26.1735,68.851,4.0,38.254,55.437,9.50234,1.49757,1097.56,198.639,1.39404,34.851,60.083124,25.0,15.9344,,,,,,
livestock manure compost,7.77523,26.1735,68.851,7.0,46.323,45.946,8.8654,1.44038,188.47,242.857,1.42374,36.610477482,63.116463178968,25.7143,38.6283,,,,,,
livestock manure compost,7.77523,26.1735,68.851,14.0,47.724,43.137,9.0952,1.37449,177.38,74.83,1.52052,31.186169304,53.764955880096,20.5102,48.481,,,,,,
livestock manure compost,7.77523,26.1735,68.851,26.0,27.072,35.503,8.99432,1.61004,177.38,89.796,1.42823,27.617255041,47.612147690684,19.3367,47.6529,,,,,,
livestock manure compost,7.77523,26.1735,68.851,30.0,26.515,35.107,9.18404,1.96445,188.47,98.639,1.5738,26.33707086,45.40511016264,16.7347,60.3253,,,,,,
livestock manure compost,7.77523,26.1735,68.851,45.0,23.093,30.441,9.03808,1.82318,188.47,103.401,1.5425,25.81327475,44.502085669,16.7347,61.5441,,,,,,
livestock manure compost,7.82533,28.2143,66.252,0.0,21.347,66.252,7.82533,1.64966,1319.29,66.667,1.16996,33.009602428,56.908554585872,28.2143,27.6055,,,,,,
livestock manure compost,7.82533,28.2143,66.252,2.0,31.712,63.072,8.50101,1.4968,1984.48,91.837,1.50468,45.524243868,78.483796428432,30.2551,25.7625,,,,,,
livestock manure compost,7.82533,28.2143,66.252,4.0,46.439,58.964,9.34203,1.53816,1031.04,185.714,1.2812,33.20665408,57.24827163392,25.9184,17.8124,,,,,,
livestock manure compost,7.82533,28.2143,66.252,7.0,51.233,41.677,8.95057,1.40558,210.64,264.626,1.28038,32.07479938,55.29695413112,25.051,39.5779,,,,,,
livestock manure compost,7.82533,28.2143,66.252,14.0,51.542,43.509,9.03008,1.40638,138.58,63.265,1.42598,29.319859976,50.547438598624,20.5612,45.2918,,,,,,
livestock manure compost,7.82533,28.2143,66.252,26.0,27.29,34.945,8.93921,1.45642,144.12,73.469,1.55326,29.480253496,50.823957027104,18.9796,52.0062,,,,,,
livestock manure compost,7.82533,28.2143,66.252,30.0,24.66,32.323,9.14395,1.56733,155.21,74.15,1.57379,25.935429684,44.712680775216,16.4796,62.949,,,,,,
livestock manure compost,7.82533,28.2143,66.252,45.0,22.547,26.358,9.07315,1.43477,138.58,83.673,1.51809,24.010566867,41.394217278708,15.8163,62.0659,,,,,,
livestock manure compost,7.8153,23.1122,68.851,0.0,22.329,68.851,7.8153,1.53082,1003.33,101.361,1.61834,37.403397748,64.483457717552,23.1122,35.7724,,,,,,
livestock manure compost,7.8153,23.1122,68.851,2.0,34.44,70.868,8.56113,1.59535,964.52,105.442,1.44976,35.356456928,60.954531743872,24.3878,30.6086,,,,,,
livestock manure compost,7.8153,23.1122,68.851,4.0,40.764,57.479,9.33703,1.41641,1202.88,186.395,1.41539,35.52911978,61.25220250072,25.102,12.7383,,,,,,
livestock manure compost,7.8153,23.1122,68.851,7.0,47.632,44.833,8.75018,1.32445,232.82,97.279,1.44203,31.342089441,54.033762196284,21.7347,44.4709,,,,,,
livestock manure compost,7.8153,23.1122,68.851,14.0,51.325,40.724,9.21543,1.29912,194.01,87.755,1.41377,30.223009552,52.104468467648,21.3776,40.3432,,,,,,
livestock manure compost,7.8153,23.1122,68.851,26.0,27.507,33.646,8.94924,1.65931,199.56,98.639,1.50446,26.097717174,44.992464407976,17.3469,58.3144,,,,,,
livestock manure compost,7.8153,23.1122,68.851,30.0,25.751,29.167,9.12893,1.88618,205.1,104.082,1.56465,27.062029935,46.65493960794,17.2959,59.5497,,,,,,
livestock manure compost,7.8153,23.1122,68.851,45.0,22.438,25.244,9.06813,1.7913,188.47,103.401,1.48759,26.715926328,46.058256989472,17.9592,57.8848,,,,,,
livestock manure compost,8.29125,28.3163,66.438,0.0,21.347,66.438,8.29125,1.64966,1147.45,37.415,1.27368,36.065904984,62.177620192416,28.3163,30.3007,,,,,,
livestock manure compost,8.29125,28.3163,66.438,2.0,32.475,65.67,8.53608,1.49971,1330.38,81.633,1.1783,31.02051495,53.4793677738,26.3265,23.8196,,,,,,
livestock manure compost,8.29125,28.3163,66.438,4.0,41.528,56.737,9.32198,1.73816,1596.45,197.279,1.2507,29.92750002,51.59501003448,23.9286,15.4682,,,,,,
livestock manure compost,8.29125,28.3163,66.438,7.0,47.739,41.306,8.94056,1.40849,166.3,243.537,1.22547,29.136161985,50.23074326214,23.7755,44.2552,,,,,,
livestock manure compost,8.29125,28.3163,66.438,14.0,51.871,39.054,9.08016,1.49043,155.21,74.83,1.26738,26.058853656,44.925463702944,20.5612,44.7284,,,,,,
livestock manure compost,8.29125,28.3163,66.438,26.0,26.745,35.317,8.84403,1.63322,144.12,89.116,1.40991,26.687622426,46.009461062424,18.9286,49.5006,,,,,,
livestock manure compost,8.29125,28.3163,66.438,30.0,25.86,34.178,9.10387,1.88617,144.12,97.959,1.46095,25.7156419,44.3337666356,17.602,57.168,,,,,,
livestock manure compost,8.29125,28.3163,66.438,45.0,22.329,29.513,8.96293,1.70433,138.58,103.401,1.41743,25.889784179,44.633987924596,18.2653,56.2635,,,,,,
livestock manure compost,7.98564,25.5102,61.797,0.0,23.093,61.797,7.98564,1.43516,460.09,80.272,1.62138,41.361728076,71.307619203024,25.5102,51.2163,,,,,,
livestock manure compost,7.98564,25.5102,61.797,2.0,34.331,69.197,8.57616,1.45622,1191.8,82.313,1.37962,38.573071504,66.499975272896,27.9592,37.2033,,,,,,
livestock manure compost,7.98564,25.5102,61.797,4.0,45.236,57.294,9.332,1.56714,842.57,272.789,1.06464,35.252572608,60.775435176192,33.1122,14.3983,,,,,,
livestock manure compost,7.98564,25.5102,61.797,7.0,49.594,41.121,8.86542,1.34763,188.47,119.048,1.31698,31.849449226,54.908450465624,24.1837,34.0417,,,,,,
livestock manure compost,7.98564,25.5102,61.797,14.0,52.528,40.91,9.0952,1.43245,155.21,83.673,1.36498,30.503071562,52.587295372888,22.3469,36.4101,,,,,,
livestock manure compost,7.98564,25.5102,61.797,26.0,27.616,43.298,8.9843,1.58105,182.93,82.313,1.40992,25.536753024,44.025362213376,18.1122,49.0048,,,,,,
livestock manure compost,7.98564,25.5102,61.797,30.0,26.297,37.89,9.14395,1.90357,194.01,82.993,1.43657,25.359913867,43.720491506708,17.6531,55.3451,,,,,,
livestock manure compost,7.98564,25.5102,61.797,45.0,23.53,30.627,9.07316,1.86666,160.75,82.313,1.41439,25.401312888,43.791863418912,17.9592,56.8372,,,,,,
livestock manure compost,7.75519,24.1327,64.21,0.0,21.347,64.21,7.75519,1.40037,426.83,48.98,1.25233,30.222104191,52.102907625284,24.1327,38.4755,,,,,,
livestock manure compost,7.75519,24.1327,64.21,2.0,34.437,68.826,8.6463,1.48522,1175.17,161.905,1.04411,25.889647149,44.633751684876,24.7959,29.649,,,,,,
livestock manure compost,7.75519,24.1327,64.21,4.0,43.33,52.468,9.28189,1.47148,1147.45,116.327,0.8908,22.54267388,38.86356976912,25.3061,17.4305,,,,,,
livestock manure compost,7.75519,24.1327,64.21,7.0,48.944,43.162,8.97062,1.43167,194.01,220.408,1.17363,29.34075,50.583453,25.0,42.8029,,,,,,
livestock manure compost,7.75519,24.1327,64.21,14.0,50.343,44.994,9.12525,1.3281,144.12,74.15,1.45342,31.737896514,54.716133590136,21.8367,41.5597,,,,,,
livestock manure compost,7.75519,24.1327,64.21,26.0,26.524,38.472,9.13462,1.71439,166.3,63.946,1.62341,28.658219071,49.406769678404,17.6531,59.1183,,,,,,
livestock manure compost,7.75519,24.1327,64.21,30.0,25.86,36.778,9.09888,1.99921,149.67,64.626,1.76597,30.093541576,51.881265677024,17.0408,71.1651,,,,,,
livestock manure compost,7.75519,24.1327,64.21,45.0,22.441,30.07,9.16334,1.64926,149.67,61.905,1.70415,29.12699097,50.21493243228,17.0918,70.233,,,,,,
livestock manure compost,7.74811,20.5034783918085,68.59,0.0,36.184,68.59,7.74811,2.0705,1515.6,457.51,1.66025,34.0409,58.6865116000001,20.5034783918085,16.262,,,,,,
livestock manure compost,7.74811,20.5034783918085,68.59,2.0,52.895,66.054,7.50189,2.3365,2193.1,618.53,1.47896,32.0897,55.3226428,21.697476605182,17.271,,,,,,
livestock manure compost,7.74811,20.5034783918085,68.59,7.0,64.868,62.475,7.56981,3.0119,1737.6,555.91,1.36676,29.8799,51.5129475999999,21.8618484591296,29.132,,,,,,
livestock manure compost,7.74811,20.5034783918085,68.59,14.0,61.974,55.57,7.45094,3.2049,1047.4,581.47,1.65455,29.2233,50.3809692000001,17.6623855428969,35.946,,,,,,
livestock manure compost,7.74811,20.5034783918085,68.59,21.0,50.658,51.135,7.34623,3.4066,640.5,615.97,1.73144,28.0488,48.3561312,16.1996950515178,48.817,,,,,,
livestock manure compost,7.74811,20.5034783918085,68.59,28.0,42.105,48.409,7.34057,2.9518,500.6,638.98,1.79743,26.9394,46.4435256,14.9877324847143,64.968,,,,,,
livestock manure compost,7.74811,20.5034783918085,68.59,35.0,35.263,47.677,7.33491,2.9876,474.0,645.37,1.81248,25.9591,44.7534884000001,14.3224201094633,73.549,,,,,,
livestock manure compost,7.73396,20.0595391252835,68.21,0.0,36.711,68.21,7.73396,2.0401,1418.5,470.29,1.67117,33.5229,57.7934796,20.0595391252835,17.019,,,,,,
livestock manure compost,7.73396,20.0595391252835,68.21,2.0,55.0,65.768,7.55566,2.57979999999999,2678.7,635.14,1.51168,31.3133,53.9841292,20.7142384631668,17.271,,,,,,
livestock manure compost,7.73396,20.0595391252835,68.21,7.0,66.974,59.721,7.4566,3.419,2117.8,587.86,1.47584,29.1032,50.1739167999999,19.7197528187337,31.151,,,,,,
livestock manure compost,7.73396,20.0595391252835,68.21,14.0,64.079,52.342,7.40849,3.4012,1160.7,623.64,1.72364,28.1878,48.5957672,16.3536469332343,39.479,,,,,,
livestock manure compost,7.73396,20.0595391252835,68.21,21.0,51.053,47.147,7.31509,3.427,632.4,658.15,1.7569,26.3014,45.3436136,14.9703454949058,60.174,,,,,,
livestock manure compost,7.73396,20.0595391252835,68.21,28.0,41.316,45.18,7.34906,3.1867,533.0,683.71,1.91014,23.7032,40.8643168000001,12.4091427853456,75.568,,,,,,
livestock manure compost,7.73396,20.0595391252835,68.21,35.0,35.526,44.448,7.41132,2.9049,474.0,704.15,1.96883,23.4351,40.4021124000001,11.9030591772779,82.634,,,,,,
livestock manure compost,7.74811,20.2197248641712,67.166,0.0,35.921,67.166,7.74811,2.0106,1575.7,447.28,1.66754,33.7172,58.1284528000001,20.2197248641712,16.262,,,,,,
livestock manure compost,7.74811,20.2197248641712,67.166,2.0,55.395,64.344,7.51038,2.7605,2612.2,631.31,1.50444,30.7957,53.0917867999999,20.4698758341974,16.767,,,,,,
livestock manure compost,7.74811,20.2197248641712,67.166,7.0,66.316,59.056,7.51321,3.13829999999999,2090.4,591.69,1.46494,28.5854,49.2812296000001,19.5130175979904,31.656,,,,,,
livestock manure compost,7.74811,20.2197248641712,67.166,14.0,63.421,49.683,7.34623,3.42,1122.3,646.65,1.74546,26.7638,46.1407911999999,15.3333791665234,40.994,,,,,,
livestock manure compost,7.74811,20.2197248641712,67.166,21.0,50.526,45.344,7.34623,3.3052,649.4,667.09,1.85872,25.9775,44.78521,13.9760157527761,61.94,,,,,,
livestock manure compost,7.74811,20.2197248641712,67.166,28.0,39.737,44.042,7.35755,3.12049999999999,508.9,696.49,1.98286,23.2503,40.0835172,11.7256387238635,77.587,,,,,,
livestock manure compost,7.74811,20.2197248641712,67.166,35.0,35.132,44.354,7.4283,2.9498,474.3,709.27,2.01248,23.1114,39.8440536000002,11.4840395929401,84.401,,,,,,
livestock manure compost,7.76509,20.1032059200979,67.451,0.0,36.316,67.451,7.76509,2.0287,1543.2,458.79,1.66754,33.5229,57.7934796000001,20.1032059200979,17.019,,,,,,
livestock manure compost,7.76509,20.1032059200979,67.451,2.0,56.053,64.725,7.48208,2.85,2725.9,645.37,1.52987,30.2774,52.1982375999999,19.7908319007497,17.019,,,,,,
livestock manure compost,7.76509,20.1032059200979,67.451,7.0,68.289,59.34,7.34906,3.59049999999999,2325.8,609.58,1.50494,27.8732,48.0533968,18.5211370552979,31.656,,,,,,
livestock manure compost,7.76509,20.1032059200979,67.451,14.0,64.737,51.203,7.39151,3.6951,1236.0,663.26,1.82909,25.9225,44.69039,14.1723479981849,43.265,,,,,,
livestock manure compost,7.76509,20.1032059200979,67.451,21.0,49.342,45.914,7.36321,3.3404,697.9,682.43,2.04055,25.1363,43.3349811999999,12.3183945504888,64.211,,,,,,
livestock manure compost,7.76509,20.1032059200979,67.451,28.0,36.974,44.609,7.37453,3.15,541.5,733.55,2.08105,22.3441,38.5212283999999,10.7369356815069,80.868,,,,,,
livestock manure compost,7.76509,20.1032059200979,67.451,35.0,35.921,44.353,7.44811,3.12179999999999,498.6,746.33,2.11066,22.5939,38.9518836,10.7046611012669,85.41,,,,,,
livestock manure compost,7.1429,17.3422,55.135,0.0,15.05,55.135,7.1429,3.3532,1928.6,422.69,2.1167441270427,36.709,63.2863159999998,17.3422,50.1668,,,,,,
livestock manure compost,7.1429,17.3422,55.135,7.0,48.968,51.768,8.7738,3.1563,2255.1,263.34,1.90826971803973,35.3215,60.894266,18.5097,40.0651,,,,,,
livestock manure compost,7.1429,17.3422,55.135,14.0,22.214,45.293,8.4167,3.8894,2040.8,299.84,2.14101076010917,34.1245,58.830638,15.9385,74.1291,,,,,,
livestock manure compost,7.1429,17.3422,55.135,21.0,25.719,42.196,8.1786,3.6583,1836.7,624.95,2.25497542956808,34.003,58.6211720000001,15.0791,79.6625,,,,,,
livestock manure compost,7.1429,17.3422,55.135,28.0,16.232,34.774,8.2024,3.7685,1612.2,713.05,2.48616860402951,32.5524,56.1203376,13.0934,87.9703,,,,,,
livestock manure compost,7.1429,17.3422,55.135,35.0,17.043,35.056,7.9286,3.7934,1234.7,723.77,2.66324236218498,31.8617,54.9295708,11.9635,88.3885,,,,,,
livestock manure compost,7.1429,17.3422,55.135,42.0,17.218,34.932,7.8452,3.9207,1000.0,760.27,2.6539516371785,31.7402,54.7201048,11.9596,89.0069,,,,,,
livestock manure compost,7.1429,17.3422,55.135,49.0,15.338,31.023,7.869,4.0907,949.0,858.62,2.65991654702835,31.682,54.619768,11.9109,87.8764,,,,,,
livestock manure compost,7.1429,17.3422,55.135,77.0,15.192,27.69,8.0119,4.1732,969.4,947.94,2.55427528424167,31.7665,54.7654459999999,12.4366,85.3601,,,,,,
livestock manure compost,7.2976,19.0539,56.352,0.0,15.05,56.352,7.2976,3.3874,1927.5,402.06,1.96313615585261,37.4054,64.4869096000001,19.0539,49.0988,,,,,,
livestock manure compost,7.2976,19.0539,56.352,7.0,55.461,46.092,8.9048,3.0454,2357.1,237.52,1.79283546739694,36.3345,62.6406780000001,20.2665,42.7074,,,,,,
livestock manure compost,7.2976,19.0539,56.352,14.0,35.678,42.725,8.3333,3.7358,1938.8,284.34,1.86590839512451,35.9596,61.9943504000001,19.2719,76.1886,,,,,,
livestock manure compost,7.2976,19.0539,56.352,21.0,17.956,33.817,8.3452,3.6071,1816.3,583.83,1.99355622756691,35.269,60.803756,17.6915,82.5391,,,,,,
livestock manure compost,7.2976,19.0539,56.352,28.0,17.498,33.558,8.1548,3.5979,1612.2,754.28,2.13075682156285,33.9453,58.5216971999999,15.9311,84.7765,,,,,,
livestock manure compost,7.2976,19.0539,56.352,35.0,16.092,31.272,8.0238,3.6483,1061.2,831.98,2.55898654605389,33.3807,57.5483267999999,13.0445,87.9284,,,,,,
livestock manure compost,7.2976,19.0539,56.352,42.0,16.11,30.066,7.9524,3.7586,938.8,920.06,2.58208191919662,33.3228,57.4485072000001,12.9054,86.7423,,,,,,
livestock manure compost,7.2976,19.0539,56.352,49.0,14.703,27.24,7.9048,3.9115,857.1,992.67,2.5960548953707,32.4416,55.9293183999999,12.4965,84.1538,,,,,,
livestock manure compost,7.2976,19.0539,56.352,77.0,14.4,25.258,8.1548,4.0111,775.5,1143.83,2.48948965260373,32.0828,55.3107472000001,12.8873,85.6783,,,,,,
livestock manure compost,7.25,20.7981,56.351,0.0,15.208,56.351,7.25,3.2849,1927.1,391.76,1.85022670340079,38.4812,66.3415888,20.7981,45.7791,,,,,,
livestock manure compost,7.25,20.7981,56.351,7.0,52.453,47.715,8.9881,2.9771,2357.1,206.61,1.68732882045269,36.8408,63.5135391999999,21.8338,34.4245,,,,,,
livestock manure compost,7.25,20.7981,56.351,14.0,22.531,46.78,8.7381,3.2238,2030.6,279.2,1.74570874927157,36.8465,63.5233660000002,21.1069,46.3388,,,,,,
livestock manure compost,7.25,20.7981,56.351,21.0,18.273,41.385,8.6429,3.5644,1795.9,609.52,1.80110098860223,36.2187,62.4410387999999,20.1092,55.6263,,,,,,
livestock manure compost,7.25,20.7981,56.351,28.0,23.05,35.855,8.6667,3.4443,1622.4,780.02,2.00033922623053,35.9703,62.0127972,17.9821,67.5314,,,,,,
livestock manure compost,7.25,20.7981,56.351,35.0,21.166,34.381,8.5119,3.5119,979.6,960.87,2.50363857306478,35.8491,61.8038483999999,14.3188,83.1084,,,,,,
livestock manure compost,7.25,20.7981,56.351,42.0,22.451,31.418,8.2262,3.6221,949.0,1043.79,2.49097739415157,34.0823,58.7578852,13.6823,87.8724,,,,,,
livestock manure compost,7.25,20.7981,56.351,49.0,17.873,30.754,8.0476,3.6981,775.5,1033.9,2.43754384151339,33.0119,56.9125156,13.5431,88.2017,,,,,,
livestock manure compost,7.25,20.7981,56.351,77.0,18.043,26.744,8.2262,3.9514,632.7,1174.76,2.40565370504074,32.6529,56.2935996,13.5734,84.5092,,,,,,
livestock manure compost,7.47351,28.5117,59.739,0.0,18.963,59.739,7.47351,2.1269,1012.47,515.84,1.46,28.4587,71.765089368,28.5117,29.824,,,,,,
livestock manure compost,7.47351,28.5117,59.739,6.0,53.415,59.652,7.78968,2.6234,2245.87,496.38,1.42,27.6667,68.171194144,27.8468,37.8147,,,,,,
livestock manure compost,7.47351,28.5117,59.739,12.0,40.152,62.0,7.94273,2.2599,2204.62,318.88,1.25,28.4587,61.532146,28.5532,23.9441,,,,,,
livestock manure compost,7.47351,28.5117,59.739,18.0,37.8746504854368,52.957,8.5308,2.15529999999999,1219.74,219.18,1.13,26.6106,51.819992,26.6,38.9093,,,,,,
livestock manure compost,7.47351,28.5117,59.739,24.0,37.8746504854368,46.348,8.21618,2.56109999999999,1220.72,586.35,1.03,24.9208,44.356065024,24.9792,57.4176,,,,,,
livestock manure compost,7.47351,28.5117,59.739,36.0,37.8746504854368,45.304,8.32028,2.34409999999999,700.6,873.28,1.03,24.0759,42.511269516,23.9403,67.3909,,,,,,
livestock manure compost,7.47351,28.5117,59.739,48.0,37.8746504854368,43.565,8.35368,2.2953,405.83,734.68,1.03,22.7558,40.444864152,22.7766,71.3646,,,,,,
livestock manure compost,7.46806,29.4675,59.217,0.0,18.963,59.217,7.46806,2.2078,1005.42,593.65,1.44,29.5149,73.1548368,29.4675,31.6083,,,,,,
livestock manure compost,7.46806,29.4675,59.217,6.0,58.293,65.304,7.94194,2.4873,1964.17,391.82,1.3,28.3003,63.34146676,28.2623,24.3604,,,,,,
livestock manure compost,7.46806,29.4675,59.217,12.0,39.085,63.391,8.6551,1.8959,2134.18,255.65,1.18,28.6172,58.50907752,28.761,22.2985,,,,,,
livestock manure compost,7.46806,29.4675,59.217,18.0,37.8746504854368,55.217,8.44924,2.2976,1459.14,659.3,1.15,24.9736,49.52376192,24.9792,42.1801,,,,,,
livestock manure compost,7.46806,29.4675,59.217,24.0,37.8746504854368,51.043,8.28686,2.3333,1129.17,934.07,1.16,23.3894,46.713062656,23.3584,50.049,,,,,,
livestock manure compost,7.46806,29.4675,59.217,36.0,37.8746504854368,46.783,8.07556,2.4012,644.23,892.74,1.26,20.5908,44.330639472,20.4078,67.6624,,,,,,
livestock manure compost,7.46806,29.4675,59.217,48.0,37.8746504854368,42.174,7.90775,2.4946,370.63,892.74,1.28,20.2211,44.483944448,20.1584,81.9203,,,,,,
livestock manure compost,7.44632,30.4234,60.696,0.0,18.963,60.696,7.44632,2.0709,977.26,532.86,1.42,30.3597,74.478917072,30.4234,30.6491,,,,,,
livestock manure compost,7.44632,30.4234,60.696,6.0,49.604,62.522,7.54498,2.2774,1921.92,479.36,1.24,31.6271,67.792003792,31.7117,23.2188,,,,,,
livestock manure compost,7.44632,30.4234,60.696,12.0,41.829,64.348,8.39953,1.9131,1880.69,296.99,1.15,29.5677,58.91672594,29.7169,23.2772,,,,,,
livestock manure compost,7.44632,30.4234,60.696,18.0,37.8746504854368,57.913,7.90543,2.4175,1135.22,549.88,1.18,24.8152,50.47758216,24.813,36.0596,,,,,,
livestock manure compost,7.44632,30.4234,60.696,24.0,37.8746504854368,48.522,7.74849,2.416,889.74,897.6,1.21,22.2805,46.55936978,22.3195,63.3759,,,,,,
livestock manure compost,7.44632,30.4234,60.696,36.0,37.8746504854368,45.391,7.92329,2.4668,616.09,943.8,1.22,21.5941,45.283408072,21.5299,70.8671,,,,,,
livestock manure compost,7.44632,30.4234,60.696,48.0,37.8746504854368,42.174,7.80443,2.4954,370.62,836.81,1.26,20.4323,44.511152616,20.4909,82.5401,,,,,,
livestock manure compost,7.7973,17.7607,70.109,1.0,37.8746504854368,70.109,7.7973,2.09625,3448.5,510.013462749213,1.69677,30.0075,51.954158746836,17.7607,11.487,,,,,,
livestock manure compost,7.7973,17.7607,70.109,2.0,37.8746504854368,67.388,7.79736,2.31258,4286.1,510.013462749213,1.56244,29.0794,50.186406517984,18.6314,1.795,,,,,,
livestock manure compost,7.7973,17.7607,70.109,4.0,37.8746504854368,64.395,7.99609,2.49982,4170.1,510.013462749213,1.50934,28.796,49.929656666512,19.1882,17.949,,,,,,
livestock manure compost,7.7973,17.7607,70.109,6.0,37.8746504854368,58.408,7.89687,2.49219,3938.1,510.013462749213,1.49158,28.3916,49.281975030016,19.1648,11.487,,,,,,
livestock manure compost,7.7973,17.7607,70.109,8.0,37.8746504854368,59.361,7.70519,2.69387,3783.5,510.013462749213,1.548,27.3824,47.7282276432,17.8841,127.795,,,,,,
livestock manure compost,7.7973,17.7607,70.109,10.0,37.8746504854368,60.857,7.70528,2.60681,3719.1,510.013462749213,1.58323,27.7442,48.35425387606,17.7155,126.359,,,,,,
livestock manure compost,7.7973,17.7607,70.109,14.0,37.8746504854368,55.823,7.29795,3.08957,3139.2,510.013462749213,1.65371,27.8224,48.236572199968,16.9192,127.077,,,,,,
livestock manure compost,7.7973,17.7607,70.109,19.0,37.8746504854368,47.524,7.19545,3.48553,2597.9,510.013462749213,1.80186,25.2793,44.527854059088,14.3342,123.128,,,,,,
livestock manure compost,7.7973,17.7607,70.109,23.0,37.8746504854368,45.211,7.10661,3.59291,2701.0,510.013462749213,1.76632,25.2769,44.316164064608,14.5531,114.154,,,,,,
livestock manure compost,7.7973,17.7607,70.109,30.0,37.8746504854368,39.905,7.29874,3.6059,2353.1,510.013462749213,1.80836,23.8212,42.13765244224,13.516,132.462,,,,,,
livestock manure compost,7.7973,17.7607,70.109,37.0,37.8746504854368,36.503,7.19978,3.7849,2456.2,510.013462749213,1.87161,24.301,42.7612538691,13.2525,112.718,,,,,,
livestock manure compost,7.7973,17.7607,70.109,54.0,37.8746504854368,33.238,7.49515,3.19668,1966.5,510.013462749213,2.23821,25.0169,44.723575593216,11.5904,101.231,,,,,,
livestock manure compost,7.7973,17.7607,70.109,69.0,37.8746504854368,23.85,7.49932,4.38454,1953.6,510.013462749213,1.84169,22.5887,39.964015885008,12.5868,74.667,,,,,,
livestock manure compost,8.1021,14.8596,71.061,1.0,37.8746504854368,71.061,8.1021,2.10351,4273.2,510.013462749213,1.89112,27.6688,48.446618360448,14.8596,30.513,,,,,,
livestock manure compost,8.1021,14.8596,71.061,2.0,37.8746504854368,64.259,8.0953,2.39922,4144.3,510.013462749213,1.79566,30.8134,53.561181352328,17.3017,26.564,,,,,,
livestock manure compost,8.1021,14.8596,71.061,4.0,37.8746504854368,64.531,7.89335,2.29053,3886.6,510.013462749213,1.65422,29.7639,51.481767367032,18.0519,24.051,,,,,,
livestock manure compost,8.1021,14.8596,71.061,6.0,37.8746504854368,62.898,7.79756,2.49219,4337.6,510.013462749213,1.55164,29.5207,50.942953541104,19.0439,84.0,,,,,,
livestock manure compost,8.1021,14.8596,71.061,8.0,37.8746504854368,59.769,7.70176,2.6938,4105.7,510.013462749213,1.65048,27.2614,47.448357524256,16.6753,65.333,,,,,,
livestock manure compost,8.1021,14.8596,71.061,10.0,37.8746504854368,57.456,7.29433,2.61405,2881.4,510.013462749213,1.81998,27.2601,47.695977078624,15.2012,91.179,,,,,,
livestock manure compost,8.1021,14.8596,71.061,14.0,37.8746504854368,52.694,7.20207,2.80809,2804.1,510.013462749213,1.71024,27.5806,47.889670506048,16.2423,95.128,,,,,,
livestock manure compost,8.1021,14.8596,71.061,19.0,37.8746504854368,47.252,7.19888,3.39172,3061.9,510.013462749213,1.79832,25.1985,44.290318311744,14.2858,89.744,,,,,,
livestock manure compost,8.1021,14.8596,71.061,23.0,37.8746504854368,41.265,7.2984,3.48469,2842.8,510.013462749213,1.86879,25.3174,44.706257347752,13.8762,76.462,,,,,,
livestock manure compost,8.1021,14.8596,71.061,30.0,37.8746504854368,33.374,7.5008,3.59866,2623.7,510.013462749213,1.99563,24.3453,43.257668619984,12.5732,84.0,,,,,,
livestock manure compost,8.1021,14.8596,71.061,37.0,37.8746504854368,26.844,7.49773,3.9942,2391.8,510.013462749213,1.98114,25.3495,44.685819610488,13.0833,73.231,,,,,,
livestock manure compost,8.1021,14.8596,71.061,54.0,37.8746504854368,24.531,7.60132,3.99065,1966.5,510.013462749213,1.86719,22.5169,40.111436402492,12.4607,65.333,,,,,,
livestock manure compost,8.1021,14.8596,71.061,69.0,37.8746504854368,28.884,7.50275,4.29068,3229.4,510.013462749213,1.94063,23.5967,42.19194321932,12.611,70.718,,,,,,
livestock manure compost,7.40004,15.2949,74.054,1.0,37.8746504854368,74.054,7.40004,2.29109,3809.3,510.013462749213,2.15967,32.5882,56.947058841492,15.2949,0.718,,,,,,
livestock manure compost,7.40004,15.2949,74.054,2.0,37.8746504854368,69.429,7.29394,2.09606,5000.0,510.013462749213,1.86986,31.5794,54.761561397,16.9875,0.718,,,,,,
livestock manure compost,7.40004,15.2949,74.054,4.0,37.8746504854368,65.347,7.99951,2.09567,4788.7,510.013462749213,1.72489,29.7638,51.811847715388,17.4233,0.0,,,,,,
livestock manure compost,7.40004,15.2949,74.054,6.0,37.8746504854368,58.272,7.80097,2.29735,3951.0,510.013462749213,1.68944,28.1498,49.12964503808,16.868,6.821,,,,,,
livestock manure compost,7.40004,15.2949,74.054,8.0,37.8746504854368,61.401,7.80108,2.39071,4324.7,510.013462749213,1.81656,30.084,52.222861436832,16.6753,0.0,,,,,,
livestock manure compost,7.40004,15.2949,74.054,10.0,37.8746504854368,62.218,7.50323,2.29644,5000.0,510.013462749213,1.75286,30.3651,52.65865236732,17.4255,0.0,,,,,,
livestock manure compost,7.40004,15.2949,74.054,14.0,37.8746504854368,52.014,7.20548,2.49051,2546.4,510.013462749213,1.89397,28.1854,49.56090316398,15.1785,87.949,,,,,,
livestock manure compost,7.40004,15.2949,74.054,19.0,37.8746504854368,47.66,7.40779,2.87922,2907.2,510.013462749213,1.91848,27.9809,49.008612183552,14.8176,86.154,,,,,,
livestock manure compost,7.40004,15.2949,74.054,23.0,37.8746504854368,42.626,7.59636,2.98668,2610.8,510.013462749213,2.01013,27.4947,48.338719370644,13.9487,89.385,,,,,,
livestock manure compost,7.40004,15.2949,74.054,30.0,37.8746504854368,36.639,7.69943,3.10065,2314.4,510.013462749213,2.00271,26.0389,45.748249797204,13.2501,96.205,,,,,,
livestock manure compost,7.40004,15.2949,74.054,37.0,37.8746504854368,30.653,7.50458,3.4817,1747.4,510.013462749213,2.28857,23.9786,43.3215315864,10.98,99.795,,,,,,
livestock manure compost,7.40004,15.2949,74.054,54.0,37.8746504854368,31.061,7.80337,3.5865,1631.4,510.013462749213,1.91314,23.0816,41.01872791164,12.4365,84.718,,,,,,
livestock manure compost,7.40004,15.2949,74.054,69.0,37.8746504854368,22.082,7.80411,3.99472,1734.5,510.013462749213,2.14909,25.3709,44.9327653929,12.1275,65.333,,,,,,
livestock manure compost,7.10553,14.1102,72.422,1.0,37.8746504854368,72.422,7.10553,1.90134,5000.0,510.013462749213,2.29747,31.9431,55.888220298456,14.1102,0.359,,,,,,
livestock manure compost,7.10553,14.1102,72.422,2.0,37.8746504854368,71.197,7.89325,2.29092,5000.0,510.013462749213,2.17728,30.2891,53.328957728256,14.2073,0.718,,,,,,
livestock manure compost,7.10553,14.1102,72.422,4.0,37.8746504854368,69.02,7.9995,2.19672,5000.0,510.013462749213,2.1277,29.3606,51.49612479076,14.0387,0.0,,,,,,
livestock manure compost,7.10553,14.1102,72.422,6.0,37.8746504854368,65.755,7.90029,2.39835,5000.0,510.013462749213,2.03574,28.8757,50.630769838488,14.4263,0.359,,,,,,
livestock manure compost,7.10553,14.1102,72.422,8.0,37.8746504854368,63.442,8.1093,2.39791,4311.9,510.013462749213,1.85895,28.3097,49.95464354154,15.5873,0.359,,,,,,
livestock manure compost,7.10553,14.1102,72.422,10.0,37.8746504854368,62.082,7.69844,2.59959,3989.7,510.013462749213,2.02846,28.5508,50.454605277608,14.4277,0.0,,,,,,
livestock manure compost,7.10553,14.1102,72.422,14.0,37.8746504854368,60.313,7.90069,2.79364,3732.0,510.013462749213,1.82332,28.7499,50.143889843728,15.9521,25.487,,,,,,
livestock manure compost,7.10553,14.1102,72.422,19.0,37.8746504854368,51.469,7.59957,3.09578,3280.9,510.013462749213,1.97148,26.7309,47.240019413328,13.8989,49.179,,,,,,
livestock manure compost,7.10553,14.1102,72.422,23.0,37.8746504854368,47.524,7.79498,3.20317,3087.6,510.013462749213,2.06314,25.1156,44.797501013192,12.5947,68.205,,,,,,
livestock manure compost,7.10553,14.1102,72.422,30.0,37.8746504854368,40.585,8.00423,3.09343,2636.6,510.013462749213,2.14758,25.5148,45.208866359952,12.2106,56.0,,,,,,
livestock manure compost,7.10553,14.1102,72.422,37.0,37.8746504854368,29.156,7.80251,3.48175,2056.7,510.013462749213,2.225,24.5431,44.06566843,11.4877,73.231,,,,,,
livestock manure compost,7.10553,14.1102,72.422,54.0,37.8746504854368,28.476,7.79994,3.58643,2185.6,510.013462749213,2.10042,25.9847,46.084597716528,12.7266,24.769,,,,,,
livestock manure compost,7.10553,14.1102,72.422,69.0,37.8746504854368,23.034,7.49932,3.5905,2043.8,510.013462749213,2.25511,24.1612,43.107644507356,11.0879,35.897,,,,,,
livestock manure compost,8.4071,47.444,66.912,1.0,30.471,66.912,8.4071,2.4492,47.62,56.0,1.06264,50.41589216,84.725,47.444,1.011,,,,,,
livestock manure compost,8.4071,47.444,66.912,3.0,53.659,65.502,7.9867,2.6955,214.29,60.8,1.01868,47.65181304,81.315,46.778,1.011,,,,,,
livestock manure compost,8.4071,47.444,66.912,7.0,65.383,63.833,7.6327,3.0649,750.0,38.3,1.33956,46.73590884,75.706,34.889,5.728,,,,,,
livestock manure compost,8.4071,47.444,66.912,14.0,57.417,61.109,7.2898,3.3566,1234.13,49.1,1.59451,39.33177817,69.323,24.667,10.782,,,,,,
livestock manure compost,8.4071,47.444,66.912,21.0,40.149,58.386,8.1858,3.2629,1007.94,32.6,1.78352,39.43541072,67.886,22.111,13.14,,,,,,
livestock manure compost,8.4071,47.444,66.912,30.0,32.312,56.461,7.9425,3.5851,757.94,154.9,1.83626,37.54049944,65.568,20.444,30.323,,,,,,
livestock manure compost,8.4071,47.444,66.912,45.0,17.999,49.957,7.5996,3.7522,353.17,1389.7,1.93736,37.67002784,64.34,19.444,56.604,,,,,,
livestock manure compost,8.4071,47.444,66.912,60.0,12.45,46.629,7.6549,3.9654,238.1,1500.0,2.01209,36.88764597,63.663,18.333,63.679,,,,,,
livestock manure compost,8.4071,47.444,66.912,75.0,10.403,41.095,7.9978,4.5026,119.05,1500.0,2.26703,36.27248,62.656,16.0,77.83,,,,,,
livestock manure compost,8.4071,47.444,66.912,90.0,9.708,37.064,7.7655,4.7158,43.65,1500.0,2.33736,35.83874088,62.747,15.333,89.623,,,,,,
livestock manure compost,8.4292,47.667,67.353,1.0,34.254,67.353,8.4292,2.8038,43.65,56.2,1.04945,50.02413315,82.857,47.667,0.0,,,,,,
livestock manure compost,8.4292,47.667,67.353,3.0,56.524,65.767,8.2301,2.9577,47.62,60.3,1.00989,47.57692779,78.018,47.111,1.011,,,,,,
livestock manure compost,8.4292,47.667,67.353,7.0,71.876,65.333,7.5664,3.2191,384.92,0.0,1.31758,42.45506276,73.398,32.222,1.348,,,,,,
livestock manure compost,8.4292,47.667,67.353,14.0,56.343,61.728,6.9137,3.4646,873.02,22.3,1.58132,39.533,68.224,25.0,3.032,,,,,,
livestock manure compost,8.4292,47.667,67.353,21.0,46.449,60.416,7.3119,3.8642,1190.48,31.7,1.78791,38.54018796,66.677,21.556,5.054,,,,,,
livestock manure compost,8.4292,47.667,67.353,30.0,31.619,58.933,8.2854,4.279,714.29,16.8,1.9022,36.7752326,63.37,19.333,15.836,,,,,,
livestock manure compost,8.4292,47.667,67.353,45.0,29.324,52.869,8.1527,4.9548,456.35,1443.6,1.98132,35.88368652,61.813,18.111,31.334,,,,,,
livestock manure compost,8.4292,47.667,67.353,60.0,23.352,46.982,7.9646,5.2452,341.27,1500.0,2.07802,36.01832066,60.916,17.333,46.496,,,,,,
livestock manure compost,8.4292,47.667,67.353,75.0,22.739,41.007,7.8319,5.3,142.86,1500.0,2.17473,35.27847006,60.678,16.222,49.528,,,,,,
livestock manure compost,8.4292,47.667,67.353,90.0,18.469,35.916,7.8872,5.3,51.59,1500.0,2.35055,36.3018942,60.33,15.444,55.593,,,,,,
livestock manure compost,8.7279,48.111,67.706,1.0,34.254,67.706,8.7279,2.9888,27.78,1.4,1.03187,49.64429757,80.878,48.111,1.011,,,,,,
livestock manure compost,8.7279,48.111,67.706,3.0,47.64,66.209,7.4889,2.8651,31.75,0.0,0.97033,44.63518,77.579,46.0,1.011,,,,,,
livestock manure compost,8.7279,48.111,67.706,7.0,65.67,64.627,7.2788,3.2654,488.1,0.0,1.1989,41.5622663,71.09,34.667,11.119,,,,,,
livestock manure compost,8.7279,48.111,67.706,14.0,51.691,63.406,6.969,3.5879,765.87,21.6,1.60769,40.01379641,65.257,24.889,10.782,,,,,,
livestock manure compost,8.7279,48.111,67.706,21.0,45.041,62.271,7.5996,3.7409,1063.49,31.7,1.7967,36.3328674,62.612,20.222,10.445,,,,,,
livestock manure compost,8.7279,48.111,67.706,30.0,34.299,60.258,8.1195,4.0169,980.16,73.0,2.12637,36.14829,60.183,17.0,17.857,,,,,,
livestock manure compost,8.7279,48.111,67.706,45.0,32.288,55.254,7.9204,4.3535,630.95,1196.8,2.19231,33.61468923,59.835,15.333,25.606,,,,,,
livestock manure compost,8.7279,48.111,67.706,60.0,23.496,48.396,8.042,5.3,424.6,1500.0,2.20989,31.67435337,57.838,14.333,27.628,,,,,,
livestock manure compost,8.7279,48.111,67.706,75.0,23.587,44.099,7.854,5.3,150.79,1500.0,2.22308,29.64032564,56.832,13.333,30.323,,,,,,
livestock manure compost,8.7279,48.111,67.706,90.0,19.454,36.357,7.8429,5.3,47.62,1500.0,2.36374,31.51574542,56.043,13.333,42.453,,,,,,
livestock manure compost,8.7279,46.556,67.971,1.0,30.471,67.971,8.7279,2.8038,23.81,1.8,1.05385,49.0630406,79.559,46.556,0.0,,,,,,
livestock manure compost,8.7279,46.556,67.971,3.0,58.915,67.446,8.1748,2.788,39.68,4.6,1.00989,46.90333116,75.052,46.444,2.022,,,,,,
livestock manure compost,8.7279,46.556,67.971,7.0,60.663,66.135,7.6659,2.7873,500.0,38.1,1.38352,44.27264,68.343,32.0,9.771,,,,,,
livestock manure compost,8.7279,46.556,67.971,14.0,54.989,65.348,7.2456,2.9095,813.49,21.6,1.61209,36.36230204,62.4,22.556,10.108,,,,,,
livestock manure compost,8.7279,46.556,67.971,21.0,46.619,65.803,7.6991,3.2321,908.73,32.4,1.88901,35.89119,61.073,19.0,9.097,,,,,,
livestock manure compost,8.7279,46.556,67.971,30.0,33.525,62.906,7.854,4.2944,1055.56,73.0,2.03846,34.65382,59.304,17.0,9.771,,,,,,
livestock manure compost,8.7279,46.556,67.971,45.0,19.483,57.725,7.7434,4.8161,880.95,948.9,2.14396,33.11131824,57.307,15.444,21.563,,,,,,
livestock manure compost,8.7279,46.556,67.971,60.0,13.663,51.134,7.7876,5.3,480.16,1500.0,2.18791,32.09007597,55.421,14.667,25.943,,,,,,
livestock manure compost,8.7279,46.556,67.971,75.0,12.156,43.922,7.7765,5.3,174.6,1500.0,2.25824,30.61270144,53.425,13.556,27.291,,,,,,
livestock manure compost,8.7279,46.556,67.971,90.0,12.675,36.799,7.865,5.3,51.59,1500.0,2.35934,30.93330674,53.187,13.111,41.105,,,,,,
livestock manure compost,8.3407,47.333,66.47,1.0,30.763,66.47,8.3407,2.0946,190.48,1500.0,1.0011,47.3850663,86.812,47.333,0.0,,,,,,
livestock manure compost,8.3407,47.333,66.47,3.0,53.876,60.028,8.0973,2.3409,480.16,1500.0,1.00989,47.68902558,83.183,47.222,2.358,,,,,,
livestock manure compost,8.3407,47.333,66.47,7.0,65.086,58.27,8.1527,2.5098,865.08,1500.0,0.93516,45.51143172,78.124,48.667,19.205,,,,,,
livestock manure compost,8.3407,47.333,66.47,14.0,57.424,57.577,8.1084,2.7553,1567.46,1500.0,1.22527,42.74844503,73.5,34.889,19.879,,,,,,
livestock manure compost,8.3407,47.333,66.47,21.0,37.865,55.384,8.0531,2.9237,1273.81,1500.0,1.55055,41.86485,71.953,27.0,35.04,,,,,,
livestock manure compost,8.3407,47.333,66.47,30.0,22.552,53.811,7.9093,3.2922,563.49,1500.0,1.72198,40.75410066,70.403,23.667,66.038,,,,,,
livestock manure compost,8.3407,47.333,66.47,45.0,19.12,47.307,7.8429,3.5363,222.22,1500.0,1.89341,40.18194702,68.956,21.222,88.275,,,,,,
livestock manure compost,8.3407,47.333,66.47,60.0,12.295,45.306,7.8761,3.472,146.83,1500.0,1.95055,39.22751105,67.07,20.111,103.774,,,,,,
livestock manure compost,8.3407,47.333,66.47,75.0,10.056,36.946,7.8761,3.5466,103.17,1500.0,2.06484,38.54436828,66.062,18.667,107.143,,,,,,
livestock manure compost,8.3407,47.333,66.47,90.0,9.859,32.826,7.8872,3.729,47.62,1500.0,2.26264,37.96257392,64.835,16.778,113.208,,,,,,
livestock manure compost,8.8386,45.303,64.161,1.0,13.041,64.161,8.8386,1.8958,103.64,6.92,1.0653,48.2612859,83.568,45.303,1.526,,,,,,
livestock manure compost,8.8386,45.303,64.161,3.0,46.398,65.846,8.707,2.0732,422.55,85.88,0.8701,52.0,79.128,64.559,0.502,,,,,,
livestock manure compost,8.8386,45.303,64.161,7.0,64.301,58.598,8.8735,2.3481,741.46,110.12,0.6482,31.7605036,75.015,48.998,0.49,,,,,,
livestock manure compost,8.8386,45.303,64.161,14.0,42.652,52.594,8.71,2.8714,1578.59,31.87,1.2291,43.3651062,73.002,35.282,3.78,,,,,,
livestock manure compost,8.8386,45.303,64.161,21.0,26.404,51.457,8.7902,2.8803,1191.91,94.03,1.6751,42.0198835,70.769,25.085,5.796,,,,,,
livestock manure compost,8.8386,45.303,64.161,30.0,21.898,49.882,8.7041,3.2528,829.16,84.45,1.6696,39.3908728,67.974,23.593,4.498,,,,,,
livestock manure compost,8.8386,45.303,64.161,45.0,12.12,46.372,8.5732,3.5277,362.76,102.74,1.5169,36.5921787,63.836,24.123,12.348,,,,,,
livestock manure compost,8.8386,45.303,64.161,60.0,5.73,45.251,8.9284,2.6408,111.62,227.16,1.4786,36.2049996,62.247,24.486,22.743,,,,,,
livestock manure compost,8.8386,45.303,64.161,75.0,5.834,37.846,8.7978,2.1264,115.6,248.83,1.4944,35.8835328,61.322,24.012,44.34,,,,,,
livestock manure compost,8.8386,45.303,64.161,90.0,5.475,33.185,8.6425,2.153,95.67,301.36,1.49,35.81811,61.619,24.039,50.407,,,,,,
livestock manure compost,8.8502,44.968,63.364,1.0,11.611,63.364,8.8502,2.1175,75.74,65.14,0.9911,44.5677848,79.244,44.968,0.253,,,,,,
livestock manure compost,8.8502,44.968,63.364,3.0,48.756,63.015,9.0089,2.3126,677.68,133.82,0.715,46.159685,76.468,64.559,1.008,,,,,,
livestock manure compost,8.8502,44.968,63.364,7.0,62.94,58.774,8.9895,2.4989,920.84,164.91,0.6347,43.4249046,68.142,68.418,0.744,,,,,,
livestock manure compost,8.8502,44.968,63.364,14.0,21.036,56.134,8.9653,2.7827,1586.56,90.13,1.1887,37.9611345,64.245,31.935,1.997,,,,,,
livestock manure compost,8.8502,44.968,63.364,21.0,19.814,54.821,9.104,2.9601,1223.8,90.65,1.4054,35.7224572,63.119,25.418,2.994,,,,,,
livestock manure compost,8.8502,44.968,63.364,30.0,16.131,52.449,8.9605,3.0843,940.77,98.17,1.4202,34.219719,62.211,24.095,5.007,,,,,,
livestock manure compost,8.8502,44.968,63.364,45.0,7.064,45.31,9.084,2.9956,526.2,75.34,1.409,32.102656,55.632,22.784,9.547,,,,,,
livestock manure compost,8.8502,44.968,63.364,60.0,4.624,44.101,8.9867,2.7206,147.49,182.63,1.3572,28.460484,50.274,20.97,18.414,,,,,,
livestock manure compost,8.8502,44.968,63.364,75.0,4.65,41.563,9.0635,2.5787,67.77,187.2,1.4876,28.74787,49.904,19.325,31.355,,,,,,
livestock manure compost,8.8502,44.968,63.364,90.0,4.674,35.31,8.9323,2.1441,67.77,229.45,1.4832,27.4629312,48.868,18.516,48.625,,,,,,
livestock manure compost,8.9193,47.144,64.957,1.0,11.611,64.957,8.9193,1.7805,79.73,6.92,0.9978,47.0402832,76.916,47.144,0.0,,,,,,
livestock manure compost,8.9193,47.144,64.957,3.0,45.058,58.148,8.8691,1.7805,558.09,55.0,0.8364,52.0,73.696,75.775,1.517,,,,,,
livestock manure compost,8.9193,47.144,64.957,7.0,61.402,56.208,8.6879,1.9933,932.8,99.85,0.6347,31.0990306,68.253,48.998,1.0,,,,,,
livestock manure compost,8.9193,47.144,64.957,14.0,28.435,53.125,8.6868,2.5965,1538.72,35.33,1.0133,36.2599272,62.361,35.784,1.489,,,,,,
livestock manure compost,8.9193,47.144,64.957,21.0,24.439,52.608,8.5474,3.0931,1187.93,73.53,1.2166,30.9247554,54.581,25.419,1.723,,,,,,
livestock manure compost,8.9193,47.144,64.957,30.0,19.676,50.325,8.832,2.5787,681.66,74.18,1.3798,30.4756426,52.454,22.087,2.97,,,,,,
livestock manure compost,8.9193,47.144,64.957,45.0,5.368,46.814,8.5964,2.2594,179.38,123.26,1.2944,30.360152,51.863,23.455,4.711,,,,,,
livestock manure compost,8.9193,47.144,64.957,60.0,5.395,43.215,8.6271,2.1885,59.79,151.8,1.3235,29.7483095,52.269,22.477,10.778,,,,,,
livestock manure compost,8.9193,47.144,64.957,75.0,5.574,39.085,8.9017,2.286,91.69,149.5,1.3191,29.244447,50.902,22.17,13.282,,,,,,
livestock manure compost,8.9193,47.144,64.957,90.0,4.52,33.186,8.6544,2.6231,87.7,160.94,1.3484,29.2548864,50.753,21.696,19.347,,,,,,
livestock manure compost,9.1406,45.304,66.638,1.0,13.041,66.638,9.1406,1.6918,67.77,0.0,0.9776,44.2891904,74.254,45.304,0.0,,,,,,
livestock manure compost,9.1406,45.304,66.638,3.0,33.732,60.256,9.0313,1.5765,135.54,13.96,0.978,52.0,68.485,63.555,1.263,,,,,,
livestock manure compost,9.1406,45.304,66.638,7.0,65.072,59.837,8.9086,1.6297,657.74,34.78,0.7291,35.3577045,61.269,48.495,0.998,,,,,,
livestock manure compost,9.1406,45.304,66.638,14.0,36.626,56.487,8.873,1.8248,1630.41,11.35,0.9055,31.4941955,59.588,34.781,1.488,,,,,,
livestock manure compost,9.1406,45.304,66.638,21.0,27.332,54.466,8.8018,1.8426,952.73,1.61,0.9875,27.083175,58.795,27.426,3.759,,,,,,
livestock manure compost,9.1406,45.304,66.638,30.0,22.516,50.767,8.8909,1.9579,721.53,15.95,0.9753,23.0112282,57.665,23.594,3.734,,,,,,
livestock manure compost,9.1406,45.304,66.638,45.0,11.343,44.248,8.8403,2.0022,294.99,41.08,0.9573,20.3694294,54.413,21.278,4.456,,,,,,
livestock manure compost,9.1406,45.304,66.638,60.0,5.266,40.03,8.8597,2.8891,131.55,100.46,0.9259,20.5022037,47.169,22.143,5.431,,,,,,
livestock manure compost,9.1406,45.304,66.638,75.0,5.217,36.784,8.6919,2.7738,23.92,122.17,0.6719,13.3210894,47.354,19.826,5.898,,,,,,
livestock manure compost,9.1406,45.304,66.638,90.0,4.394,34.955,9.0721,2.357,43.85,143.83,0.5056,11.0,47.316,18.347,16.038,,,,,,
livestock manure compost,8.3505,45.303,66.374,1.0,30.763,66.374,8.3505,1.8958,215.26,205.55,0.9844,44.5962732,89.333,45.303,0.0,,,,,,
livestock manure compost,8.3505,45.303,66.374,3.0,53.876,60.448,8.0105,2.0643,486.33,366.67,0.9578,52.0,86.445,64.893,1.263,,,,,,
livestock manure compost,8.3505,45.303,66.374,7.0,65.086,58.776,8.1078,2.3659,884.97,438.91,0.7426,36.1371438,81.778,48.663,7.363,,,,,,
livestock manure compost,8.3505,45.303,66.374,14.0,57.424,57.815,8.0725,2.8625,1626.42,230.52,1.1751,44.4105543,76.772,37.793,19.563,,,,,,
livestock manure compost,8.3505,45.303,66.374,21.0,37.865,55.439,8.0134,2.9069,1283.6,323.51,1.5672,52.0,73.872,35.295,34.308,,,,,,
livestock manure compost,8.3505,45.303,66.374,30.0,22.552,54.13,7.858,3.2794,558.09,324.19,1.7303,52.0,70.637,34.307,65.852,,,,,,
livestock manure compost,8.3505,45.303,66.374,45.0,19.12,47.611,7.6331,3.5188,219.25,541.08,1.9146,52.0,68.937,33.332,87.959,,,,,,
livestock manure compost,8.3505,45.303,66.374,60.0,12.295,45.782,7.6525,3.4745,131.55,624.41,1.9775,52.0,67.125,29.007,103.955,,,,,,
livestock manure compost,8.3505,45.303,66.374,75.0,10.056,37.404,7.6141,3.5632,91.69,964.6,2.0809,52.0,66.311,41.59,108.239,,,,,,
livestock manure compost,8.3505,45.303,66.374,90.0,9.859,33.274,7.5862,3.7317,115.6,1109.6,2.2652,52.0,65.055,52.5,113.289,,,,,,
livestock manure compost,8.3651,45.715,65.614,1.0,39.371,65.614,8.3651,2.1796,85.97,171.82,1.0804,49.390486,88.777,45.715,1.073,,,,,,
livestock manure compost,8.3651,45.715,65.614,3.0,48.404,61.669,8.4984,2.0111,330.16,301.4,0.947,44.988182,83.875,47.506,3.219,,,,,,
livestock manure compost,8.3651,45.715,65.614,7.0,57.708,60.006,8.5369,2.3392,642.17,317.38,1.0872,45.836352,79.283,42.16,5.091,,,,,,
livestock manure compost,8.3651,45.715,65.614,14.0,58.517,57.82,8.7848,2.8271,1515.15,243.57,1.362,47.110218,76.011,34.589,9.376,,,,,,
livestock manure compost,8.3651,45.715,65.614,21.0,34.652,55.195,8.9946,3.1996,1116.59,386.52,1.6143,45.4134876,73.204,28.132,11.508,,,,,,
livestock manure compost,8.3651,45.715,65.614,29.0,21.978,52.836,8.9385,3.235,659.12,415.85,1.7723,43.173228,72.574,24.36,21.436,,,,,,
livestock manure compost,8.3651,45.715,65.614,45.0,18.067,49.166,8.2557,3.0931,183.28,453.3,1.9927,43.0582616,71.239,21.608,81.123,,,,,,
livestock manure compost,8.3651,45.715,65.614,60.0,11.191,44.971,7.8771,2.8271,128.22,599.12,2.0904,39.8785608,69.515,19.077,96.952,,,,,,
livestock manure compost,8.3651,45.715,65.614,75.0,11.056,37.09,7.8406,2.2594,159.13,898.25,2.216,39.637592,68.413,17.887,99.597,,,,,,
livestock manure compost,8.3651,45.715,65.614,90.0,9.438,31.93,7.8327,1.4257,0.02,1044.05,2.375,32.76075,66.533,13.794,104.126,,,,,,
livestock manure compost,8.3842,50.404,65.878,1.0,39.371,65.878,8.3842,1.9135,203.58,206.19,1.0247,51.6489788,91.733,50.404,0.0,,,,,,
livestock manure compost,8.3842,50.404,65.878,3.0,48.404,62.196,8.4319,2.5344,493.07,248.54,1.0084,47.6811856,85.975,47.284,5.447,,,,,,
livestock manure compost,8.3842,50.404,65.878,7.0,57.708,60.357,8.5274,2.5965,949.89,277.72,1.1764,48.6770792,80.06,41.378,7.246,,,,,,
livestock manure compost,8.3842,50.404,65.878,14.0,58.517,58.171,8.7087,3.1907,1691.62,264.74,1.3842,46.6420032,76.477,33.696,9.916,,,,,,
livestock manure compost,8.3842,50.404,65.878,21.0,34.652,56.335,9.0897,3.306,1392.62,354.79,1.6591,44.6380855,74.215,26.905,10.431,,,,,,
livestock manure compost,8.3842,50.404,65.878,29.0,21.978,53.713,8.929,3.2616,871.8,347.12,1.8169,42.6371923,72.73,23.467,18.206,,,,,,
livestock manure compost,8.3842,50.404,65.878,45.0,18.067,47.675,8.4933,3.0931,395.97,485.02,2.0709,42.2008002,72.406,20.378,62.019,,,,,,
livestock manure compost,8.3842,50.404,65.878,60.0,11.191,44.269,7.9151,2.3747,250.4,607.04,2.1742,39.2943166,71.304,18.073,82.422,,,,,,
livestock manure compost,8.3842,50.404,65.878,75.0,11.056,40.599,7.8311,1.8248,100.34,922.04,2.3498,39.9325012,69.812,16.994,93.139,,,,,,
livestock manure compost,8.3842,50.404,65.878,90.0,9.438,33.246,7.8042,1.4967,108.62,1007.04,2.4922,39.663363,68.011,15.915,96.323,,,,,,
livestock manure compost,8.3746,53.975,65.439,1.0,39.371,65.439,8.3746,1.9933,40.7,121.6,1.0581,52.0,92.121,53.975,1.073,,,,,,
livestock manure compost,8.3746,53.975,65.439,3.0,48.404,64.126,8.3178,2.3126,388.97,171.89,1.1479,52.0,83.72,45.386,10.753,,,,,,
livestock manure compost,8.3746,53.975,65.439,7.0,57.708,62.199,8.4418,2.4634,913.71,216.94,1.3719,51.1060188,78.738,37.252,16.123,,,,,,
livestock manure compost,8.3746,53.975,65.439,14.0,58.517,59.75,8.5756,2.8359,1786.64,254.16,1.4903,47.555473,75.777,31.91,10.992,,,,,,
livestock manure compost,8.3746,53.975,65.439,21.0,34.652,55.283,8.9946,3.3592,1492.17,328.37,1.7149,42.5020816,73.438,24.784,10.971,,,,,,
livestock manure compost,8.3746,53.975,65.439,29.0,21.978,54.064,8.9005,3.0754,1197.61,410.57,1.8895,41.599232,72.729,22.016,17.938,,,,,,
livestock manure compost,8.3746,53.975,65.439,45.0,18.067,46.974,8.4078,2.8182,613.16,529.96,2.1992,40.6456144,73.105,18.482,69.822,,,,,,
livestock manure compost,8.3746,53.975,65.439,60.0,11.191,41.813,7.9816,2.0998,214.21,636.13,2.3304,41.0756304,72.859,17.626,88.073,,,,,,
livestock manure compost,8.3746,53.975,65.439,75.0,11.056,39.108,7.8216,1.8337,150.11,900.88,2.5117,42.121209,72.379,16.77,95.561,,,,,,
livestock manure compost,8.3746,53.975,65.439,90.0,9.438,32.895,7.7471,1.5499,22.64,972.69,2.5982,41.6439496,71.122,16.028,100.628,,,,,,
livestock manure compost,8.2986,52.412,64.913,1.0,39.371,64.913,8.2986,1.9047,94.99,105.76,1.0079,52.0,93.366,52.412,0.536,,,,,,
livestock manure compost,8.2986,52.412,64.913,3.0,48.404,62.459,8.3464,2.4545,524.74,132.25,1.1367,52.0,85.664,45.834,2.414,,,,,,
livestock manure compost,8.2986,52.412,64.913,7.0,57.708,59.568,8.5463,2.5432,1090.13,235.45,1.3773,50.9986644,81.694,37.028,10.203,,,,,,
livestock manure compost,8.2986,52.412,64.913,14.0,58.517,58.347,8.8418,3.0665,1940.47,317.6,1.5684,50.3989656,75.232,32.134,11.797,,,,,,
livestock manure compost,8.2986,52.412,64.913,21.0,34.652,55.196,9.2323,3.0843,1668.61,415.6,1.7427,45.7197345,74.76,26.235,8.278,,,,,,
livestock manure compost,8.2986,52.412,64.913,29.0,21.978,51.169,9.1096,2.8359,1365.01,471.36,1.9676,44.8534096,74.13,22.796,25.473,,,,,,
livestock manure compost,8.2986,52.412,64.913,45.0,18.067,46.184,8.4934,1.9047,631.23,590.74,2.2997,42.7606218,73.805,18.594,66.324,,,,,,
livestock manure compost,8.2986,52.412,64.913,60.0,11.191,41.988,8.1052,1.7361,273.03,651.99,2.5089,44.783865,73.403,17.85,88.342,,,,,,
livestock manure compost,8.2986,52.412,64.913,75.0,11.056,37.441,7.8692,1.5942,150.09,861.24,2.6456,43.7820344,73.002,16.549,99.059,,,,,,
livestock manure compost,8.2986,52.412,64.913,90.0,9.438,32.193,7.8897,1.4701,27.18,985.92,2.7544,41.3765968,72.211,15.022,99.283,,,,,,
livestock manure compost,8.3841,46.721,66.58,1.0,39.371,66.58,8.3841,2.0998,135.73,208.83,1.0413,48.6505773,87.377,46.721,0.806,,,,,,
livestock manure compost,8.3841,46.721,66.58,3.0,48.404,60.353,8.0232,2.3481,520.22,364.84,0.9861,47.066553,85.975,47.73,2.143,,,,,,
livestock manure compost,8.3841,46.721,66.58,7.0,57.708,58.164,8.1091,2.5255,863.92,441.61,0.9254,45.2113424,81.927,48.856,8.589,,,,,,
livestock manure compost,8.3841,46.721,66.58,14.0,58.517,57.469,8.1004,2.7827,1569.45,259.43,1.2504,41.8533888,76.788,33.472,19.331,,,,,,
livestock manure compost,8.3841,46.721,66.58,21.0,34.652,54.669,8.0155,2.8891,1270.43,325.71,1.553,40.918444,73.826,26.348,33.57,,,,,,
livestock manure compost,8.3841,46.721,66.58,29.0,21.978,53.45,7.8834,3.2262,550.54,318.06,1.7221,40.796549,70.318,23.69,65.023,,,,,,
livestock manure compost,8.3841,46.721,66.58,45.0,18.067,47.5,7.7139,3.5011,228.54,500.89,1.8756,38.6411112,68.75,20.602,87.847,,,,,,
livestock manure compost,8.3841,46.721,66.58,60.0,11.191,44.006,7.7535,3.4479,150.84,583.27,1.962,36.338202,66.948,18.521,102.601,,,,,,
livestock manure compost,8.3841,46.721,66.58,75.0,11.056,40.249,7.7646,3.5632,86.75,956.39,2.0597,35.4618549,65.924,17.217,107.669,,,,,,
livestock manure compost,8.3841,46.721,66.58,90.0,9.438,33.596,7.7471,3.714,113.14,1096.92,2.269,32.562419,64.9,14.351,111.929,,,,,,
Composting kitchen waste,5.7345,26.7755,60.0,0.0,35.463,60.0,5.7345,1.7846,2515.0,325.49,1.80632,48.36512116,83.38146887984,26.7755,32.8821,,,,,,
Composting kitchen waste,5.7345,26.7755,60.0,3.0,41.866,56.8814,7.1327,2.4366,3449.1,302.42,1.92498,44.369634012,76.493249036688,23.0494,39.4615,,,,,,
Composting kitchen waste,5.7345,26.7755,60.0,6.0,59.134,53.0847,7.9646,3.0118,5000.0,243.4,1.83675,37.597721475,64.8184718229,20.4697,30.5469,,,,,,
Composting kitchen waste,5.7345,26.7755,60.0,9.0,53.119,49.4237,8.177,3.1566,1940.1,203.99,1.7855,33.478125,57.7162875,18.75,63.1219,,,,,,
Composting kitchen waste,5.7345,26.7755,60.0,12.0,38.955,45.2203,8.0177,3.5596,814.4,200.52,1.91893,32.679953579,56.340239970196,17.0303,79.4691,,,,,,
Composting kitchen waste,5.7345,26.7755,60.0,15.0,37.403,41.2881,7.5044,4.0488,263.5,309.81,2.12992,34.59416064,59.64033294336,16.242,87.21,,,,,,
Composting kitchen waste,5.7345,26.7755,60.0,20.0,28.478,32.4746,7.4159,3.7828,167.7,420.59,2.24149,34.800252995,59.99563616338,15.5255,94.5193,,,,,,
Composting kitchen waste,5.7345,26.7755,60.0,25.0,26.925,25.9661,7.3451,3.5742,167.7,497.05,2.24961,33.636618642,57.989530538808,14.9522,95.4555,,,,,,
Composting kitchen waste,6.1593,28.2086,57.8305,0.0,35.269,57.8305,6.1593,1.9569,2515.0,302.62,1.72506,48.661527516,83.892473437584,28.2086,33.3853,,,,,,
Composting kitchen waste,6.1593,28.2086,57.8305,3.0,46.91,54.3051,7.4159,2.7332,3880.2,312.23,1.79568,42.418630368,73.129718754432,23.6226,32.8398,,,,,,
Composting kitchen waste,6.1593,28.2086,57.8305,6.0,62.435,50.1017,8.0885,2.8492,5000.0,222.16,1.95867,36.444385089,62.830119893436,18.6067,32.0851,,,,,,
Composting kitchen waste,6.1593,28.2086,57.8305,9.0,53.896,44.678,8.3186,3.3479,2802.4,189.28,1.92958,32.861326274,56.652926496376,17.0303,64.3224,,,,,,
Composting kitchen waste,6.1593,28.2086,57.8305,12.0,37.015,42.1017,8.3186,4.0476,1173.7,246.27,2.09253,32.487574515,56.00857846386,15.5255,82.8707,,,,,,
Composting kitchen waste,6.1593,28.2086,57.8305,15.0,30.806,40.2034,7.8584,4.2402,766.5,365.37,2.2075,32.05797725,55.267952779,14.5223,85.9631,,,,,,
Composting kitchen waste,6.1593,28.2086,57.8305,20.0,30.03,33.6949,7.8053,4.0029,215.6,432.02,2.36707,33.01825943,56.92347925732,13.949,94.1411,,,,,,
Composting kitchen waste,6.1593,28.2086,57.8305,25.0,27.119,27.5932,7.646,3.7272,263.5,541.18,2.32719,31.128028002,53.664720275448,13.3758,94.2222,,,,,,
Composting kitchen waste,5.9292,26.9188,57.9661,0.0,34.104,57.9661,5.9292,1.9952,2203.6,322.22,1.77677,47.828516276,82.456362059824,26.9188,35.2207,,,,,,
Composting kitchen waste,5.9292,26.9188,57.9661,3.0,45.94,53.2203,7.2389,2.8193,3664.7,289.34,1.9656,44.46069264,76.65023411136,22.6194,40.424,,,,,,
Composting kitchen waste,5.9292,26.9188,57.9661,6.0,60.687,48.339,7.9646,3.0693,5000.0,267.91,1.88109,36.348678288,62.665121368512,19.3232,55.028,,,,,,
Composting kitchen waste,5.9292,26.9188,57.9661,9.0,52.149,43.5932,8.2301,3.3671,2634.7,246.47,1.74854,31.15635999,53.71356462276,17.8185,72.7975,,,,,,
Composting kitchen waste,5.9292,26.9188,57.9661,12.0,33.91,40.8814,8.2478,3.7893,1556.9,213.59,2.01867,30.617571624,52.784693479776,15.1672,88.3518,,,,,,
Composting kitchen waste,5.9292,26.9188,57.9661,15.0,32.164,38.7119,7.8761,4.1445,526.9,334.31,2.25182,32.37891978,55.82125770072,14.379,90.2884,,,,,,
Composting kitchen waste,5.9292,26.9188,57.9661,20.0,31.194,30.3051,7.8407,4.0985,239.5,430.4,2.32275,32.067189675,55.2838349997,13.8057,95.0149,,,,,,
Composting kitchen waste,5.9292,26.9188,57.9661,25.0,26.149,26.6441,7.6814,3.8708,263.5,488.89,2.35305,30.124922625,51.9353666055,12.8025,92.5264,,,,,,
Composting kitchen waste,5.65,26.8471,57.4237,0.0,32.164,57.4237,5.65,2.4163,2395.2,335.3,1.76569,47.403655999,81.723902942276,26.8471,37.1074,,,,,,
Composting kitchen waste,5.65,26.8471,57.4237,3.0,42.642,54.8475,6.8319,3.2308,4263.5,299.16,1.86218,43.322314174,74.687669635976,23.2643,38.3426,,,,,,
Composting kitchen waste,5.65,26.8471,57.4237,6.0,62.045,52.1356,7.646,3.5095,5000.0,233.59,1.89956,36.977974696,63.750028375904,19.4666,38.1081,,,,,,
Composting kitchen waste,5.65,26.8471,57.4237,9.0,52.925,47.5254,8.0354,3.7881,3281.4,212.15,1.8557,30.1402794,51.9618416856,16.242,66.9373,,,,,,
Composting kitchen waste,5.65,26.8471,57.4237,12.0,36.045,45.3559,7.8938,4.306,2155.7,220.13,2.11469,30.710162587,52.944320299988,14.5223,72.5405,,,,,,
Composting kitchen waste,5.65,26.8471,57.4237,15.0,32.164,43.0508,7.6991,4.6325,1413.2,308.18,2.33309,32.711554963,56.394720756212,14.0207,84.3982,,,,,,
Composting kitchen waste,5.65,26.8471,57.4237,20.0,28.672,31.5254,7.5221,4.5388,958.1,399.34,2.44465,32.17354972,55.46719971728,13.1608,92.7374,,,,,,
Composting kitchen waste,5.65,26.8471,57.4237,25.0,28.672,25.2881,7.4867,4.3302,694.6,487.25,2.40846,30.489176832,52.563340858368,12.6592,90.0993,,,,,,
Composting kitchen waste,5.79,30.21986971,74.62,0.0,31.4,74.62,5.79,4.88,339.0,280.3,1.662,40.811,86.5886300416265,30.21986971,22.47,,,,,,
Composting kitchen waste,5.79,30.21986971,74.62,5.0,66.4,69.52,5.98,4.35,1044.0,416.9,1.228,37.11,51.9854544993893,24.55535499,51.19,,,,,,
Composting kitchen waste,5.79,30.21986971,74.62,12.0,40.9,38.51,6.62,4.25,916.0,679.2,1.927,32.977,56.8523480119646,17.11312922,80.83,,,,,,
Composting kitchen waste,5.79,30.21986971,74.62,20.0,32.5,32.68,6.85,5.3,403.0,663.8,2.4,34.205,58.969419986208,14.25208333,99.58,,,,,,
Composting kitchen waste,5.79,30.21986971,74.62,25.0,37.1,35.35,6.65,3.88,675.0,544.8,2.655,31.865,54.9352600037928,12.00188324,76.97,,,,,,
Composting kitchen waste,5.79,30.21986971,74.62,30.0,33.4,20.85,7.09,3.25,589.0,643.9,2.638,32.75,56.4609999899663,12.41470811,80.03,,,,,,
Composting kitchen waste,6.05,25.2318314,75.13,0.0,27.6,75.13,6.05,5.3,951.0,323.5,1.376,34.719,59.8555560110336,25.2318314,13.45,,,,,,
Composting kitchen waste,6.05,25.2318314,75.13,5.0,67.9,59.39,6.43,4.25,1181.0,432.4,1.372,32.664,56.3127359883458,23.80758017,77.93,,,,,,
Composting kitchen waste,6.05,25.2318314,75.13,12.0,59.7,43.55,6.55,3.86,480.0,506.7,1.285,30.782,53.0681679928454,23.95486381,95.87,,,,,,
Composting kitchen waste,6.05,25.2318314,75.13,20.0,60.6,33.13,6.63,5.16,1531.0,597.7,1.638,29.63,51.0821200024481,18.08913309,96.19,,,,,,
Composting kitchen waste,6.05,25.2318314,75.13,25.0,43.8,25.06,6.73,4.33,271.0,553.7,1.785,25.737,44.3705879847426,14.41848739,86.12,,,,,,
Composting kitchen waste,6.05,25.2318314,75.13,30.0,32.2,20.04,7.39,3.45,156.0,434.8,2.078,22.5,38.7899999980691,10.82771896,87.3,,,,,,
Composting kitchen waste,6.28,21.21418827,70.39,0.0,16.6,70.39,6.28,4.98,955.0,203.6,2.199,46.65,80.4246000098785,21.21418827,28.93,,,,,,
Composting kitchen waste,6.28,21.21418827,70.39,5.0,54.8,67.7,6.23,5.3,1149.0,856.1,1.866,40.526,69.8668239935522,21.71811361,64.64,,,,,,
Composting kitchen waste,6.28,21.21418827,70.39,12.0,31.6,29.1,6.65,5.3,734.0,649.2,2.023,37.111,63.9793640169986,18.34453782,85.65,,,,,,
Composting kitchen waste,6.28,21.21418827,70.39,20.0,67.2,20.48,7.05,5.3,1470.0,898.7,2.4,32.443,55.931732013792,13.51791667,93.18,,,,,,
Composting kitchen waste,6.28,21.21418827,70.39,25.0,45.8,22.61,6.99,5.3,969.0,386.4,2.59,29.885,51.5217400062064,11.53861004,98.27,,,,,,
Composting kitchen waste,6.28,21.21418827,70.39,30.0,34.5,20.04,7.01,4.52,708.0,748.5,2.374,26.724,46.072175980105,11.25695029,87.01,,,,,,
Composting kitchen waste,5.88,25.8912037,75.23,0.0,25.0,75.23,5.88,5.3,1081.0,179.7,1.728,44.74,77.1317599889664,25.8912037,47.81,,,,,,
Composting kitchen waste,5.88,25.8912037,75.23,5.0,66.6,62.02,6.59,5.3,1141.0,543.1,1.411,35.935,61.9519400087407,25.46775337,54.78,,,,,,
Composting kitchen waste,5.88,25.8912037,75.23,12.0,66.7,70.59,6.98,5.3,1041.0,339.1,1.95,33.694,58.088456003448,17.27897436,89.68,,,,,,
Composting kitchen waste,5.88,25.8912037,75.23,20.0,50.7,32.01,7.34,5.3,554.0,916.9,1.797,32.969,56.83855601243,18.34668893,114.36,,,,,,
Composting kitchen waste,5.88,25.8912037,75.23,25.0,34.0,20.04,7.7,5.15,586.0,827.9,1.75,30.653,52.845772,17.516,97.02,,,,,,
Composting kitchen waste,5.88,25.8912037,75.23,30.0,30.3,20.04,7.7,4.91,589.0,778.7,1.71,26.376,45.472223989656,15.4245614,90.54,,,,,,
Composting kitchen waste,5.74,23.70598007,79.04,0.0,26.6,79.04,5.74,5.3,1441.0,277.8,1.806,42.813,73.8096120110681,23.70598007,26.74,,,,,,
Composting kitchen waste,5.74,23.70598007,79.04,5.0,68.8,67.62,6.0,3.13,1084.0,346.6,2.721,41.606,71.7287440102578,15.29070195,50.11,,,,,,
Composting kitchen waste,5.74,23.70598007,79.04,12.0,63.4,29.79,6.9,5.3,1466.0,206.2,2.987,37.906,65.3499439972071,12.69032474,97.53,,,,,,
Composting kitchen waste,5.74,23.70598007,79.04,20.0,57.6,34.46,7.12,5.3,262.0,530.4,3.06,33.733,58.1556920044824,11.02385621,105.32,,,,,,
Composting kitchen waste,5.74,23.70598007,79.04,25.0,59.7,32.01,7.19,5.3,196.0,354.7,2.983,30.913,53.2940119751054,10.36305732,87.96,,,,,,
Composting kitchen waste,5.74,23.70598007,79.04,30.0,34.4,20.04,7.37,3.89,248.0,534.8,2.405,27.589,47.5634359937074,11.47151767,117.98,,,,,,
Composting kitchen waste,6.22,25.68904404,73.28,0.0,18.9,73.28,6.22,5.3,442.0,175.4,1.862,47.833,82.4640920042755,25.68904404,42.37,,,,,,
Composting kitchen waste,6.22,25.68904404,73.28,5.0,56.8,66.51,6.81,5.3,822.0,388.7,2.347,44.701,77.0645239964313,19.04601619,42.14,,,,,,
Composting kitchen waste,6.22,25.68904404,73.28,12.0,67.2,45.79,5.98,5.3,561.0,593.2,2.459,39.66,68.3738399856563,16.12850752,77.45,,,,,,
Composting kitchen waste,6.22,25.68904404,73.28,20.0,63.6,21.72,6.25,5.3,257.0,624.3,2.617,36.543,63.0001319916041,13.96369889,84.83,,,,,,
Composting kitchen waste,6.22,25.68904404,73.28,25.0,50.4,29.17,6.14,5.01,114.0,575.7,2.067,32.846,56.6265040131024,15.8906628,82.83,,,,,,
Composting kitchen waste,6.22,25.68904404,73.28,30.0,33.7,20.04,6.47,4.31,95.0,586.8,1.988,28.481,49.10124399138,14.32645875,88.47,,,,,,
Composting kitchen waste,5.89,23.34650456,71.02,0.0,30.7,71.02,5.89,5.3,520.0,274.5,1.974,46.086,79.4522640024826,23.34650456,67.54,,,,,,
Composting kitchen waste,5.89,23.34650456,71.02,5.0,66.4,64.53,6.11,5.25,458.0,343.6,1.719,34.969,60.2865559988449,20.34264107,71.59,,,,,,
Composting kitchen waste,5.89,23.34650456,71.02,12.0,53.3,53.82,7.11,5.3,812.0,575.1,2.014,35.052,60.4296479848288,17.4041708,96.23,,,,,,
Composting kitchen waste,5.89,23.34650456,71.02,20.0,47.1,29.38,7.61,5.3,197.0,853.6,1.554,31.697,54.6456280079304,20.3970399,110.22,,,,,,
Composting kitchen waste,5.89,23.34650456,71.02,25.0,37.5,23.14,7.14,5.3,686.0,753.6,1.876,28.713,49.5012119993104,15.3054371,86.95,,,,,,
Composting kitchen waste,5.89,23.34650456,71.02,30.0,34.2,20.04,7.33,4.0,598.0,702.4,1.743,26.673,45.9842520009827,15.30292599,87.93,,,,,,
Composting kitchen waste,5.95,23.22417154,63.13,0.0,22.4,63.13,5.95,5.3,588.0,322.3,2.052,47.656,82.1589440001379,23.22417154,17.11,,,,,,
Composting kitchen waste,5.95,23.22417154,63.13,5.0,64.8,58.1,6.17,5.3,952.0,379.9,1.875,36.957,63.713868,19.7104,54.55,,,,,,
Composting kitchen waste,5.95,23.22417154,63.13,12.0,58.7,59.27,7.17,5.23,448.0,332.5,2.269,33.303,57.4143719956555,14.67739092,86.75,,,,,,
Composting kitchen waste,5.95,23.22417154,63.13,20.0,60.1,22.46,7.42,5.3,163.0,441.5,2.526,32.052,55.2576479803464,12.6888361,90.54,,,,,,
Composting kitchen waste,5.95,23.22417154,63.13,25.0,35.8,20.04,7.13,5.3,116.0,332.5,2.09,31.014,53.468136000862,14.83923445,144.17,,,,,,
Composting kitchen waste,5.95,23.22417154,63.13,30.0,28.1,20.04,7.25,4.25,128.0,344.9,2.596,29.62,51.0648800218603,11.40986133,106.06,,,,,,
Composting kitchen waste,5.65,26.21551724,73.14,0.0,28.8,73.14,5.65,5.3,633.0,253.4,1.74,45.615,78.6402599958624,26.21551724,21.04,,,,,,
Composting kitchen waste,5.65,26.21551724,73.14,5.0,62.2,68.86,5.98,5.3,583.0,381.5,1.561,38.754,66.8118960064478,24.82639334,58.19,,,,,,
Composting kitchen waste,5.65,26.21551724,73.14,12.0,58.6,49.21,6.98,5.3,555.0,224.4,2.127,36.917,63.6449079822256,17.35637047,77.64,,,,,,
Composting kitchen waste,5.65,26.21551724,73.14,20.0,43.7,21.6,7.22,5.3,200.0,763.8,1.93,34.879,60.1313960153436,18.07202073,96.09,,,,,,
Composting kitchen waste,5.65,26.21551724,73.14,25.0,37.3,21.39,7.45,5.3,617.0,762.1,2.5,34.14,58.85736,13.656,82.94,,,,,,
Composting kitchen waste,5.65,26.21551724,73.14,30.0,33.2,20.04,7.51,4.74,258.0,732.8,2.38,32.02,55.2024799893112,13.45378151,85.51,,,,,,
Composting kitchen waste,5.71,22.3655914,73.3,0.0,22.4,73.3,5.71,5.3,522.0,196.0,2.139,47.84,82.4761600079304,22.3655914,46.18,,,,,,
Composting kitchen waste,5.71,22.3655914,73.3,5.0,68.2,63.59,6.87,5.3,876.0,387.2,2.351,37.642,64.8948079846909,16.01105912,78.12,,,,,,
Composting kitchen waste,5.71,22.3655914,73.3,12.0,53.3,61.49,7.87,5.3,213.0,612.6,2.467,34.535,59.5383400080166,13.99878395,95.45,,,,,,
Composting kitchen waste,5.71,22.3655914,73.3,20.0,50.7,30.4,7.88,5.3,692.0,799.9,2.215,32.133,55.3972919898284,14.50699774,99.98,,,,,,
Composting kitchen waste,5.71,22.3655914,73.3,25.0,32.1,20.04,7.72,5.3,844.0,953.3,2.425,32.061,55.273164009051,13.22103093,99.12,,,,,,
Composting kitchen waste,5.71,22.3655914,73.3,30.0,32.1,24.23,7.24,4.72,150.0,717.8,2.084,28.305,48.7978199899318,13.58205374,113.12,,,,,,
Composting kitchen waste,7.0598,29.258,60.575,1.0,25.505,60.575,7.0598,0.73896,561.7,347.4142,0.29721,11.0,83.892,29.258,44.9645,,,,,,
Composting kitchen waste,7.0598,29.258,60.575,4.0,55.825,58.852,7.3663,0.81221,2385.7,325.4938,0.31581,11.0,81.873,30.215,46.8464,,,,,,
Composting kitchen waste,7.0598,29.258,60.575,7.0,57.904,56.935,8.6766,1.02035,3976.1,476.8103,0.3493,11.0,81.579,21.602,36.7017,,,,,,
Composting kitchen waste,7.0598,29.258,60.575,10.0,46.805,53.834,8.3292,1.17268,2041.3,464.2251,0.31085,11.0,79.089,20.918,52.0023,,,,,,
Composting kitchen waste,7.0598,29.258,60.575,13.0,38.445,43.055,8.1454,1.31569,1950.9,774.456099999999,0.31829,11.0,73.462,17.637,66.4303,,,,,,
Composting kitchen waste,7.0598,29.258,60.575,16.0,28.03,40.94,7.5881,1.31915,1953.8,1069.5184,0.29597,11.0,68.775,11.621,83.7669,,,,,,
Composting kitchen waste,7.0598,29.258,60.575,19.0,23.606,37.839,7.0074,1.34595,1840.0,327.458699999999,0.28729,11.0,67.54,7.793,88.0149,,,,,,
Composting kitchen waste,7.0598,29.258,60.575,22.0,20.379,37.299,6.9402,1.32614,1095.8,235.1989,0.27612,11.0,57.05,6.562,87.2319,,,,,,
Composting kitchen waste,7.0365,29.805,60.772,1.0,23.451,60.772,7.0365,0.79478,701.8,352.9873,0.30589,11.0,85.618,29.805,48.2472,,,,,,
Composting kitchen waste,7.0365,29.805,60.772,4.0,57.707,60.034,7.6697,0.91452,2035.5,351.5306,0.33194,11.0,83.756,29.121,42.6227,,,,,,
Composting kitchen waste,7.0365,29.805,60.772,7.0,58.246,55.753,8.6999,1.06221,4653.2,399.9634,0.36667,11.0,80.638,23.105,38.6584,,,,,,
Composting kitchen waste,7.0365,29.805,60.772,10.0,44.237,51.864,8.0957,1.20987,3582.2,684.2351,0.34062,11.0,75.01,20.098,46.9946,,,,,,
Composting kitchen waste,7.0365,29.805,60.772,13.0,31.22,45.616,7.7719,1.35288,1624.0,811.835399999999,0.33566,11.0,71.736,18.047,72.076,,,,,,
Composting kitchen waste,7.0365,29.805,60.772,16.0,25.463,41.923,7.4013,1.38428,1510.2,839.3314,0.30465,11.0,66.892,16.543,84.0724,,,,,,
Composting kitchen waste,7.0365,29.805,60.772,19.0,21.552,36.855,7.1941,1.36915,1302.9,632.198099999999,0.26744,11.0,62.99,11.621,89.7756,,,,,,
Composting kitchen waste,7.0365,29.805,60.772,22.0,20.037,35.331,7.1036,1.38662,1399.3,249.3063,0.21907,11.0,57.677,8.75,88.4115,,,,,,
Composting kitchen waste,7.2933,29.531,60.181,1.0,23.452,60.181,7.2933,0.69244,725.2,353.9346,0.30961,11.0,85.304,29.531,48.6498,,,,,,
Composting kitchen waste,7.2933,29.531,60.181,4.0,57.878,62.4,7.9733,0.85408,1405.2,411.5254,0.36047,11.92651042,84.697,33.086,33.0938,,,,,,
Composting kitchen waste,7.2933,29.531,60.181,7.0,60.128,59.494,8.7933,1.15055,4116.3,369.1504,0.34434,11.0,79.697,23.926,38.5183,,,,,,
Composting kitchen waste,7.2933,29.531,60.181,10.0,47.318,55.41,8.6328,1.21916,2788.4,412.3033,0.35426,11.0,73.912,21.328,47.1112,,,,,,
Composting kitchen waste,7.2933,29.531,60.181,13.0,32.112,51.521,7.9587,1.28778,1997.6,800.507499999999,0.29101,11.0,74.716,18.73,54.701,,,,,,
Composting kitchen waste,7.2933,29.531,60.181,16.0,26.49,43.892,7.5414,1.32847,1323.5,989.9212,0.28481,11.0,69.873,15.586,79.4569,,,,,,
Composting kitchen waste,7.2933,29.531,60.181,19.0,19.498,39.808,7.3108,1.33196,999.6,952.6446,0.27364,11.0,67.383,12.578,87.8938,,,,,,
Composting kitchen waste,7.2933,29.531,60.181,22.0,18.326,35.92,7.2671,1.3773,815.7,480.280999999999,0.26,11.0,56.578,10.801,89.0827,,,,,,
Composting kitchen waste,6.9766,29.961,60.625,1.0,24.016,60.625,6.9766,0.74414,695.0,353.8872,0.30786,11.0,83.634,29.961,49.3007,,,,,,
Composting kitchen waste,6.9766,29.961,60.625,4.0,59.161,62.773,8.7344,0.94766,4911.2,373.5137,0.38242,11.0,80.359,27.51,37.4141,,,,,,
Composting kitchen waste,6.9766,29.961,60.625,7.0,58.106,61.406,8.8516,1.10414,3938.2,376.1275,0.34988,11.0,76.773,24.105,35.8784,,,,,,
Composting kitchen waste,6.9766,29.961,60.625,10.0,45.728,51.836,8.2422,1.19001,2386.1,427.3981,0.32981,11.0,70.707,22.471,52.5818,,,,,,
Composting kitchen waste,6.9766,29.961,60.625,13.0,36.951,41.094,7.7734,1.30414,2015.4,724.191399999999,0.28731,11.0,69.913,19.339,80.6194,,,,,,
Composting kitchen waste,6.9766,29.961,60.625,16.0,30.406,36.406,7.0469,1.35237,1413.1,874.5527,0.26226,11.0,65.088,13.074,92.5491,,,,,,
Composting kitchen waste,6.9766,29.961,60.625,19.0,27.292,34.844,6.8359,1.4194,787.6,222.989099999999,0.25463,11.0,57.936,6.946,86.6833,,,,,,
Composting kitchen waste,6.9766,29.961,60.625,22.0,23.835,34.844,6.9297,1.41117,1343.6,177.133,0.24327,11.0,52.8,4.63,88.2153,,,,,,
Composting kitchen waste,7.2344,28.191,62.383,1.0,23.158,62.383,7.2344,0.69237,556.0,359.7326,0.32032,11.0,84.254,28.191,46.8313,,,,,,
Composting kitchen waste,7.2344,28.191,62.383,4.0,41.833,63.359,7.7031,0.94763,2200.8,358.2093,0.35004,11.0,77.258,28.327,43.5646,,,,,,
Composting kitchen waste,7.2344,28.191,62.383,7.0,57.249,55.547,8.3359,1.1559,5000.0,380.7599,0.2951,11.0,75.689,29.825,41.4938,,,,,,
Composting kitchen waste,7.2344,28.191,62.383,10.0,55.164,49.883,8.6172,1.33116,2687.3,323.6826,0.28249,11.0,69.932,27.782,41.3911,,,,,,
Composting kitchen waste,7.2344,28.191,62.383,13.0,42.27,45.781,7.8906,1.38881,1853.3,402.4424,0.24871,11.0,71.463,25.603,60.8829,,,,,,
Composting kitchen waste,7.2344,28.191,62.383,16.0,31.95,40.703,7.3984,1.41353,1575.3,582.332899999999,0.24109,11.0,66.793,20.428,84.026,,,,,,
Composting kitchen waste,7.2344,28.191,62.383,19.0,29.18,37.969,7.3047,1.40525,787.6,424.1274,0.19362,11.0,55.611,21.109,85.4103,,,,,,
Composting kitchen waste,7.2344,28.191,62.383,22.0,23.493,37.578,7.0938,1.38764,810.8,310.8454,0.16109,11.0,55.901,20.019,87.0895,,,,,,
Composting kitchen waste,7.0938,30.097,59.063,1.0,23.844,59.063,7.0938,0.7112,440.2,340.637,0.29665,11.0,83.014,30.097,46.3335,,,,,,
Composting kitchen waste,7.0938,30.097,59.063,4.0,45.779,61.406,7.7969,0.99472,1853.3,361.8701,0.31641,11.0,78.343,29.28,42.6241,,,,,,
Composting kitchen waste,7.0938,30.097,59.063,7.0,56.219,53.789,8.4531,1.0712,4471.0,391.4318,0.33993,11.0,78.479,25.739,43.1519,,,,,,
Composting kitchen waste,7.0938,30.097,59.063,10.0,50.188,50.664,8.5938,1.27,2223.9,356.3431,0.29494,11.0,73.653,29.28,40.8443,,,,,,
Composting kitchen waste,7.0938,30.097,59.063,13.0,50.163,44.414,8.1719,1.37473,903.5,357.859599999999,0.2649,11.0,66.502,28.599,55.3976,,,,,,
Composting kitchen waste,7.0938,30.097,59.063,16.0,34.524,41.094,7.8203,1.34295,880.3,428.1493,0.25603,11.0,59.196,22.335,75.5718,,,,,,
Composting kitchen waste,7.0938,30.097,59.063,19.0,30.038,38.555,7.2109,1.40999,718.1,262.1141,0.24342,11.0,55.456,16.751,90.3549,,,,,,
Composting kitchen waste,7.0938,30.097,59.063,22.0,23.492,33.672,6.9063,1.42531,973.0,354.4825,0.20093,11.0,54.041,14.572,95.2546,,,,,,
Composting kitchen waste,7.686,19.7357710064635,67.805,1.0,30.165,67.805,7.686,2.6778,2299.7,44.32,2.46,32.7162721893491,87.143,19.7357710064635,50.571,,,,,,
Composting kitchen waste,7.686,19.7357710064635,67.805,3.0,47.159,70.549,6.0235,4.1306,3464.5,8.21,2.5422,32.7162721893491,80.238,19.7357710064635,47.332,,,,,,
Composting kitchen waste,7.686,19.7357710064635,67.805,5.0,52.945,68.262,5.65,4.9223,5000.0,69.58,2.6297,32.7162721893491,76.19,19.7357710064635,45.772,,,,,,
Composting kitchen waste,7.686,19.7357710064635,67.805,7.0,47.027,66.28,6.1686,4.4744,5000.0,104.34,2.5009,32.7162721893491,74.643,19.7357710064635,51.653,,,,,,
Composting kitchen waste,7.686,19.7357710064635,67.805,9.0,43.747,64.756,7.1305,3.3653,5000.0,108.1,2.4051,32.7162721893491,72.143,19.7357710064635,62.399,,,,,,
Composting kitchen waste,7.686,19.7357710064635,67.805,11.0,37.665,62.774,7.5743,3.0826,5000.0,196.04,2.4001,32.7162721893491,70.238,19.7357710064635,71.285,,,,,,
Composting kitchen waste,7.686,19.7357710064635,67.805,13.0,37.681,60.488,7.7454,2.0066,5000.0,339.37,2.3863,32.7162721893491,69.405,19.7357710064635,84.601,,,,,,
Composting kitchen waste,7.686,19.7357710064635,67.805,15.0,35.061,58.506,7.8917,2.0876,5000.0,480.5,2.2866,32.7162721893491,68.69,19.7357710064635,83.225,,,,,,
Composting kitchen waste,7.686,19.7357710064635,67.805,17.0,34.252,57.591,7.8148,1.9537,5000.0,566.23,2.2388,32.7162721893491,67.976,19.7357710064635,84.515,,,,,,
Composting kitchen waste,7.686,19.7357710064635,67.805,19.0,35.093,56.524,8.0851,3.1586,5000.0,658.59,2.2,32.7162721893491,68.095,19.7357710064635,89.692,,,,,,
Composting kitchen waste,7.686,19.7357710064635,67.805,21.0,34.45,55.762,7.9586,2.843,5000.0,638.02,2.1771,32.7162721893491,66.19,19.7357710064635,97.714,,,,,,
Composting kitchen waste,6.2436,23.4545,64.8892,0.0,27.127,64.8892,6.2436,2.26279,494.97,400.4,1.8111,42.47844495,68.6895,23.4545,60.774,,,,,,
Composting kitchen waste,6.2436,23.4545,64.8892,4.0,50.686,58.1953,8.0527,2.91739,1269.16,624.85,1.8141,36.22993533,60.7333,19.9713,58.75,,,,,,
Composting kitchen waste,6.2436,23.4545,64.8892,9.0,33.562,54.08775,8.6699,2.64903,930.47,803.77,1.8448,33.25934576,57.6838,18.0287,68.2,,,,,,
Composting kitchen waste,6.2436,23.4545,64.8892,15.0,27.348,50.6679,8.4028,2.32317,779.53,1269.08,1.9354,32.5592342,55.8743,16.823,80.197,,,,,,
Composting kitchen waste,6.2436,23.4545,64.8892,21.0,23.945,49.3773,8.5716,2.21527,609.4,1500.0,1.9611,31.67784441,54.9445,16.1531,88.731,,,,,,
Composting kitchen waste,6.2436,23.4545,64.8892,27.0,21.319,48.4825,8.3041,2.11999,477.66,1500.0,1.9211,30.06655977,54.097,15.6507,91.071,,,,,,
Composting kitchen waste,6.2436,23.4545,64.8892,32.0,19.158,47.2609,8.2298,1.98664,434.38,1500.0,1.9285,29.5365203,52.7924,15.3158,87.401,,,,,,
Composting kitchen waste,6.4231,23.4545,64.037,0.0,27.127,64.037,6.4231,2.17307,494.97,400.4,1.8122,42.5042449,68.5438,23.4545,59.864,,,,,,
Composting kitchen waste,6.4231,23.4545,64.037,4.0,56.608,55.9498,8.2194,3.28919,1461.0,607.65,1.80079999999999,35.2405755199998,57.9452,19.5694,53.647,,,,,,
Composting kitchen waste,6.4231,23.4545,64.037,9.0,36.992,50.17725,8.6891,2.604165,972.63,712.22,1.9259,31.8832745,55.2995,16.555,76.947,,,,,,
Composting kitchen waste,6.4231,23.4545,64.037,15.0,29.843,46.2543,8.3003,1.91294,714.28,1400.59,1.9182,29.44302726,52.4258,15.3493,88.033,,,,,,
Composting kitchen waste,6.4231,23.4545,64.037,21.0,27.375,45.3505,8.469,1.80501,521.2,1500.0,1.95339999999999,29.0673733599999,51.4232,14.8804,81.989,,,,,,
Composting kitchen waste,6.4231,23.4545,64.037,27.0,23.657,44.3004,8.3041,1.7482,404.79,1500.0,1.9106,27.91845144,50.2811,14.6124,94.715,,,,,,
Composting kitchen waste,6.4231,23.4545,64.037,32.0,21.652,42.8459,8.063,1.65973,376.89,1500.0,1.88719999999999,27.1973827999999,48.4619,14.4115,101.068,,,,,,
Composting kitchen waste,6.3076,23.4545,64.1145,0.0,27.127,64.1145,6.3076,2.07692,494.97,400.4,1.812,42.499554,68.5438,23.4545,59.864,,,,,,
Composting kitchen waste,6.3076,23.4545,64.1145,4.0,46.632,52.7755,8.322,2.48788,1180.92,670.6,1.7899,36.22614408,60.9524,20.2392,63.487,,,,,,
Composting kitchen waste,6.3076,23.4545,64.1145,9.0,31.535,46.6536,8.75965,2.350975,861.37,900.96,1.84829999999999,33.4462823099998,58.12355,18.0957,81.503,,,,,,
Composting kitchen waste,6.3076,23.4545,64.1145,15.0,24.386,42.9244,8.5951,2.21424,737.33,1297.62,1.9454,32.0105843,55.1396,16.4545,86.029,,,,,,
Composting kitchen waste,6.3076,23.4545,64.1145,21.0,22.228,41.8657,8.3153,2.17042,574.87,1500.0,1.9217,30.01157324,54.2852,15.6172,93.47,,,,,,
Composting kitchen waste,6.3076,23.4545,64.1145,27.0,17.578,40.739,8.1118,2.13282,431.69,1500.0,1.937,29.4720361,52.628,15.2153,105.285,,,,,,
Composting kitchen waste,6.3076,23.4545,64.1145,32.0,16.508,39.8272,8.0887,2.05073,384.55,1500.0,1.939,29.2426407,50.8119,15.0813,94.326,,,,,,
Composting kitchen waste,6.5,24.1514,66.4665,0.0,22.765,66.4665,6.5,2.01602,528.74,49.778,1.7792,42.97017088,66.4828,24.1514,55.792,,,,,,
Composting kitchen waste,6.5,24.1514,66.4665,4.0,56.538,54.9136,8.0674,3.22426,1472.3,65.699,1.70269999999999,35.7979053399998,58.062,21.0242,52.407,,,,,,
Composting kitchen waste,6.5,24.1514,66.4665,9.0,33.795,49.489,8.0794,2.52403,965.43,90.934,1.81739999999999,33.5143099199998,54.6743,18.4408,69.768,,,,,,
Composting kitchen waste,6.5,24.1514,66.4665,15.0,30.571,46.5205,8.4348,2.16018,710.93,137.514,1.8543,31.98686043,51.7656,17.2501,82.955,,,,,,
Composting kitchen waste,6.5,24.1514,66.4665,21.0,27.489,45.3667,8.2271,2.08467,503.21,175.342,1.8547,30.40298428,50.6552,16.3924,94.046,,,,,,
Composting kitchen waste,6.5,24.1514,66.4665,27.0,27.975,44.1423,8.1703,2.01602,435.34,194.571,1.8485,29.6687947,50.0948,16.0502,92.203,,,,,,
Composting kitchen waste,6.5,24.1514,66.4665,32.0,28.463,43.3738,8.3605,1.94737,395.0,202.845,1.8453,29.15574,49.3929,15.8,89.778,,,,,,
Composting kitchen waste,6.5,24.1514,66.4665,39.0,27.875,42.6051,8.1104,1.93364,381.31,210.053,1.8434,28.60348478,48.8983,15.5167,97.075,,,,,,
Composting kitchen waste,6.3899,24.1514,66.4665,0.0,22.765,66.4665,6.3899,2.03661,528.74,49.782,1.7804,42.99915256,66.4828,24.1514,55.792,,,,,,
Composting kitchen waste,6.3899,24.1514,66.4665,4.0,57.468,54.8464,7.9298,3.4508,1686.08,63.51,1.75369999999999,35.5948488999998,57.5795,20.297,66.868,,,,,,
Composting kitchen waste,6.3899,24.1514,66.4665,9.0,39.835,48.0885,8.5611,2.79176,1222.02,74.521,1.82689999999999,32.5272237399998,52.3981,17.8046,75.477,,,,,,
Composting kitchen waste,6.3899,24.1514,66.4665,15.0,33.978,44.7206,8.4623,2.2357,742.05,129.856,1.8433,30.45647724,50.5934,16.5228,94.371,,,,,,
Composting kitchen waste,6.3899,24.1514,66.4665,21.0,31.98,43.5001,8.1858,2.01602,499.28,186.281,1.8466,29.0396316,49.4136,15.726,86.247,,,,,,
Composting kitchen waste,6.3899,24.1514,66.4665,27.0,30.914,42.3416,8.0464,1.94737,431.45,218.64,1.86019999999999,28.2783883599999,48.6463,15.2018,99.241,,,,,,
Composting kitchen waste,6.3899,24.1514,66.4665,32.0,31.713,41.8403,7.9614,1.89245,379.39,226.365,1.83819999999999,27.4283336599999,48.0135,14.9213,118.128,,,,,,
Composting kitchen waste,6.3899,24.1514,66.4665,39.0,30.504,41.1384,7.904,1.83753,357.97,228.106,1.83599999999999,27.0982583999999,47.7259,14.7594,105.636,,,,,,
Composting kitchen waste,6.3899,24.1514,66.4665,0.0,22.765,66.4665,6.3899,2.0778,528.74,49.782,1.7804,42.99915256,66.4828,24.1514,55.792,,,,,,
Composting kitchen waste,6.3899,24.1514,66.4665,4.0,44.623,56.0469,7.7922,3.08009,1378.94,64.605,1.71179999999999,35.7297166799998,57.9929,20.8726,75.24,,,,,,
Composting kitchen waste,6.3899,24.1514,66.4665,9.0,33.948,50.5556,8.0519,2.92906,899.36,102.42,1.82389999999999,33.5790933399998,55.0188,18.4106,82.137,,,,,,
Composting kitchen waste,6.3899,24.1514,66.4665,15.0,29.797,47.4534,8.2559,2.65446,675.96,138.062,1.83739999999999,32.3079228999998,52.7311,17.5835,86.759,,,,,,
Composting kitchen waste,6.3899,24.1514,66.4665,21.0,28.727,46.3669,8.3784,2.52403,518.76,164.401,1.8542,31.18152514,51.8963,16.8167,95.57,,,,,,
Composting kitchen waste,6.3899,24.1514,66.4665,27.0,27.818,45.3418,8.129,2.42105,454.81,183.081,1.8579,30.43909044,51.681,16.3836,90.49,,,,,,
Composting kitchen waste,6.3899,24.1514,66.4665,32.0,28.773,44.7071,8.0165,2.34554,402.78,191.358,1.8574,30.13501482,50.9793,16.2243,103.286,,,,,,
Composting kitchen waste,6.3899,24.1514,66.4665,39.0,28.646,44.672,7.9315,2.29062,389.11,198.563,1.8659,29.85719885,50.5533,16.0015,99.168,,,,,,
Composting kitchen waste,6.3541,25.3008,65.8464,0.0,15.453,65.8464,6.3541,2.5391,478.6,40.304,1.909,48.2992272,71.2157,25.3008,51.92,,,,,,
Composting kitchen waste,6.3541,25.3008,65.8464,4.0,59.942,53.9921,8.3609,3.38415,1878.32,54.663,1.87549999999999,37.3209495999998,63.2262,19.8992,69.354,,,,,,
Composting kitchen waste,6.3541,25.3008,65.8464,9.0,48.173,46.2136,8.5544,2.54243,1623.11,64.294,1.937,33.3714108,57.2054,17.2284,85.794,,,,,,
Composting kitchen waste,6.3541,25.3008,65.8464,15.0,31.617,42.5078,8.3051,2.05661,889.11,151.631,1.981,29.4172557,53.0108,14.8497,102.447,,,,,,
Composting kitchen waste,6.3541,25.3008,65.8464,21.0,27.27,41.1154,8.4979,1.74734,547.22,194.496,1.975,28.9327625,51.7885,14.6495,97.086,,,,,,
Composting kitchen waste,6.3541,25.3008,65.8464,27.0,24.767,40.1826,8.3108,1.68262,398.8,224.312,1.99119999999999,28.5779015199999,51.2239,14.3521,120.61,,,,,,
Composting kitchen waste,6.3541,25.3008,65.8464,32.0,23.519,39.0922,8.2138,1.61861,372.73,237.51,1.91559999999999,27.6716082399999,50.159,14.4454,127.15,,,,,,
Composting kitchen waste,6.3541,25.3008,65.8464,39.0,22.255,38.3095,8.1929,1.60638,351.43,242.46,1.9339,27.61087047,49.6016,14.2773,117.962,,,,,,
Composting kitchen waste,6.2907,25.3008,65.0002,0.0,15.453,65.0002,6.2907,2.5391,478.6,40.314,1.9046,48.18790368,70.7071,25.3008,51.92,,,,,,
Composting kitchen waste,6.2907,25.3008,65.0002,4.0,37.382,59.5307,6.8513,2.97715,951.65,82.524,1.80909999999999,42.0007892399998,67.1561,23.2164,58.244,,,,,,
Composting kitchen waste,6.2907,25.3008,65.0002,9.0,22.992,56.675,7.9708,2.81619,793.14,101.642,1.80399999999999,40.6426767999998,63.7542,22.5292,68.016,,,,,,
Composting kitchen waste,6.2907,25.3008,65.0002,15.0,15.7,54.4306,8.0387,2.693,705.83,110.718,1.81769999999999,40.4698181099998,62.8338,22.2643,64.063,,,,,,
Composting kitchen waste,6.2907,25.3008,65.0002,21.0,13.054,53.8079,8.2696,2.56126,684.71,117.419,1.81639999999999,40.4321557999998,62.6305,22.2595,72.641,,,,,,
Composting kitchen waste,6.2907,25.3008,65.0002,27.0,12.255,53.1058,8.2982,2.39295,678.84,119.373,1.81439999999999,40.2016607999998,62.8669,22.157,68.688,,,,,,
Composting kitchen waste,6.2907,25.3008,65.0002,32.0,12.083,52.0152,8.3026,2.43253,678.2,118.336,1.81309999999999,39.9882831199998,62.6013,22.0552,75.435,,,,,,
Composting kitchen waste,6.2907,25.3008,65.0002,39.0,11.284,51.5406,8.4084,2.36856,692.6,119.138,1.81179999999999,39.9492840999998,62.7001,22.0495,78.569,,,,,,
Composting kitchen waste,6.3667,25.3008,65.6926,0.0,15.453,65.6926,6.3667,2.5391,478.6,40.314,1.9039,48.17019312,70.7071,25.3008,51.92,,,,,,
Composting kitchen waste,6.3667,25.3008,65.6926,4.0,48.972,60.2231,7.6885,3.31758,1160.39,62.364,1.82369999999999,40.4416417199998,65.3372,22.1756,64.102,,,,,,
Composting kitchen waste,6.3667,25.3008,65.6926,9.0,33.653,59.7519,7.9834,2.89761,991.72,98.688,1.79309999999999,37.3649764199998,61.7166,20.8382,79.329,,,,,,
Composting kitchen waste,6.3667,25.3008,65.6926,15.0,20.645,58.5848,7.1253,3.21102,919.68,85.823,1.78489999999999,36.0824674599998,58.6859,20.2154,72.145,,,,,,
Composting kitchen waste,6.3667,25.3008,65.6926,21.0,16.919,58.5003,7.1278,3.19019,837.43,75.324,1.83249999999999,36.0229184999998,57.027,19.6578,76.882,,,,,,
Composting kitchen waste,6.3667,25.3008,65.6926,27.0,14.573,57.8751,6.6237,3.07371,836.68,70.76,1.8182,34.60925518,56.027,19.0349,73.136,,,,,,
Composting kitchen waste,6.3667,25.3008,65.6926,32.0,13.475,57.323,6.755,2.91352,830.96,72.095,1.82029999999999,34.0498036799998,55.4709,18.7056,70.383,,,,,,
Composting kitchen waste,6.3667,25.3008,65.6926,39.0,13.138,57.6943,6.5184,2.88656,835.17,69.931,1.8185,34.3609212,54.8414,18.8952,67.658,,,,,,
Composting kitchen waste,6.89037,23.892,60.793,1.0,21.115,60.793,6.89037,0.83716,519.56,15.2,1.8328,43.424,75.4926801024,23.892,50.157,,,,,,
Composting kitchen waste,6.89037,23.892,60.793,5.0,56.334,59.984,6.38475,1.20935,565.65,15.943,1.84333,42.515,74.46139645652,23.431,52.932,,,,,,
Composting kitchen waste,6.89037,23.892,60.793,9.0,56.487,55.461,6.648,1.28437,649.24,19.08,1.98251,34.962,62.717496854,18.35,46.866,,,,,,
Composting kitchen waste,6.89037,23.892,60.793,13.0,33.264,54.122,6.74144,1.35232,464.97,23.125,2.17395,31.224,56.3944978206,15.047,69.734,,,,,,
Composting kitchen waste,6.89037,23.892,60.793,17.0,25.236,53.314,6.84432,1.22215,318.2,27.913,2.24478,29.658,53.35182992592,13.786,86.174,,,,,,
Composting kitchen waste,6.89037,23.892,60.793,21.0,23.7,52.771,6.91417,1.16509,292.87,28.903,2.26336,26.645,49.56752062592,12.703,88.748,,,,,,
Composting kitchen waste,6.51301,34.463,49.584,1.0,21.246,49.584,6.51301,0.85839,453.49,14.21,1.22174,41.187,72.58871936888,34.463,45.133,,,,,,
Composting kitchen waste,6.51301,34.463,49.584,5.0,58.282,48.178,6.59702,1.29662,467.43,15.118,1.21619,41.002,72.03671906692,34.357,44.09,,,,,,
Composting kitchen waste,6.51301,34.463,49.584,9.0,47.267,45.712,6.5678,1.24664,606.38,16.191,1.29507,34.896,61.59797906052,27.589,53.295,,,,,,
Composting kitchen waste,6.51301,34.463,49.584,13.0,28.979,44.837,6.74145,1.12826,447.11,19.163,1.38596,30.895,56.11733190944,23.486,68.127,,,,,,
Composting kitchen waste,6.51301,34.463,49.584,17.0,23.418,44.028,6.68865,1.17498,450.34,21.061,1.47292,28.737,51.92643362192,20.449,82.757,,,,,,
Composting kitchen waste,6.51301,34.463,49.584,21.0,24.09,43.087,6.76794,1.12263,421.43,22.795,1.45531,28.684,51.70704205396,20.609,85.532,,,,,,
Composting kitchen waste,6.71583,30.377,55.885,1.0,22.414,55.885,6.71583,0.83717,512.43,14.21,1.41069,42.569,73.87776194412,30.377,56.186,,,,,,
Composting kitchen waste,6.71583,30.377,55.885,5.0,56.594,54.744,6.87531,1.25417,528.15,15.2,1.41318,41.002,72.23452046568,29.649,52.53,,,,,,
Composting kitchen waste,6.71583,30.377,55.885,9.0,48.176,50.487,6.80837,1.38579,709.95,16.108,1.53223,32.199,58.09328692384,21.992,43.047,,,,,,
Composting kitchen waste,6.71583,30.377,55.885,13.0,32.226,48.617,6.8971,1.26977,456.04,21.061,1.63123,28.856,52.80825248456,18.778,71.141,,,,,,
Composting kitchen waste,6.71583,30.377,55.885,17.0,23.288,47.941,6.91034,1.31413,486.06,29.068,1.74224,26.369,49.41258157376,16.451,89.388,,,,,,
Composting kitchen waste,6.71583,30.377,55.885,21.0,23.571,47.597,6.99908,1.27829,410.73,34.186,1.78494,25.394,47.01709740024,15.279,90.556,,,,,,
Composting kitchen waste,6.43753,34.907,60.594,1.0,22.154,60.594,6.43753,0.86311,217.77,14.375,1.12928,38.358,67.95969547904,34.907,55.487,,,,,,
Composting kitchen waste,6.43753,34.907,60.594,5.0,59.191,61.311,6.11587,0.98293,206.72,15.366,1.15185,37.647,66.4623854286,33.469,49.434,,,,,,
Composting kitchen waste,6.43753,34.907,60.594,9.0,50.124,56.125,6.25177,1.10513,304.6,18.172,1.12222,31.673,57.15705717304,29.543,42.58,,,,,,
Composting kitchen waste,6.43753,34.907,60.594,13.0,30.797,55.449,6.33578,1.15656,389.97,20.153,1.18095,29.514,53.9650974468,26.506,65.796,,,,,,
Composting kitchen waste,6.43753,34.907,60.594,17.0,23.287,54.044,6.47638,1.24337,332.49,20.979,1.23977,28.145,51.11077289724,23.913,74.98,,,,,,
Composting kitchen waste,6.43753,34.907,60.594,21.0,23.701,53.566,6.40945,1.27594,342.86,20.071,1.27438,26.908,49.76714893024,22.652,74.942,,,,,,
Composting kitchen waste,6.71585,29.222,50.977,1.0,23.323,50.977,6.71585,0.88669,317.78,15.035,1.43883,41.319,72.48642520824,29.222,48.671,,,,,,
Composting kitchen waste,6.71585,29.222,50.977,5.0,58.023,50.102,7.21023,1.38387,510.29,15.943,1.40916,40.015,70.087954584,28.85,46.628,,,,,,
Composting kitchen waste,6.71585,29.222,50.977,9.0,52.072,48.232,7.11027,1.40701,679.6,15.2,1.56442,31.541,56.91875592832,21.104,41.778,,,,,,
Composting kitchen waste,6.71585,29.222,50.977,13.0,26.121,45.699,6.86408,1.16836,489.98,22.052,1.67143,28.001,50.78147317436,17.623,65.597,,,,,,
Composting kitchen waste,6.71585,29.222,50.977,17.0,25.496,44.89,6.7877,1.12073,280.71,31.132,1.74626,25.316,46.85322451112,15.563,88.813,,,,,,
Composting kitchen waste,6.71585,29.222,50.977,21.0,23.96,44.347,6.82456,1.15329,205.37,37.983,1.84124,23.092,44.27193085872,13.947,95.39,,,,,,
Composting kitchen waste,6.82433,25.491,54.624,1.0,21.375,54.624,6.82433,0.88669,403.5,17.182,1.7685,44.608,77.719356954,25.491,48.871,,,,,,
Composting kitchen waste,6.82433,25.491,54.624,5.0,62.828,53.75,7.34229,1.33906,542.44,15.2,1.72675,42.976,75.304092432,25.296,51.839,,,,,,
Composting kitchen waste,6.82433,25.491,54.624,9.0,55.189,49.757,7.05838,1.43531,743.88,19.163,2.04283,33.054,58.68088008504,16.662,56.814,,,,,,
Composting kitchen waste,6.82433,25.491,54.624,13.0,28.589,48.02,6.96314,1.35938,454.25,20.153,2.21817,28.067,50.7461398116,13.27,64.794,,,,,,
Composting kitchen waste,6.82433,25.491,54.624,17.0,25.236,46.814,7.10846,1.2646,241.42,34.104,2.26893,24.724,45.2380624758,11.565,61.348,,,,,,
Composting kitchen waste,6.82433,25.491,54.624,21.0,24.61,45.342,7.05097,1.20989,189.29,40.873,2.32766,22.236,42.42021621464,10.571,66.722,,,,,,
Composting kitchen waste,6.78186,29.488,58.936,1.0,19.428,58.936,6.78186,0.8584,207.07,17.017,1.39867,40.595,71.10462317504,29.488,43.458,,,,,,
Composting kitchen waste,6.78186,29.488,58.936,5.0,48.672,59.786,6.01683,1.04661,187.08,18.007,1.36894,38.568,67.87747167816,28.761,51.238,,,,,,
Composting kitchen waste,6.78186,29.488,58.936,9.0,52.851,58.048,6.14328,1.0721,268.87,15.118,1.37147,32.199,57.67042870348,24.391,53.606,,,,,,
Composting kitchen waste,6.78186,29.488,58.936,13.0,28.199,56.245,6.38766,1.06222,322.12,19.08,1.45028,31.093,56.49888862384,22.597,68.803,,,,,,
Composting kitchen waste,6.78186,29.488,58.936,17.0,24.976,54.508,6.52356,1.09479,293.2,17.182,1.34021,30.842,50.94238993792,22.048,63.552,,,,,,
Composting kitchen waste,6.78186,29.488,58.936,21.0,23.441,54.031,6.43302,1.20283,321.44,17.925,1.21412,29.802,47.41387251776,22.652,68.326,,,,,,
Composting kitchen waste,6.71111,23.27,49.915,1.0,21.765,49.915,6.71111,0.79706,303.49,16.274,1.83282,41.713,73.5281196936,23.27,51.477,,,,,,
Composting kitchen waste,6.71111,23.27,49.915,5.0,56.204,50.168,7.37531,1.20463,378.15,15.118,1.86344,37.252,66.71224024896,20.766,45.826,,,,,,
Composting kitchen waste,6.71111,23.27,49.915,9.0,43.89,48.298,7.12442,1.1971,433.16,14.953,1.84178,33.252,60.24043927584,18.972,60.221,,,,,,
Composting kitchen waste,6.71111,23.27,49.915,13.0,26.252,45.765,7.10464,1.23203,357.82,17.182,1.98902,31.093,56.16474539192,16.379,60.383,,,,,,
Composting kitchen waste,6.71111,23.27,49.915,17.0,25.366,44.824,6.99997,1.35422,280.7,16.108,2.09602,30.053,53.66827350496,14.852,71.371,,,,,,
Composting kitchen waste,6.71111,23.27,49.915,21.0,23.441,44.612,6.91887,1.34198,346.43,16.108,2.13871,29.473,53.3897298592,14.48,77.948,,,,,,
Composting kitchen waste,6.71112,33.486,54.956,1.0,20.207,54.956,6.71112,0.82065,167.77,15.035,1.16142,38.226,67.04861864688,33.486,48.269,,,,,,
Composting kitchen waste,6.71112,33.486,54.956,5.0,53.347,55.806,6.05455,1.00652,174.58,17.017,1.18401,36.463,64.145754567,31.425,51.439,,,,,,
Composting kitchen waste,6.71112,33.486,54.956,9.0,30.124,54.4,6.18573,1.02258,220.67,16.274,1.0579,33.778,60.3611334816,33.096,56.612,,,,,,
Composting kitchen waste,6.71112,33.486,54.956,13.0,24.953,53.061,6.32162,1.05279,302.47,16.026,1.06841,32.343,57.65821150852,31.303,64.593,,,,,,
Composting kitchen waste,6.71112,33.486,54.956,17.0,25.626,51.921,6.42922,1.083,330.7,15.118,0.98646,30.843,55.3223735112,32.53,60.746,,,,,,
Composting kitchen waste,6.71112,33.486,54.956,21.0,24.221,50.582,6.38586,1.06131,342.86,14.953,0.96485,30.395,54.2302124428,32.602,66.922,,,,,,
Composting kitchen waste,6.85301,25.2447,55.3021,0.0,20.59,55.3021,6.85301,0.90011,448.82,13.082,2.20347,52.0,95.899119023916,25.2447,51.79,,,,,,
Composting kitchen waste,6.85301,25.2447,55.3021,3.0,58.004,55.468,7.50988,1.41745,649.76,13.1,1.65047,51.099,87.944233688072,30.9074,41.167,,,,,,
Composting kitchen waste,6.85301,25.2447,55.3021,6.0,58.105,45.4325,7.17724,1.42347,644.08,12.072,1.95389,38.714,67.442213236104,20.0214,27.557,,,,,,
Composting kitchen waste,6.85301,25.2447,55.3021,9.0,45.395,44.8104,7.10613,1.33515,443.13,21.306,2.31763,34.344,59.40849117322,14.8685,63.214,,,,,,
Composting kitchen waste,6.85301,25.2447,55.3021,12.0,26.217,44.4372,7.0562,1.25814,240.28,36.336,2.52858,33.095,57.295654553328,13.1434,93.751,,,,,,
Composting kitchen waste,6.85301,25.2447,55.3021,15.0,25.324,44.3128,7.00392,1.20754,191.0,37.304,2.64715,32.411,56.42679022838,12.3643,96.776,,,,,,
Composting kitchen waste,6.8648,25.0675,55.5095,0.0,20.59,55.5095,6.8648,0.89822,418.48,12.131,2.24251,52.0,96.9131418887,25.0675,50.937,,,,,,
Composting kitchen waste,6.8648,25.0675,55.5095,3.0,60.119,56.1315,7.63003,1.47217,683.89,12.054,1.62917,50.46,87.306976576168,31.0846,38.394,,,,,,
Composting kitchen waste,6.8648,25.0675,55.5095,6.0,59.971,46.096,7.34216,1.49139,704.74,13.402,2.00715,35.807,61.3048762089,17.7165,26.064,,,,,,
Composting kitchen waste,6.8648,25.0675,55.5095,9.0,43.032,45.1836,7.0378,1.34834,490.52,24.062,2.28563,32.855,56.9588595646,14.455,66.839,,,,,,
Composting kitchen waste,6.8648,25.0675,55.5095,12.0,28.208,44.9348,6.99023,1.20719,244.08,37.381,2.4753,31.179,53.81938550124,12.6117,95.883,,,,,,
Composting kitchen waste,6.8648,25.0675,55.5095,15.0,24.826,44.6031,6.93325,1.17358,179.62,39.204,2.57254,30.709,53.525396070552,12.0687,102.748,,,,,,
Composting kitchen waste,6.83415,24.9492,55.0948,0.0,20.59,55.0948,6.83415,0.89633,433.65,13.081,2.25675,52.0,97.0682806404,24.9492,51.364,,,,,,
Composting kitchen waste,6.83415,24.9492,55.0948,3.0,60.118,54.1825,7.3379,1.33254,752.13,14.145,1.7287,52.0,91.93653450604,30.8483,44.792,,,,,,
Composting kitchen waste,6.83415,24.9492,55.0948,6.0,60.22,44.3543,7.06651,1.43855,628.91,12.833,1.85436,40.913,70.809465734352,22.1493,33.315,,,,,,
Composting kitchen waste,6.83415,24.9492,55.0948,9.0,33.206,43.2346,6.9789,1.36156,422.27,20.071,2.23942,36.897,63.792883105872,16.5234,63.213,,,,,,
Composting kitchen waste,6.83415,24.9492,55.0948,12.0,25.098,42.8199,7.01144,1.26568,280.09,32.156,2.47173,33.803,58.274043339756,13.6753,93.324,,,,,,
Composting kitchen waste,6.83415,24.9492,55.0948,15.0,23.831,42.032,7.06048,1.21321,230.81,35.119,2.4873,32.34,55.80668750436,13.0143,96.99,,,,,,
Composting kitchen waste,5.65,20.9961,75.06,0.0,28.207,75.06,5.65,1.8654,1174.3307,423.4865,1.52333052328766,31.984,85.53,20.9961,32.8821,,,,,,
Composting kitchen waste,5.65,20.9961,75.06,3.0,40.095,75.06,7.7641,2.2212,3052.7105,476.162,1.43788888888889,25.882,80.53,18.0,39.4615,,,,,,
Composting kitchen waste,5.65,20.9961,75.06,6.0,23.881,77.771,8.1862,2.5481,921.681399999999,653.1363,1.14608610456042,20.12,75.076,17.5554,30.5469,,,,,,
Composting kitchen waste,5.65,20.9961,75.06,9.0,18.262,76.687,8.3421,2.7788,959.867899999999,532.297399999999,1.17823529411765,20.03,72.803,17.0,63.1219,,,,,,
Composting kitchen waste,5.65,20.9961,75.06,12.0,19.195,79.217,8.2317,2.7115,957.812599999999,624.996199999999,0.933187375464318,15.174,70.758,16.2604,79.4691,,,,,,
Composting kitchen waste,5.65,20.9961,75.06,15.0,23.214,79.036,8.1784,3.2404,884.922299999999,562.223899999999,0.850625,13.61,70.0,16.0,87.21,,,,,,
Composting kitchen waste,5.65,20.9961,75.06,18.0,28.548,76.506,8.1633,3.5962,1261.2857,685.1596,1.08577789418544,16.582,69.091,15.272,94.5193,,,,,,
Composting kitchen waste,5.65,20.9961,75.06,24.0,20.525,77.229,8.5323,3.6635,510.379199999999,717.949699999999,0.849729802302554,12.658,69.091,14.8965,95.4555,,,,,,
Composting kitchen waste,5.65,20.9961,75.06,30.0,18.809,74.337,8.5018,3.1154,468.0153,786.170599999999,0.832619659339614,12.25,68.106,14.7126,97.99,,,,,,
Composting kitchen waste,5.65,17.7629,59.699,0.0,33.326,59.699,5.65,2.4519,1757.4671,570.7682,2.04966531365937,36.408,78.485,17.7629,33.3853,,,,,,
Composting kitchen waste,5.65,17.7629,59.699,3.0,49.143,58.434,8.0304,2.8846,4050.8389,345.559599999999,2.447,39.152,71.818,16.0,32.8398,,,,,,
Composting kitchen waste,5.65,17.7629,59.699,6.0,40.192,53.554,8.9849,3.7885,5000.0,487.9349,1.91756383073619,27.946,68.712,14.5737,32.0851,,,,,,
Composting kitchen waste,5.65,17.7629,59.699,9.0,21.001,52.289,8.9505,4.0481,882.670899999999,609.069099999999,1.79528571428571,25.134,67.727,14.0,64.3224,,,,,,
Composting kitchen waste,5.65,17.7629,59.699,12.0,22.047,51.205,8.8401,4.3173,841.777699999999,716.971799999999,1.78435372109068,23.794,66.591,13.3348,82.8707,,,,,,
Composting kitchen waste,5.65,17.7629,59.699,15.0,27.977,48.494,8.977,4.5865,1059.6616,727.163799999999,1.55292307692308,20.188,64.697,13.0,85.9631,,,,,,
Composting kitchen waste,5.65,17.7629,59.699,18.0,29.977,43.253,8.9238,4.9423,1050.7842,553.605199999999,1.86389037981877,23.614,62.652,12.6692,94.1411,,,,,,
Composting kitchen waste,5.65,17.7629,59.699,24.0,23.024,42.53,9.2546,5.0288,945.289499999999,1500.0,1.75010282141976,21.276,61.591,12.157,94.2222,,,,,,
Composting kitchen waste,5.65,17.7629,59.699,30.0,22.024,38.373,9.3195,5.1154,901.190499999999,1500.0,1.82958060331925,22.004,61.136,12.0268,96.13,,,,,,
Composting kitchen waste,5.65,26.9789,60.422,0.0,32.374,60.422,5.65,1.5192,1628.0086,290.8334,1.21494946050432,32.778,89.242,26.9789,35.2207,,,,,,
Composting kitchen waste,5.65,26.9789,60.422,3.0,52.12,57.349,7.4598,1.8269,1353.76749999999,195.5715,1.7825,42.78,86.515,24.0,40.424,,,,,,
Composting kitchen waste,5.65,26.9789,60.422,6.0,44.953,56.988,8.3764,2.25,809.378099999999,297.249699999999,1.29745737614757,30.668,84.091,23.637,55.028,,,,,,
Composting kitchen waste,5.65,26.9789,60.422,9.0,33.739,54.458,8.6651,2.0,1902.69879999999,379.935199999999,1.06509090909091,23.432,82.727,22.0,72.7975,,,,,,
Composting kitchen waste,5.65,26.9789,60.422,12.0,23.954,52.651,8.441,2.1635,849.289,591.293799999999,0.946241520926584,20.506,81.742,21.671,88.3518,,,,,,
Composting kitchen waste,5.65,26.9789,60.422,15.0,35.0,49.217,8.2926,2.3077,1962.1508,717.4002,0.8846,17.692,80.227,20.0,90.2884,,,,,,
Composting kitchen waste,5.65,26.9789,60.422,18.0,37.0,47.771,8.4105,2.5865,2091.16649999999,670.0596,0.712954790624694,14.54,78.561,20.394,95.0149,,,,,,
Composting kitchen waste,5.65,26.9789,60.422,24.0,24.93,46.867,8.7414,2.3942,836.7061,679.443799999999,0.8077561395769,15.38,76.515,19.0404,92.5264,,,,,,
Composting kitchen waste,5.65,26.9789,60.422,30.0,20.596,42.349,8.768,2.2981,575.6043,719.137499999999,0.777413766117411,14.404,74.773,18.5281,95.22,,,,,,
Composting kitchen waste,5.65,25.2963,58.976,0.0,35.588,58.976,5.65,2.0288,2003.8321,288.613399999999,1.50646537240624,38.108,87.576,25.2963,37.1074,,,,,,
Composting kitchen waste,5.65,25.2963,58.976,3.0,54.739,56.265,7.555,2.9135,1808.0481,237.9469,2.02278260869565,46.524,81.894,23.0,38.3426,,,,,,
Composting kitchen waste,5.65,25.2963,58.976,6.0,50.19,50.12,8.3193,3.3269,4551.65139999999,604.139299999999,2.30940713573931,44.96,77.424,19.4682,38.1081,,,,,,
Composting kitchen waste,5.65,25.2963,58.976,9.0,33.262,43.976,8.3992,3.4519,1674.65509999999,482.990599999999,2.93282352941176,49.858,74.848,17.0,66.9373,,,,,,
Composting kitchen waste,5.65,25.2963,58.976,12.0,24.666,42.53,8.2126,4.0577,798.222399999999,797.8202,3.01030052852899,46.818,74.242,15.5526,72.5405,,,,,,
Composting kitchen waste,5.65,25.2963,58.976,15.0,26.072,39.819,8.0075,3.9327,702.105099999999,761.745199999999,2.89586666666667,43.438,72.879,15.0,84.3982,,,,,,
Composting kitchen waste,5.65,25.2963,58.976,18.0,34.024,35.301,7.7452,4.4231,1397.85629999999,678.512799999999,2.65181555542967,37.45,71.439,14.1224,92.7374,,,,,,
Composting kitchen waste,5.65,25.2963,58.976,24.0,21.119,26.988,7.5816,4.1442,797.773999999999,985.136399999999,2.28976879829229,30.464,69.091,13.3044,90.0993,,,,,,
Composting kitchen waste,5.65,25.2963,58.976,30.0,20.118,21.566,7.5132,3.9327,505.493699999999,1147.54709999999,2.102774859403,27.22,67.576,12.9448,94.2,,,,,,
Composting kitchen waste,7.0327,8.844,61.869,0.0,17.09,61.869,7.0327,5.3,5000.0,1500.0,3.4,32.0055516,68.778,8.844,4.044,,,,,,
Composting kitchen waste,7.0327,8.844,61.869,5.0,23.115,65.064,8.3647,5.3,4831.2346,1500.0,3.3257,32.99493484,63.258,9.9212,2.258,,,,,,
Composting kitchen waste,7.0327,8.844,61.869,10.0,21.325,62.69,9.1681,5.3,983.3837,1500.0,2.3436,32.32785276,59.729,13.7941,26.201,,,,,,
Composting kitchen waste,7.0327,8.844,61.869,15.0,22.797,64.158,8.9329,5.3,816.2677,1500.0,2.4524,31.59843828,60.633,12.8847,7.575,,,,,,
Composting kitchen waste,7.0327,8.844,61.869,20.0,18.094,62.285,8.4699,3.766,1325.31609999999,619.028499999999,2.6951,30.53144035,57.738,11.3285,23.563,,,,,,
Composting kitchen waste,7.0327,8.844,61.869,25.0,19.449,61.693,8.7358,3.9877,4567.5219,646.7103,2.8421,31.05647933,57.919,10.9273,86.331,,,,,,
Composting kitchen waste,6.5316,8.7748,59.253,0.0,9.515,59.253,6.5316,5.3,5000.0,1500.0,3.4,33.6030966,67.692,8.7748,2.642,,,,,,
Composting kitchen waste,6.5316,8.7748,59.253,5.0,22.182,63.449,6.1414,5.3,5000.0,1500.0,3.4,34.6617152,70.86,8.512,1.79,,,,,,
Composting kitchen waste,6.5316,8.7748,59.253,10.0,21.558,55.396,8.339,5.3,5000.0,1500.0,3.4,34.02872691,68.416,8.8041,5.617,,,,,,
Composting kitchen waste,6.5316,8.7748,59.253,15.0,23.612,59.202,8.9602,5.3,4385.53329999999,1500.0,3.0935,32.2119968,69.231,10.4128,40.786,,,,,,
Composting kitchen waste,6.5316,8.7748,59.253,20.0,19.957,59.167,8.4152,3.6635,4574.4518,560.266899999999,3.3745,35.10931035,60.0,10.4043,6.721,,,,,,
Composting kitchen waste,6.5316,8.7748,59.253,25.0,18.284,61.136,8.8178,4.2131,5000.0,1380.58629999999,3.4,33.23390784,60.814,9.5412,161.175,,,,,,
Composting kitchen waste,5.6478,10.7384,57.75,0.0,13.478,57.75,5.6478,5.3,5000.0,1500.0,3.4,37.93661952,74.751,10.7384,8.255,,,,,,
Composting kitchen waste,5.6478,10.7384,57.75,5.0,16.589,57.77,5.65,5.3,1001.1099,1500.0,3.1727,36.90072189,70.769,11.6307,20.97,,,,,,
Composting kitchen waste,5.6478,10.7384,57.75,10.0,15.149,50.273,5.65,5.3,850.364299999999,1500.0,3.0613,37.70205241,70.95,12.3157,28.07,,,,,,
Composting kitchen waste,5.6478,10.7384,57.75,15.0,18.718,61.875,5.65,5.3,866.158399999999,1500.0,2.95,35.078745,73.032,11.8911,33.77,,,,,,
Composting kitchen waste,5.6478,10.7384,57.75,20.0,18.56,58.499,7.0667,5.3,3616.5497,1500.0,3.4,39.54930184,61.991,11.1206,25.434,,,,,,
Composting kitchen waste,5.6478,10.7384,57.75,25.0,25.275,58.853,8.5991,5.3,5000.0,357.980099999999,3.4,37.38364656,63.348,10.2804,54.054,,,,,,
Composting kitchen waste,7.1637,34.009,47.962,0.0,32.708,47.962,7.1637,1.716,865.93,277.3234,1.36632,46.236,79.561,34.009,26.009,,,,,,
Composting kitchen waste,7.1637,34.009,47.962,3.0,39.242,46.549,7.0879,2.4514,828.91,294.508399999999,0.97788,31.829,54.868,32.912,47.534,,,,,,
Composting kitchen waste,7.1637,34.009,47.962,7.0,52.309,45.755,7.5453,1.3226,1004.88,57.1904999999999,1.0627,31.548,54.295,29.866,37.668,,,,,,
Composting kitchen waste,7.1637,34.009,47.962,14.0,35.684,44.031,7.1788,1.6338,1087.35,107.7176,1.24444,31.516,51.722,25.568,38.117,,,,,,
Composting kitchen waste,7.1637,34.009,47.962,21.0,33.311,44.167,7.3211,1.8667,1424.34,240.9453,1.40906,29.86,49.911,21.268,40.807,,,,,,
Composting kitchen waste,7.1637,34.009,47.962,27.0,25.619,42.753,7.1485,1.3295,1086.04,123.825099999999,1.72195,28.704,50.132,16.83,50.224,,,,,,
Composting kitchen waste,7.1637,34.009,47.962,34.0,23.004,40.874,8.2843,1.5402,1049.04,326.4794,1.63003,28.547,46.795,17.822,66.816,,,,,,
Composting kitchen waste,7.1637,34.009,47.962,40.0,17.969,37.601,8.5235,1.5389,638.0,717.220699999999,1.42973,26.515,45.525,19.093,86.099,,,,,,
Composting kitchen waste,7.0669,34.148,51.526,0.0,32.224,51.526,7.0669,1.6826,897.1,252.252099999999,1.30931,45.109,78.291,34.148,22.422,,,,,,
Composting kitchen waste,7.0669,34.148,51.526,3.0,38.276,49.183,7.3787,1.8375,912.02,177.1297,0.92087,31.579,53.343,34.304,40.359,,,,,,
Composting kitchen waste,7.0669,34.148,51.526,7.0,54.0,47.924,7.5453,1.6016,952.96,195.6567,1.01708,30.923,53.311,30.562,30.942,,,,,,
Composting kitchen waste,7.0669,34.148,51.526,14.0,38.1,47.749,7.4696,1.4663,1050.96,89.012,1.29575,29.767,51.245,22.782,37.22,,,,,,
Composting kitchen waste,7.0669,34.148,51.526,21.0,33.795,46.491,7.4665,1.9226,1336.04,245.3573,1.37486,29.235,50.705,21.825,43.946,,,,,,
Composting kitchen waste,7.0669,34.148,51.526,27.0,26.343,44.457,7.0759,1.0393,1086.02,189.361199999999,1.5509,28.203,48.893,18.501,58.744,,,,,,
Composting kitchen waste,7.0669,34.148,51.526,34.0,22.763,42.423,8.2116,1.6519,981.49,415.7573,1.64712,27.798,48.607,17.404,71.749,,,,,,
Composting kitchen waste,7.0669,34.148,51.526,40.0,20.866,39.461,8.5235,1.1482,773.06,682.506599999999,1.40694,25.641,45.525,19.093,86.996,,,,,,
Composting kitchen waste,6.873,38.743,59.428,0.0,32.224,59.428,6.873,1.5151,980.2,237.3189,1.18386,44.736,77.781,38.743,30.493,,,,,,
Composting kitchen waste,6.873,38.743,59.428,3.0,39.242,57.549,7.3787,1.8375,1005.52,207.147,1.01209,32.579,55.631,31.937,42.152,,,,,,
Composting kitchen waste,6.873,38.743,59.428,7.0,53.275,55.36,7.5695,1.5123,1020.48,218.438099999999,1.0684,31.797,54.836,30.145,21.525,,,,,,
Composting kitchen waste,6.873,38.743,59.428,14.0,37.618,49.608,7.3969,1.6672,1045.79,250.358,1.35276,28.391,48.956,20.972,45.291,,,,,,
Composting kitchen waste,6.873,38.743,59.428,21.0,30.896,48.66,7.1031,1.8667,1424.36,317.6327,1.28933,28.361,49.434,21.825,56.502,,,,,,
Composting kitchen waste,6.873,38.743,59.428,27.0,24.895,48.175,6.9304,1.2402,971.74,50.401,1.5167,28.704,49.402,18.362,72.197,,,,,,
Composting kitchen waste,6.873,38.743,59.428,34.0,22.038,45.367,8.3085,1.3505,830.85,750.953199999999,1.63572,27.422,47.335,16.43,84.753,,,,,,
Composting kitchen waste,6.873,38.743,59.428,40.0,21.591,41.01,8.6204,1.1481,440.58,715.123199999999,1.57794,25.39,42.982,16.169,90.583,,,,,,
Composting kitchen waste,5.7584,36.097,49.047,0.0,32.224,49.047,5.7584,1.85,580.22,268.4386,1.26369,46.236,79.561,36.097,7.623,,,,,,
Composting kitchen waste,5.7584,36.097,49.047,3.0,34.652,47.789,6.1672,2.6077,688.63,415.0998,0.9722,34.203,59.19,35.836,13.901,,,,,,
Composting kitchen waste,5.7584,36.097,49.047,7.0,51.343,46.839,5.9219,1.97,786.69,300.961399999999,0.98286,33.297,56.869,33.904,24.664,,,,,,
Composting kitchen waste,5.7584,36.097,49.047,14.0,41.241,45.426,6.4277,1.8123,853.58,278.1277,1.33566,30.89,53.535,23.339,31.839,,,,,,
Composting kitchen waste,5.7584,36.097,49.047,21.0,37.418,44.166,6.7881,2.0342,878.92,288.1384,1.18671,30.484,52.485,25.863,40.359,,,,,,
Composting kitchen waste,5.7584,36.097,49.047,27.0,30.691,43.683,6.7366,1.162,769.13,165.914099999999,1.49388,28.454,48.894,19.058,56.502,,,,,,
Composting kitchen waste,5.7584,36.097,49.047,34.0,24.454,43.043,8.0904,0.9598,628.26,339.8454,1.49886,28.423,49.116,19.215,68.61,,,,,,
Composting kitchen waste,5.7584,36.097,49.047,40.0,22.799,38.84,8.572,1.0365,554.88,615.8247,1.56658,26.641,46.033,17.561,81.166,,,,,,
Composting kitchen waste,8.133,39.718,51.061,0.0,32.224,51.061,8.133,1.7719,756.83,481.783599999999,1.10405,43.986,77.274,39.718,18.386,,,,,,
Composting kitchen waste,8.133,39.718,51.061,3.0,45.522,49.957,8.6386,2.563,875.66,253.3596,0.88666,30.954,53.597,35.418,38.117,,,,,,
Composting kitchen waste,8.133,39.718,51.061,7.0,56.898,48.544,8.5871,1.97,880.2,146.8927,0.92584,30.423,52.295,32.512,35.874,,,,,,
Composting kitchen waste,8.133,39.718,51.061,14.0,36.893,47.285,8.0268,2.4262,952.28,296.189,1.08479,29.892,52.008,28.213,43.498,,,,,,
Composting kitchen waste,8.133,39.718,51.061,21.0,33.313,46.801,7.8784,2.503,1039.94,403.542299999999,1.08409,28.86,50.45,27.255,56.054,,,,,,
Composting kitchen waste,8.133,39.718,51.061,27.0,27.792,45.697,7.8269,2.0663,857.46,419.376599999999,1.37415,28.077,48.894,21.008,64.574,,,,,,
Composting kitchen waste,8.133,39.718,51.061,34.0,24.211,43.663,8.9384,2.0649,763.33,236.821,1.36773,26.547,46.065,19.911,78.027,,,,,,
Composting kitchen waste,8.133,39.718,51.061,40.0,23.04,40.235,9.3715,1.9072,721.11,343.922799999999,1.35561,26.39,46.542,20.067,84.305,,,,,,
Composting kitchen waste,6.61,18.0663507109005,54.5298,0.0,16.4,54.5298,6.61,1.45,643.573727049025,124.890481879729,2.11,38.12,89.5546218487393,18.0663507109005,57.0511,,,,,,
Composting kitchen waste,6.61,18.0663507109005,54.5298,2.0,47.2,61.8634999999999,7.38,1.99933333333333,901.476433844407,39.0,2.18,37.95,87.7087650518059,17.4082568807339,36.5885,,,,,,
Composting kitchen waste,6.61,18.0663507109005,54.5298,5.0,47.3,48.9129999999999,7.44,2.05333333333333,1088.0,0.0,2.36,37.35,84.6244596290614,15.8262711864407,83.1622,,,,,,
Composting kitchen waste,6.61,18.0663507109005,54.5298,10.0,25.9,46.1087999999999,7.24,1.68,338.34942267651,0.0,2.43,36.68,83.6025096707234,15.0946502057613,92.44444,,,,,,
Composting kitchen waste,6.61,18.0663507109005,54.5298,15.0,21.5,45.0221999999999,7.49,1.96466666666667,160.893431762256,0.0,2.68,36.37,80.4778774402653,13.5708955223881,85.3333333333333,,,,,,
Composting kitchen waste,6.61,18.0663507109005,54.5298,20.0,21.4,40.6778,7.48,1.693,118.303993942836,0.0,2.86,36.07,79.2938637064448,12.6118881118881,134.723220158176,,,,,,
Composting kitchen waste,6.61,18.0663507109005,54.5298,27.0,24.7,40.6091,7.78,1.83639999999999,119.0,0.0,3.02,35.95,75.4671532846714,11.9039735099338,99.3718009032554,,,,,,
Composting kitchen waste,6.53,18.4593301435407,54.8322999999999,0.0,15.8,54.8322999999999,6.53,1.41533333333333,619.912928260458,119.4743130227,2.09,38.58,89.0552115583075,18.4593301435407,60.8133,,,,,,
Composting kitchen waste,6.53,18.4593301435407,54.8322999999999,2.0,53.9,61.2579,7.73,1.917,925.137232632974,25.0,2.15,37.91,87.4699622382423,17.6325581395349,29.1981,,,,,,
Composting kitchen waste,6.53,18.4593301435407,54.8322999999999,5.0,17.3,47.9296,7.76,2.15666666666667,1095.49498391066,0.0,2.18,37.53,83.4240871236381,17.2155963302752,82.8132,,,,,,
Composting kitchen waste,6.53,18.4593301435407,54.8322999999999,10.0,22.3,47.3787999999999,7.44,1.629,1128.62010221465,0.0,2.21,37.05,82.0289435600577,16.7647058823529,82.8888888888889,,,,,,
Composting kitchen waste,6.53,18.4593301435407,54.8322999999999,15.0,43.0,43.9045,7.65,1.977,300.492144614802,0.0,2.55,36.14,80.8607555171598,14.1725490196078,94.6666666666667,,,,,,
Composting kitchen waste,6.53,18.4593301435407,54.8322999999999,20.0,26.3,43.006,7.79,1.80566666666667,229.509748249101,0.0,2.88,35.9,77.1925506604316,12.4652777777778,130.513673600117,,,,,,
Composting kitchen waste,6.53,18.4593301435407,54.8322999999999,27.0,25.1,43.0497,7.83,1.89379999999999,206.0,0.0,3.13,35.74,73.8539674163972,11.4185303514377,167.364702989998,,,,,,
Composting kitchen waste,6.75,18.4593301435407,58.4867,0.0,15.7,58.4867,6.75,1.47766666666667,627.011167897028,194.145758661888,2.09,38.58,88.94,18.4593301435407,54.1098,,,,,,
Composting kitchen waste,6.75,18.4593301435407,58.4867,2.0,51.8,60.6647999999999,7.63,1.858,960.628430815824,19.0,2.15,37.91,87.0236577418898,17.6325581395349,25.1604,,,,,,
Composting kitchen waste,6.75,18.4593301435407,58.4867,5.0,17.8,45.3368,7.8,1.74066666666667,979.557069846678,0.0,2.18,37.53,85.828488372093,17.2155963302752,91.9924,,,,,,
Composting kitchen waste,6.75,18.4593301435407,58.4867,10.0,24.5,48.1934999999999,7.39,1.45366666666667,948.798031421541,0.0,2.21,37.05,83.1225153595952,16.7647058823529,80.88889,,,,,,
Composting kitchen waste,6.75,18.4593301435407,58.4867,15.0,35.7,44.1318999999999,7.55,1.83866666666667,305.224304372516,0.0,2.55,36.14,78.5136918508742,14.1725490196078,122.888888888889,,,,,,
Composting kitchen waste,6.75,18.4593301435407,58.4867,20.0,21.3,42.032,7.8,1.696,194.01855006625,0.0,2.88,35.9,77.2282937081308,12.4652777777778,131.336732803001,,,,,,
Composting kitchen waste,6.75,18.4593301435407,58.4867,27.0,23.0,42.7464,8.03,2.02879999999999,216.0,0.0,3.13,35.74,75.7720817457569,11.4185303514377,122.559067692883,,,,,,
Composting kitchen waste,6.66,35.71875,54.9198,0.0,16.1,54.9198,6.66,1.51133333333333,797.368919174711,119.848466746316,2.09,38.59,88.78,35.71875,58.0568,,,,,,
Composting kitchen waste,6.66,35.71875,54.9198,2.0,55.1,48.6197999999999,7.64,1.836,1048.17338633352,0.0,2.26,38.28,86.795827123696,16.9380530973451,73.4468,,,,,,
Composting kitchen waste,6.66,35.71875,54.9198,5.0,17.9,45.0425,7.59,1.987,1216.16505773235,0.0,2.41,37.62,85.7124318712696,15.6099585062241,89.6315,,,,,,
Composting kitchen waste,6.66,35.71875,54.9198,10.0,40.4,45.1756,7.3,1.64033333333333,1026.87866742381,0.0,2.56,37.1,83.7920824651829,14.4921875,121.555555555556,,,,,,
Composting kitchen waste,6.66,35.71875,54.9198,15.0,36.7,43.3257999999999,7.61,1.76433333333333,343.081582434223,0.0,2.78,36.7,78.0700424499699,13.2014388489209,101.111111111111,,,,,,
Composting kitchen waste,6.66,35.71875,54.9198,20.0,22.3,43.5202999999999,7.59,1.87733333333333,286.295665341662,0.0,2.96,36.39,77.2988738088362,12.2939189189189,107.232856147123,,,,,,
Composting kitchen waste,6.66,35.71875,54.9198,27.0,24.6,44.0166,7.84,1.93439999999999,299.0,0.0,3.01,35.9,76.8629534071941,11.9269102990033,126.643335681796,,,,,,
Composting kitchen waste,6.4,35.71875,58.4189,0.0,16.4,58.4189,6.4,1.102,388.0371001325,59.6057347670251,1.6,52.0,89.77,35.71875,34.3277,,,,,,
Composting kitchen waste,6.4,35.71875,58.4189,2.0,58.6,58.6796,7.76,1.56033333333333,579.689570319894,16.0,1.69,52.0,87.5666244802023,32.4497041420118,34.5094,,,,,,
Composting kitchen waste,6.4,35.71875,58.4189,5.0,22.2,57.0309,7.62,1.34966666666667,603.350369108461,0.0,1.85,48.9,86.9888475836431,26.4324324324324,67.2833,,,,,,
Composting kitchen waste,6.4,35.71875,58.4189,10.0,30.4,48.8504999999999,7.19,1.494,232.0,0.0,2.2,42.97,81.9806120047075,19.5318181818182,125.333333333333,,,,,,
Composting kitchen waste,6.4,35.71875,58.4189,15.0,33.9,40.8549,7.5,1.67166666666667,148.0,0.0,2.5,37.72,78.8419964282359,15.088,121.777777777778,,,,,,
Composting kitchen waste,6.4,35.71875,58.4189,20.0,25.6,41.1559,7.36,1.17266666666667,59.1519969714178,0.0,2.65,37.56,77.9559702274869,14.1735849056604,165.387541214363,,,,,,
Composting kitchen waste,6.4,35.71875,58.4189,27.0,27.2,40.5338,7.74,1.77879999999999,54.0,0.0,2.92,36.82,77.5378575434656,12.6095890410959,144.569369154124,,,,,,
Composting kitchen waste,6.51,33.6783625730994,56.1172999999999,0.0,14.0,56.1172999999999,6.51,1.18733333333333,418.0,64.7152528872959,1.71,52.0,89.4549571405471,33.6783625730994,44.0898,,,,,,
Composting kitchen waste,6.51,33.6783625730994,56.1172999999999,2.0,55.2,58.5424,7.83,1.67066666666667,674.332765474162,1.0,1.87,52.0,87.5149164677804,30.4010695187166,42.0683,,,,,,
Composting kitchen waste,6.51,33.6783625730994,56.1172999999999,5.0,31.2,58.9828,7.33,1.77133333333333,548.930531894757,0.0,1.89,52.0,86.5222810844498,28.037037037037,60.7063,,,,,,
Composting kitchen waste,6.51,33.6783625730994,56.1172999999999,10.0,23.2,48.4974999999999,7.22,1.448,267.367026310808,0.0,2.18,45.56,82.4704142011841,20.8990825688073,114.222222222222,,,,,,
Composting kitchen waste,6.51,33.6783625730994,56.1172999999999,15.0,22.2,47.1162999999999,7.27,1.74766666666667,106.473594548552,0.0,2.39,40.9,81.070317782285,17.1129707112971,64.6666666666667,,,,,,
Composting kitchen waste,6.51,33.6783625730994,56.1172999999999,20.0,23.4,40.2084,7.42,1.535,82.8127957599848,0.0,2.66,37.85,79.7657557166763,14.2293233082707,151.783035144023,,,,,,
Composting kitchen waste,6.51,33.6783625730994,56.1172999999999,27.0,24.0,39.7129,7.75,1.68439999999999,75.0,0.0,2.84,37.76,78.0220861359303,13.2957746478873,106.529243177765,,,,,,
Composting kitchen waste,6.64,33.6783625730994,55.4898999999999,0.0,14.8,55.4898999999999,6.64,1.21733333333333,389.0,64.7152528872958,1.71,52.0,89.57,33.6783625730994,46.1073,,,,,,
Composting kitchen waste,6.64,33.6783625730994,55.4898999999999,2.0,48.0,58.9822,7.76,1.72333333333333,799.0,14.0,1.87,52.0,88.0869724100133,30.4010695187166,33.7005,,,,,,
Composting kitchen waste,6.64,33.6783625730994,55.4898999999999,5.0,44.9,57.9922,7.34,1.63066666666667,525.26973310619,0.0,1.89,52.0,86.7610757034046,28.037037037037,58.5517,,,,,,
Composting kitchen waste,6.64,33.6783625730994,55.4898999999999,10.0,22.3,47.1485999999999,7.2,1.203,132.500473215976,0.0,2.18,45.56,83.4879821129122,20.8990825688073,88.2222222222222,,,,,,
Composting kitchen waste,6.64,33.6783625730994,55.4898999999999,15.0,21.2,45.1086999999999,7.36,1.50833333333333,92.2771152754117,0.0,2.39,40.9,79.4584997780736,17.1129707112971,80.6666666666667,,,,,,
Composting kitchen waste,6.64,33.6783625730994,55.4898999999999,20.0,22.3,40.2109,7.45,1.407,73.348476244558,0.0,2.66,37.85,79.1800373134327,14.2293233082707,158.977804366509,,,,,,
Composting kitchen waste,6.64,33.6783625730994,55.4898999999999,27.0,25.9,40.352,7.83,1.73229999999999,69.0,0.0,2.84,37.76,78.2702279620391,13.2957746478873,138.221688357281,,,,,,
Composting kitchen waste,6.63,35.6545454545455,55.4687,0.0,14.6,55.4687,6.63,1.152,350.179822070793,49.7809637594584,1.65,52.0,89.1359149582384,35.6545454545455,39.5102,,,,,,
Composting kitchen waste,6.63,35.6545454545455,55.4687,2.0,59.4,57.9158,7.74,1.645,812.0,2.0,1.68,52.0,87.3549024450495,33.0714285714286,26.27,,,,,,
Composting kitchen waste,6.63,35.6545454545455,55.4687,5.0,40.8,56.8008,7.32,1.51433333333333,522.903653227333,0.0,1.95,51.12,86.8205128205138,26.2153846153846,73.3899,,,,,,
Composting kitchen waste,6.63,35.6545454545455,55.4687,10.0,17.6,45.5357999999999,7.23,1.387,179.82207079311,0.0,2.54,45.09,84.9075975359345,17.751968503937,148.222222222222,,,,,,
Composting kitchen waste,6.63,35.6545454545455,55.4687,15.0,20.2,40.388,7.42,1.519,146.696952489116,0.0,2.64,39.4,83.5119770041521,14.9242424242424,118.222222222222,,,,,,
Composting kitchen waste,6.63,35.6545454545455,55.4687,20.0,20.7,40.3495,7.53,1.63166666666667,108.839674427409,0.0,2.75,38.13,81.7328158257167,13.8654545454545,119.666929104972,,,,,,
Composting kitchen waste,6.63,35.6545454545455,55.4687,27.0,24.1,40.4336,7.83,1.72709999999999,98.0,0.0,2.86,37.95,78.1061799314371,13.2692307692308,130.619495497631,,,,,,
Composting kitchen waste,5.65,25.68904404,71.2959566402422,0.0,19.9,71.2959566402422,5.65,1.74,39.0,8.6,1.64852378056805,42.349,81.22,25.68904404,43.8344444444444,,,,,,
Composting kitchen waste,5.65,25.68904404,71.2959566402422,2.0,36.0,74.1194336118849,5.83,2.105,43.0,0.6,1.6823753169907,39.805,79.23,23.66,61.3157777777778,,,,,,
Composting kitchen waste,5.65,25.68904404,71.2959566402422,4.0,47.7,68.1306452529847,7.105,1.94,138.0,0.0,2.09185,41.837,75.56,20.0,66.4036666666667,,,,,,
Composting kitchen waste,5.65,25.68904404,71.2959566402422,7.0,54.1,62.9543959731543,8.605,2.905,362.0,13.93,2.14312534405128,40.818,69.08,19.04601619,72.6416666666667,,,,,,
Composting kitchen waste,5.65,25.68904404,71.2959566402422,10.0,39.8,58.0795986336465,8.57,3.035,508.0,13.93,2.36252486181685,38.104,67.01,16.12850752,80.2708888888889,,,,,,
Composting kitchen waste,5.65,25.68904404,71.2959566402422,15.0,44.2,52.4666637375513,8.36,3.03,434.0,86.9,2.78443414644556,38.881,63.76,13.96369889,78.3515555555555,,,,,,
Composting kitchen waste,5.65,25.68904404,71.2959566402422,20.0,28.3,50.2693229689067,8.38,3.04,440.0,53.73,2.25169965849379,35.781,61.75,15.8906628,82.5721111111111,,,,,,
Composting kitchen waste,5.65,25.68904404,71.2959566402422,30.0,22.7,44.33,8.48,3.335,267.0,47.1,2.40450208953416,34.448,61.27,14.32645875,88.9215555555556,,,,,,
Composting kitchen waste,6.35,30.21,72.3019879518072,0.0,24.8,72.3019879518072,6.35,1.53,26.0,1.1,1.59712015888779,48.249,82.75,30.21,48.6217777777778,,,,,,
Composting kitchen waste,6.35,30.21,72.3019879518072,2.0,37.4,63.1974850299401,7.215,1.69,41.0,0.0,1.81608961303462,44.585,76.8,24.55,62.8510222222222,,,,,,
Composting kitchen waste,6.35,30.21,72.3019879518072,4.0,63.9,68.9266666666666,8.59,1.9,251.0,0.0,2.03330262551819,44.143,63.19,21.71,81.5213333333333,,,,,,
Composting kitchen waste,6.35,30.21,72.3019879518072,7.0,52.0,62.1465827338129,8.67,2.045,452.0,7.3,2.46586791350088,42.191,59.88,17.11,87.8519132098765,,,,,,
Composting kitchen waste,6.35,30.21,72.3019879518072,10.0,49.9,54.9318723303275,8.58,3.295,520.0,19.61,2.68482668410726,41.051,56.46,15.29,87.6147777777778,,,,,,
Composting kitchen waste,6.35,30.21,72.3019879518072,15.0,49.2,50.9442526690392,8.375,3.27,347.0,60.36,2.96543396226415,39.292,54.29,13.25,91.8493333333333,,,,,,
Composting kitchen waste,6.35,30.21,72.3019879518072,20.0,29.1,42.409547920434,8.395,3.105,380.0,57.05,2.8815,34.578,54.65,12.0,100.029111111111,,,,,,
Composting kitchen waste,6.35,30.21,72.3019879518072,30.0,21.9,33.335,8.47,3.37,99.4,60.36,2.43811442385173,30.257,51.2,12.41,104.608265864682,,,,,,
Composting kitchen waste,5.65,25.8912037,72.5030139026813,0.0,20.7,72.5030139026813,5.65,1.765,26.0,8.1,1.5877979439017,41.11,80.87,25.8912037,43.46,,,,,,
Composting kitchen waste,5.65,25.8912037,72.5030139026813,2.0,32.9,72.1931364724661,5.78,1.815,52.0,0.0,1.7953684149408,45.724,75.58,25.46775337,60.1673333333333,,,,,,
Composting kitchen waste,5.65,25.8912037,72.5030139026813,4.0,49.9,71.3903620032662,6.03,2.09,120.0,0.0,2.0334808259587,41.361,67.62,20.34,58.628,,,,,,
Composting kitchen waste,5.65,25.8912037,72.5030139026813,7.0,53.2,67.1071789528523,8.91,2.345,413.0,23.88,2.1976420132844,37.973,64.14,17.27897436,75.55,,,,,,
Composting kitchen waste,5.65,25.8912037,72.5030139026813,10.0,44.0,60.6150315276583,8.785,2.82,398.0,43.78,2.09018641708665,38.348,60.57,18.34668893,84.753,,,,,,
Composting kitchen waste,5.65,25.8912037,72.5030139026813,15.0,50.3,56.4514656562399,8.235,2.755,428.0,76.95,2.00348253025805,35.093,56.91,17.516,88.0633333333333,,,,,,
Composting kitchen waste,5.65,25.8912037,72.5030139026813,20.0,37.6,50.0570326223338,8.395,3.275,329.0,70.32,2.26839513245414,34.989,56.73,15.4245614,92.0236666666667,,,,,,
Composting kitchen waste,5.65,25.8912037,72.5030139026813,30.0,23.3,40.485,8.65,3.0,216.0,50.41,1.80000000000001,28.124,53.98,15.6244444444444,94.265,,,,,,
Composting kitchen waste,6.16,26.21551724,68.5172904737116,0.0,24.9,68.5172904737116,6.16,2.2,28.0,2.4,1.59115685638099,41.713,82.58,26.21551724,47.372,,,,,,
Composting kitchen waste,6.16,26.21551724,68.5172904737116,2.0,58.3,71.0655555555555,7.34,1.905,67.0,0.0,1.83578820233096,45.576,75.42,24.82639334,64.8383333333333,,,,,,
Composting kitchen waste,6.16,26.21551724,68.5172904737116,4.0,62.1,69.2106459217351,8.565,2.12,314.0,0.0,2.06091515729266,43.238,63.44,20.98,75.794,,,,,,
Composting kitchen waste,6.16,26.21551724,68.5172904737116,7.0,49.0,66.2793693693693,8.33,2.145,467.0,33.83,2.25963141705168,39.219,56.03,17.35637047,88.0283333333333,,,,,,
Composting kitchen waste,6.16,26.21551724,68.5172904737116,10.0,53.7,58.1617875806947,8.675,3.05,443.0,47.1,2.24064594684648,40.493,55.04,18.07202073,91.9543333333333,,,,,,
Composting kitchen waste,6.16,26.21551724,68.5172904737116,15.0,56.9,54.0971803766105,8.51,2.455,461.0,143.28,2.74084651435267,37.429,51.81,13.656,93.978,,,,,,
Composting kitchen waste,6.16,26.21551724,68.5172904737116,20.0,36.8,43.4455159142916,8.605,3.225,374.0,76.95,2.72042473506766,36.6,50.78,13.45378151,103.730666666667,,,,,,
Composting kitchen waste,6.16,26.21551724,68.5172904737116,30.0,22.8,31.475,8.805,3.385,90.4,80.27,2.80077922077922,32.349,49.68,11.55,103.208464260714,,,,,,
livestock manure compost,5.7345,26.7755,60.0,0.0,35.463,60.0,5.7345,1.7846,2515.0,325.49,1.80632,48.36512116,83.38146888,26.7755,32.8821,,,,,,
livestock manure compost,5.7345,26.7755,60.0,3.0,41.866,56.8814,7.1327,2.4366,3449.1,302.42,1.92498,44.36963401,76.49324904,23.0494,39.4615,,,,,,
livestock manure compost,5.7345,26.7755,60.0,6.0,59.134,53.0847,7.9646,3.0118,5197.6,243.4,1.83675,37.59772148,64.81847182,20.4697,30.5469,,,,,,
livestock manure compost,5.7345,26.7755,60.0,9.0,53.119,49.4237,8.177,3.1566,1940.1,203.99,1.7855,33.478125,57.7162875,18.75,63.1219,,,,,,
livestock manure compost,5.7345,26.7755,60.0,12.0,38.955,45.2203,8.0177,3.5596,814.4,200.52,1.91893,32.67995358,56.34023997,17.0303,79.4691,,,,,,
livestock manure compost,5.7345,26.7755,60.0,15.0,37.403,41.2881,7.5044,4.0488,263.5,309.81,2.12992,34.59416064,59.64033294,16.242,87.21,,,,,,
livestock manure compost,5.7345,26.7755,60.0,20.0,28.478,32.4746,7.4159,3.7828,167.7,420.59,2.24149,34.800253,59.99563616,15.5255,94.5193,,,,,,
livestock manure compost,5.7345,26.7755,60.0,25.0,26.925,25.9661,7.3451,3.5742,167.7,497.05,2.24961,33.63661864,57.98953054,14.9522,95.4555,,,,,,
livestock manure compost,6.1593,28.2086,57.8305,0.0,35.269,57.8305,6.1593,1.9569,2515.0,302.62,1.72506,48.66152752,83.89247344,28.2086,33.3853,,,,,,
livestock manure compost,6.1593,28.2086,57.8305,3.0,46.91,54.3051,7.4159,2.7332,3880.2,312.23,1.79568,42.41863037,73.12971875,23.6226,32.8398,,,,,,
livestock manure compost,6.1593,28.2086,57.8305,6.0,62.435,50.1017,8.0885,2.8492,6299.4,222.16,1.95867,36.44438509,62.83011989,18.6067,32.0851,,,,,,
livestock manure compost,6.1593,28.2086,57.8305,9.0,53.896,44.678,8.3186,3.3479,2802.4,189.28,1.92958,32.86132627,56.6529265,17.0303,64.3224,,,,,,
livestock manure compost,6.1593,28.2086,57.8305,12.0,37.015,42.1017,8.3186,4.0476,1173.7,246.27,2.09253,32.48757452,56.00857846,15.5255,82.8707,,,,,,
livestock manure compost,6.1593,28.2086,57.8305,15.0,30.806,40.2034,7.8584,4.2402,766.5,365.37,2.2075,32.05797725,55.26795278,14.5223,85.9631,,,,,,
livestock manure compost,6.1593,28.2086,57.8305,20.0,30.03,33.6949,7.8053,4.0029,215.6,432.02,2.36707,33.01825943,56.92347926,13.949,94.1411,,,,,,
livestock manure compost,6.1593,28.2086,57.8305,25.0,27.119,27.5932,7.646,3.7272,263.5,541.18,2.32719,31.128028,53.66472028,13.3758,94.2222,,,,,,
livestock manure compost,5.9292,26.9188,57.9661,0.0,34.104,57.9661,5.9292,1.9952,2203.6,322.22,1.77677,47.82851628,82.45636206,26.9188,35.2207,,,,,,
livestock manure compost,5.9292,26.9188,57.9661,3.0,45.94,53.2203,7.2389,2.8193,3664.7,289.34,1.9656,44.46069264,76.65023411,22.6194,40.424,,,,,,
livestock manure compost,5.9292,26.9188,57.9661,6.0,60.687,48.339,7.9646,3.0693,6682.6,267.91,1.88109,36.34867829,62.66512137,19.3232,55.028,,,,,,
livestock manure compost,5.9292,26.9188,57.9661,9.0,52.149,43.5932,8.2301,3.3671,2634.7,246.47,1.74854,31.15635999,53.71356462,17.8185,72.7975,,,,,,
livestock manure compost,5.9292,26.9188,57.9661,12.0,33.91,40.8814,8.2478,3.7893,1556.9,213.59,2.01867,30.61757162,52.78469348,15.1672,88.3518,,,,,,
livestock manure compost,5.9292,26.9188,57.9661,15.0,32.164,38.7119,7.8761,4.1445,526.9,334.31,2.25182,32.37891978,55.8212577,14.379,90.2884,,,,,,
livestock manure compost,5.9292,26.9188,57.9661,20.0,31.194,30.3051,7.8407,4.0985,239.5,430.4,2.32275,32.06718968,55.283835,13.8057,95.0149,,,,,,
livestock manure compost,5.9292,26.9188,57.9661,25.0,26.149,26.6441,7.6814,3.8708,263.5,488.89,2.35305,30.12492263,51.93536661,12.8025,92.5264,,,,,,
livestock manure compost,5.2389,26.8471,57.4237,0.0,32.164,57.4237,5.2389,2.4163,2395.2,335.3,1.76569,47.403656,81.72390294,26.8471,37.1074,,,,,,
livestock manure compost,5.2389,26.8471,57.4237,3.0,42.642,54.8475,6.8319,3.2308,4263.5,299.16,1.86218,43.32231417,74.68766964,23.2643,38.3426,,,,,,
livestock manure compost,5.2389,26.8471,57.4237,6.0,62.045,52.1356,7.646,3.5095,7401.2,233.59,1.89956,36.9779747,63.75002838,19.4666,38.1081,,,,,,
livestock manure compost,5.2389,26.8471,57.4237,9.0,52.925,47.5254,8.0354,3.7881,3281.4,212.15,1.8557,30.1402794,51.96184169,16.242,66.9373,,,,,,
livestock manure compost,5.2389,26.8471,57.4237,12.0,36.045,45.3559,7.8938,4.306,2155.7,220.13,2.11469,30.71016259,52.9443203,14.5223,72.5405,,,,,,
livestock manure compost,5.2389,26.8471,57.4237,15.0,32.164,43.0508,7.6991,4.6325,1413.2,308.18,2.33309,32.71155496,56.39472076,14.0207,84.3982,,,,,,
livestock manure compost,5.2389,26.8471,57.4237,20.0,28.672,31.5254,7.5221,4.5388,958.1,399.34,2.44465,32.17354972,55.46719972,13.1608,92.7374,,,,,,
livestock manure compost,5.2389,26.8471,57.4237,25.0,28.672,25.2881,7.4867,4.3302,694.6,487.25,2.40846,30.48917683,52.56334086,12.6592,90.0993,,,,,,
livestock manure compost,4.2814,20.9961,75.06,0.0,28.207,75.06,4.2814,1.8654,1174.3307,423.4865,1.523330523,31.984,85.53,20.9961,32.8821,,,,,,
livestock manure compost,4.2814,20.9961,75.06,3.0,40.095,75.06,7.7641,2.2212,3052.7105,476.162,1.437888889,25.882,80.53,18.0,39.4615,,,,,,
livestock manure compost,4.2814,20.9961,75.06,6.0,23.881,77.771,8.1862,2.5481,921.6814,653.1363,1.146086105,20.12,75.076,17.5554,30.5469,,,,,,
livestock manure compost,4.2814,20.9961,75.06,9.0,18.262,76.687,8.3421,2.7788,959.8679,532.2974,1.178235294,20.03,72.803,17.0,63.1219,,,,,,
livestock manure compost,4.2814,20.9961,75.06,12.0,19.195,79.217,8.2317,2.7115,957.8126,624.9962,0.933187375,15.174,70.758,16.2604,79.4691,,,,,,
livestock manure compost,4.2814,20.9961,75.06,15.0,23.214,79.036,8.1784,3.2404,884.9223,562.2239,0.850625,13.61,70.0,16.0,87.21,,,,,,
livestock manure compost,4.2814,20.9961,75.06,18.0,28.548,76.506,8.1633,3.5962,1261.2857,685.1596,1.085777894,16.582,69.091,15.272,94.5193,,,,,,
livestock manure compost,4.2814,20.9961,75.06,24.0,20.525,77.229,8.5323,3.6635,510.3792,717.9497,0.849729802,12.658,69.091,14.8965,95.4555,,,,,,
livestock manure compost,4.2814,20.9961,75.06,30.0,18.809,74.337,8.5018,3.1154,468.0153,786.1706,0.832619659,12.25,68.106,14.7126,97.99,,,,,,
livestock manure compost,5.0608,17.7629,59.699,0.0,33.326,59.699,5.0608,2.4519,1757.4671,570.7682,2.049665314,36.408,78.485,17.7629,33.3853,,,,,,
livestock manure compost,5.0608,17.7629,59.699,3.0,49.143,58.434,8.0304,2.8846,4050.8389,345.5596,2.447,39.152,71.818,16.0,32.8398,,,,,,
livestock manure compost,5.0608,17.7629,59.699,6.0,40.192,53.554,8.9849,3.7885,5343.5666,487.9349,1.917563831,27.946,68.712,14.5737,32.0851,,,,,,
livestock manure compost,5.0608,17.7629,59.699,9.0,21.001,52.289,8.9505,4.0481,882.6709,609.0691,1.795285714,25.134,67.727,14.0,64.3224,,,,,,
livestock manure compost,5.0608,17.7629,59.699,12.0,22.047,51.205,8.8401,4.3173,841.7777,716.9718,1.784353721,23.794,66.591,13.3348,82.8707,,,,,,
livestock manure compost,5.0608,17.7629,59.699,15.0,27.977,48.494,8.977,4.5865,1059.6616,727.1638,1.552923077,20.188,64.697,13.0,85.9631,,,,,,
livestock manure compost,5.0608,17.7629,59.699,18.0,29.977,43.253,8.9238,4.9423,1050.7842,553.6052,1.86389038,23.614,62.652,12.6692,94.1411,,,,,,
livestock manure compost,5.0608,17.7629,59.699,24.0,23.024,42.53,9.2546,5.0288,945.2895,2076.4053,1.750102821,21.276,61.591,12.157,94.2222,,,,,,
livestock manure compost,5.0608,17.7629,59.699,30.0,22.024,38.373,9.3195,5.1154,901.1905,2082.5363,1.829580603,22.004,61.136,12.0268,96.13,,,,,,
livestock manure compost,5.2507,26.9789,60.422,0.0,32.374,60.422,5.2507,1.5192,1628.0086,290.8334,1.214949461,32.778,89.242,26.9789,35.2207,,,,,,
livestock manure compost,5.2507,26.9789,60.422,3.0,52.12,57.349,7.4598,1.8269,1353.7675,195.5715,1.7825,42.78,86.515,24.0,40.424,,,,,,
livestock manure compost,5.2507,26.9789,60.422,6.0,44.953,56.988,8.3764,2.25,809.3781,297.2497,1.297457376,30.668,84.091,23.637,55.028,,,,,,
livestock manure compost,5.2507,26.9789,60.422,9.0,33.739,54.458,8.6651,2.0,1902.6988,379.9352,1.065090909,23.432,82.727,22.0,72.7975,,,,,,
livestock manure compost,5.2507,26.9789,60.422,12.0,23.954,52.651,8.441,2.1635,849.289,591.2938,0.946241521,20.506,81.742,21.671,88.3518,,,,,,
livestock manure compost,5.2507,26.9789,60.422,15.0,35.0,49.217,8.2926,2.3077,1962.1508,717.4002,0.8846,17.692,80.227,20.0,90.2884,,,,,,
livestock manure compost,5.2507,26.9789,60.422,18.0,37.0,47.771,8.4105,2.5865,2091.1665,670.0596,0.712954791,14.54,78.561,20.394,95.0149,,,,,,
livestock manure compost,5.2507,26.9789,60.422,24.0,24.93,46.867,8.7414,2.3942,836.7061,679.4438,0.80775614,15.38,76.515,19.0404,92.5264,,,,,,
livestock manure compost,5.2507,26.9789,60.422,30.0,20.596,42.349,8.768,2.2981,575.6043,719.1375,0.777413766,14.404,74.773,18.5281,95.22,,,,,,
livestock manure compost,5.0227,25.2963,58.976,0.0,35.588,58.976,5.0227,2.0288,2003.8321,288.6134,1.506465372,38.108,87.576,25.2963,37.1074,,,,,,
livestock manure compost,5.0227,25.2963,58.976,3.0,54.739,56.265,7.555,2.9135,1808.0481,237.9469,2.022782609,46.524,81.894,23.0,38.3426,,,,,,
livestock manure compost,5.0227,25.2963,58.976,6.0,50.19,50.12,8.3193,3.3269,4551.6514,604.1393,2.309407136,44.96,77.424,19.4682,38.1081,,,,,,
livestock manure compost,5.0227,25.2963,58.976,9.0,33.262,43.976,8.3992,3.4519,1674.6551,482.9906,2.932823529,49.858,74.848,17.0,66.9373,,,,,,
livestock manure compost,5.0227,25.2963,58.976,12.0,24.666,42.53,8.2126,4.0577,798.2224,797.8202,3.010300529,46.818,74.242,15.5526,72.5405,,,,,,
livestock manure compost,5.0227,25.2963,58.976,15.0,26.072,39.819,8.0075,3.9327,702.1051,761.7452,2.895866667,43.438,72.879,15.0,84.3982,,,,,,
livestock manure compost,5.0227,25.2963,58.976,18.0,34.024,35.301,7.7452,4.4231,1397.8563,678.5128,2.651815555,37.45,71.439,14.1224,92.7374,,,,,,
livestock manure compost,5.0227,25.2963,58.976,24.0,21.119,26.988,7.5816,4.1442,797.774,985.1364,2.289768798,30.464,69.091,13.3044,90.0993,,,,,,
livestock manure compost,5.0227,25.2963,58.976,30.0,20.118,21.566,7.5132,3.9327,505.4937,1147.5471,2.102774859,27.22,67.576,12.9448,94.2,,,,,,
livestock manure compost,5.79,30.21986971,74.62,0.0,31.4,74.62,5.79,4.88,339.0,280.3,1.662,40.811,86.58863004,30.21986971,22.47,,,,,,
livestock manure compost,5.79,30.21986971,74.62,5.0,66.4,69.52,5.98,4.35,1044.0,416.9,1.228,37.11,51.9854545,24.55535499,51.19,,,,,,
livestock manure compost,5.79,30.21986971,74.62,12.0,40.9,38.51,6.62,4.25,916.0,679.2,1.927,32.977,56.85234801,17.11312922,80.83,,,,,,
livestock manure compost,5.79,30.21986971,74.62,20.0,32.5,32.68,6.85,5.54,403.0,663.8,2.4,34.205,58.96941999,14.25208333,99.58,,,,,,
livestock manure compost,5.79,30.21986971,74.62,25.0,37.1,35.35,6.65,3.88,675.0,544.8,2.655,31.865,54.93526,12.00188324,76.97,,,,,,
livestock manure compost,5.79,30.21986971,74.62,30.0,33.4,20.85,7.09,3.25,589.0,643.9,2.638,32.75,56.46099999,12.41470811,80.03,,,,,,
livestock manure compost,6.05,25.2318314,75.13,0.0,27.6,75.13,6.05,7.58,951.0,323.5,1.376,34.719,59.85555601,25.2318314,13.45,,,,,,
livestock manure compost,6.05,25.2318314,75.13,5.0,67.9,59.39,6.43,4.25,1181.0,432.4,1.372,32.664,56.31273599,23.80758017,77.93,,,,,,
livestock manure compost,6.05,25.2318314,75.13,12.0,59.7,43.55,6.55,3.86,480.0,506.7,1.285,30.782,53.06816799,23.95486381,95.87,,,,,,
livestock manure compost,6.05,25.2318314,75.13,20.0,60.6,33.13,6.63,5.16,1531.0,597.7,1.638,29.63,51.08212,18.08913309,96.19,,,,,,
livestock manure compost,6.05,25.2318314,75.13,25.0,43.8,25.06,6.73,4.33,271.0,553.7,1.785,25.737,44.37058798,14.41848739,86.12,,,,,,
livestock manure compost,6.05,25.2318314,75.13,30.0,32.2,20.04,7.39,3.45,156.0,434.8,2.078,22.5,38.79,10.82771896,87.3,,,,,,
livestock manure compost,6.28,21.21418827,70.39,0.0,16.6,70.39,6.28,4.98,955.0,203.6,2.199,46.65,80.42460001,21.21418827,28.93,,,,,,
livestock manure compost,6.28,21.21418827,70.39,5.0,54.8,67.7,6.23,7.04,1149.0,856.1,1.866,40.526,69.86682399,21.71811361,64.64,,,,,,
livestock manure compost,6.28,21.21418827,70.39,12.0,31.6,29.1,6.65,7.26,734.0,649.2,2.023,37.111,63.97936402,18.34453782,85.65,,,,,,
livestock manure compost,6.28,21.21418827,70.39,20.0,67.2,20.48,7.05,11.14,1470.0,898.7,2.4,32.443,55.93173201,13.51791667,93.18,,,,,,
livestock manure compost,6.28,21.21418827,70.39,25.0,45.8,22.61,6.99,7.21,969.0,386.4,2.59,29.885,51.52174001,11.53861004,98.27,,,,,,
livestock manure compost,6.28,21.21418827,70.39,30.0,34.5,15.37,7.01,4.52,708.0,748.5,2.374,26.724,46.07217598,11.25695029,87.01,,,,,,
livestock manure compost,5.88,25.8912037,75.23,0.0,25.0,75.23,5.88,8.25,1081.0,179.7,1.728,44.74,77.13175999,25.8912037,47.81,,,,,,
livestock manure compost,5.88,25.8912037,75.23,5.0,66.6,62.02,6.59,7.25,1141.0,543.1,1.411,35.935,61.95194001,25.46775337,54.78,,,,,,
livestock manure compost,5.88,25.8912037,75.23,12.0,66.7,70.59,6.98,6.13,1041.0,339.1,1.95,33.694,58.088456,17.27897436,89.68,,,,,,
livestock manure compost,5.88,25.8912037,75.23,20.0,50.7,32.01,7.34,7.81,554.0,916.9,1.797,32.969,56.83855601,18.34668893,114.36,,,,,,
livestock manure compost,5.88,25.8912037,75.23,25.0,34.0,17.33,7.7,5.15,586.0,827.9,1.75,30.653,52.845772,17.516,97.02,,,,,,
livestock manure compost,5.88,25.8912037,75.23,30.0,30.3,15.11,7.7,4.91,589.0,778.7,1.71,26.376,45.47222399,15.4245614,90.54,,,,,,
livestock manure compost,5.74,23.70598007,79.04,0.0,26.6,79.04,5.74,9.78,1441.0,277.8,1.806,42.813,73.80961201,23.70598007,26.74,,,,,,
livestock manure compost,5.74,23.70598007,79.04,5.0,68.8,67.62,6.0,3.13,1084.0,346.6,2.721,41.606,71.72874401,15.29070195,50.11,,,,,,
livestock manure compost,5.74,23.70598007,79.04,12.0,63.4,29.79,6.9,8.64,1466.0,206.2,2.987,37.906,65.349944,12.69032474,97.53,,,,,,
livestock manure compost,5.74,23.70598007,79.04,20.0,57.6,34.46,7.12,7.5,262.0,530.4,3.06,33.733,58.155692,11.02385621,105.32,,,,,,
livestock manure compost,5.74,23.70598007,79.04,25.0,59.7,32.01,7.19,6.0,196.0,354.7,2.983,30.913,53.29401198,10.36305732,87.96,,,,,,
livestock manure compost,5.74,23.70598007,79.04,30.0,34.4,17.33,7.37,3.89,248.0,534.8,2.405,27.589,47.56343599,11.47151767,117.98,,,,,,
livestock manure compost,6.22,25.68904404,73.28,0.0,18.9,73.28,6.22,6.99,442.0,175.4,1.862,47.833,82.464092,25.68904404,42.37,,,,,,
livestock manure compost,6.22,25.68904404,73.28,5.0,56.8,66.51,6.81,5.96,822.0,388.7,2.347,44.701,77.064524,19.04601619,42.14,,,,,,
livestock manure compost,6.22,25.68904404,73.28,12.0,67.2,45.79,5.98,6.13,561.0,593.2,2.459,39.66,68.37383999,16.12850752,77.45,,,,,,
livestock manure compost,6.22,25.68904404,73.28,20.0,63.6,21.72,6.25,6.26,257.0,624.3,2.617,36.543,63.00013199,13.96369889,84.83,,,,,,
livestock manure compost,6.22,25.68904404,73.28,25.0,50.4,29.17,6.14,5.01,114.0,575.7,2.067,32.846,56.62650401,15.8906628,82.83,,,,,,
livestock manure compost,6.22,25.68904404,73.28,30.0,33.7,19.0,6.47,4.31,95.0,586.8,1.988,28.481,49.10124399,14.32645875,88.47,,,,,,
livestock manure compost,5.89,23.34650456,71.02,0.0,30.7,71.02,5.89,5.63,520.0,274.5,1.974,46.086,79.452264,23.34650456,67.54,,,,,,
livestock manure compost,5.89,23.34650456,71.02,5.0,66.4,64.53,6.11,5.25,458.0,343.6,1.719,34.969,60.286556,20.34264107,71.59,,,,,,
livestock manure compost,5.89,23.34650456,71.02,12.0,53.3,53.82,7.11,6.19,812.0,575.1,2.014,35.052,60.42964798,17.4041708,96.23,,,,,,
livestock manure compost,5.89,23.34650456,71.02,20.0,47.1,29.38,7.61,6.11,197.0,853.6,1.554,31.697,54.64562801,20.3970399,110.22,,,,,,
livestock manure compost,5.89,23.34650456,71.02,25.0,37.5,23.14,7.14,6.54,686.0,753.6,1.876,28.713,49.501212,15.3054371,86.95,,,,,,
livestock manure compost,5.89,23.34650456,71.02,30.0,34.2,18.15,7.33,4.0,598.0,702.4,1.743,26.673,45.984252,15.30292599,87.93,,,,,,
livestock manure compost,5.95,23.22417154,63.13,0.0,22.4,63.13,5.95,8.12,588.0,322.3,2.052,47.656,82.158944,23.22417154,17.11,,,,,,
livestock manure compost,5.95,23.22417154,63.13,5.0,64.8,58.1,6.17,5.88,952.0,379.9,1.875,36.957,63.713868,19.7104,54.55,,,,,,
livestock manure compost,5.95,23.22417154,63.13,12.0,58.7,59.27,7.17,5.23,448.0,332.5,2.269,33.303,57.414372,14.67739092,86.75,,,,,,
livestock manure compost,5.95,23.22417154,63.13,20.0,60.1,22.46,7.42,6.22,163.0,441.5,2.526,32.052,55.25764798,12.6888361,90.54,,,,,,
livestock manure compost,5.95,23.22417154,63.13,25.0,35.8,11.01,7.13,7.25,116.0,332.5,2.09,31.014,53.468136,14.83923445,144.17,,,,,,
livestock manure compost,5.95,23.22417154,63.13,30.0,28.1,11.89,7.25,4.25,128.0,344.9,2.596,29.62,51.06488002,11.40986133,106.06,,,,,,
livestock manure compost,5.38,26.21551724,73.14,0.0,28.8,73.14,5.38,7.22,633.0,253.4,1.74,45.615,78.64026,26.21551724,21.04,,,,,,
livestock manure compost,5.38,26.21551724,73.14,5.0,62.2,68.86,5.98,6.41,583.0,381.5,1.561,38.754,66.81189601,24.82639334,58.19,,,,,,
livestock manure compost,5.38,26.21551724,73.14,12.0,58.6,49.21,6.98,7.65,555.0,224.4,2.127,36.917,63.64490798,17.35637047,77.64,,,,,,
livestock manure compost,5.38,26.21551724,73.14,20.0,43.7,21.6,7.22,6.56,200.0,763.8,1.93,34.879,60.13139602,18.07202073,96.09,,,,,,
livestock manure compost,5.38,26.21551724,73.14,25.0,37.3,21.39,7.45,6.36,617.0,762.1,2.5,34.14,58.85736,13.656,82.94,,,,,,
livestock manure compost,5.38,26.21551724,73.14,30.0,33.2,14.95,7.51,4.74,258.0,732.8,2.38,32.02,55.20247999,13.45378151,85.51,,,,,,
livestock manure compost,5.71,22.3655914,73.3,0.0,22.4,73.3,5.71,5.56,522.0,196.0,2.139,47.84,82.47616001,22.3655914,46.18,,,,,,
livestock manure compost,5.71,22.3655914,73.3,5.0,68.2,63.59,6.87,7.64,876.0,387.2,2.351,37.642,64.89480798,16.01105912,78.12,,,,,,
livestock manure compost,5.71,22.3655914,73.3,12.0,53.3,61.49,7.87,6.89,213.0,612.6,2.467,34.535,59.53834001,13.99878395,95.45,,,,,,
livestock manure compost,5.71,22.3655914,73.3,20.0,50.7,30.4,7.88,7.34,692.0,799.9,2.215,32.133,55.39729199,14.50699774,99.98,,,,,,
livestock manure compost,5.71,22.3655914,73.3,25.0,32.1,20.04,7.72,6.0,844.0,953.3,2.425,32.061,55.27316401,13.22103093,99.12,,,,,,
livestock manure compost,5.71,22.3655914,73.3,30.0,32.1,24.23,7.24,4.72,150.0,717.8,2.084,28.305,48.79781999,13.58205374,113.12,,,,,,
livestock manure compost,7.0598,29.258,60.575,1.0,25.505,60.575,7.0598,0.73896,561.7,347.4142,0.29721,8.69577018,83.892,29.258,44.9645,,,,,,
livestock manure compost,7.0598,29.258,60.575,4.0,55.825,58.852,7.3663,0.81221,2385.7,325.4938,0.31581,9.54219915,81.873,30.215,46.8464,,,,,,
livestock manure compost,7.0598,29.258,60.575,7.0,57.904,56.935,8.6766,1.02035,3976.1,476.8103,0.3493,7.5455786,81.579,21.602,36.7017,,,,,,
livestock manure compost,7.0598,29.258,60.575,10.0,46.805,53.834,8.3292,1.17268,2041.3,464.2251,0.31085,6.5023603,79.089,20.918,52.0023,,,,,,
livestock manure compost,7.0598,29.258,60.575,13.0,38.445,43.055,8.1454,1.31569,1950.9,774.4561,0.31829,5.61368073,73.462,17.637,66.4303,,,,,,
livestock manure compost,7.0598,29.258,60.575,16.0,28.03,40.94,7.5881,1.31915,1953.8,1069.5184,0.29597,3.43946737,68.775,11.621,83.7669,,,,,,
livestock manure compost,7.0598,29.258,60.575,19.0,23.606,37.839,7.0074,1.34595,1840.0,327.4587,0.28729,2.23885097,67.54,7.793,88.0149,,,,,,
livestock manure compost,7.0598,29.258,60.575,22.0,20.379,37.299,6.9402,1.32614,1095.8,235.1989,0.27612,1.81189944,57.05,6.562,87.2319,,,,,,
livestock manure compost,7.0365,29.805,60.772,1.0,23.451,60.772,7.0365,0.79478,701.8,352.9873,0.30589,9.11705145,85.618,29.805,48.2472,,,,,,
livestock manure compost,7.0365,29.805,60.772,4.0,57.707,60.034,7.6697,0.91452,2035.5,351.5306,0.33194,9.66642474,83.756,29.121,42.6227,,,,,,
livestock manure compost,7.0365,29.805,60.772,7.0,58.246,55.753,8.6999,1.06221,4653.2,399.9634,0.36667,8.47191035,80.638,23.105,38.6584,,,,,,
livestock manure compost,7.0365,29.805,60.772,10.0,44.237,51.864,8.0957,1.20987,3582.2,684.2351,0.34062,6.84578076,75.01,20.098,46.9946,,,,,,
livestock manure compost,7.0365,29.805,60.772,13.0,31.22,45.616,7.7719,1.35288,1624.0,811.8354,0.33566,6.05765602,71.736,18.047,72.076,,,,,,
livestock manure compost,7.0365,29.805,60.772,16.0,25.463,41.923,7.4013,1.38428,1510.2,839.3314,0.30465,5.03982495,66.892,16.543,84.0724,,,,,,
livestock manure compost,7.0365,29.805,60.772,19.0,21.552,36.855,7.1941,1.36915,1302.9,632.1981,0.26744,3.10792024,62.99,11.621,89.7756,,,,,,
livestock manure compost,7.0365,29.805,60.772,22.0,20.037,35.331,7.1036,1.38662,1399.3,249.3063,0.21907,1.9168625,57.677,8.75,88.4115,,,,,,
livestock manure compost,7.2933,29.531,60.181,1.0,23.452,60.181,7.2933,0.69244,725.2,353.9346,0.30961,9.14309291,85.304,29.531,48.6498,,,,,,
livestock manure compost,7.2933,29.531,60.181,4.0,57.878,62.4,7.9733,0.85408,1405.2,411.5254,0.36047,11.92651042,84.697,33.086,33.0938,,,,,,
livestock manure compost,7.2933,29.531,60.181,7.0,60.128,59.494,8.7933,1.15055,4116.3,369.1504,0.34434,8.23867884,79.697,23.926,38.5183,,,,,,
livestock manure compost,7.2933,29.531,60.181,10.0,47.318,55.41,8.6328,1.21916,2788.4,412.3033,0.35426,7.55565728,73.912,21.328,47.1112,,,,,,
livestock manure compost,7.2933,29.531,60.181,13.0,32.112,51.521,7.9587,1.28778,1997.6,800.5075,0.29101,5.4506173,74.716,18.73,54.701,,,,,,
livestock manure compost,7.2933,29.531,60.181,16.0,26.49,43.892,7.5414,1.32847,1323.5,989.9212,0.28481,4.43904866,69.873,15.586,79.4569,,,,,,
livestock manure compost,7.2933,29.531,60.181,19.0,19.498,39.808,7.3108,1.33196,999.6,952.6446,0.27364,3.44184392,67.383,12.578,87.8938,,,,,,
livestock manure compost,7.2933,29.531,60.181,22.0,18.326,35.92,7.2671,1.3773,815.7,480.281,0.26,2.80826,56.578,10.801,89.0827,,,,,,
livestock manure compost,6.9766,29.961,60.625,1.0,24.016,60.625,6.9766,0.74414,695.0,353.8872,0.30786,9.22379346,83.634,29.961,49.3007,,,,,,
livestock manure compost,6.9766,29.961,60.625,4.0,59.161,62.773,8.7344,0.94766,4911.2,373.5137,0.38242,10.5203742,80.359,27.51,37.4141,,,,,,
livestock manure compost,6.9766,29.961,60.625,7.0,58.106,61.406,8.8516,1.10414,3938.2,376.1275,0.34988,8.4338574,76.773,24.105,35.8784,,,,,,
livestock manure compost,6.9766,29.961,60.625,10.0,45.728,51.836,8.2422,1.19001,2386.1,427.3981,0.32981,7.41116051,70.707,22.471,52.5818,,,,,,
livestock manure compost,6.9766,29.961,60.625,13.0,36.951,41.094,7.7734,1.30414,2015.4,724.1914,0.28731,5.55628809,69.913,19.339,80.6194,,,,,,
livestock manure compost,6.9766,29.961,60.625,16.0,30.406,36.406,7.0469,1.35237,1413.1,874.5527,0.26226,3.42878724,65.088,13.074,92.5491,,,,,,
livestock manure compost,6.9766,29.961,60.625,19.0,27.292,34.844,6.8359,1.4194,787.6,222.9891,0.25463,1.76865998,57.936,6.946,86.6833,,,,,,
livestock manure compost,6.9766,29.961,60.625,22.0,23.835,34.844,6.9297,1.41117,1343.6,177.133,0.24327,1.1263401,52.8,4.63,88.2153,,,,,,
livestock manure compost,7.2344,28.191,62.383,1.0,23.158,62.383,7.2344,0.69237,556.0,359.7326,0.32032,9.03014112,84.254,28.191,46.8313,,,,,,
livestock manure compost,7.2344,28.191,62.383,4.0,41.833,63.359,7.7031,0.94763,2200.8,358.2093,0.35004,9.91558308,77.258,28.327,43.5646,,,,,,
livestock manure compost,7.2344,28.191,62.383,7.0,57.249,55.547,8.3359,1.1559,5027.0,380.7599,0.2951,8.8013575,75.689,29.825,41.4938,,,,,,
livestock manure compost,7.2344,28.191,62.383,10.0,55.164,49.883,8.6172,1.33116,2687.3,323.6826,0.28249,7.84813718,69.932,27.782,41.3911,,,,,,
livestock manure compost,7.2344,28.191,62.383,13.0,42.27,45.781,7.8906,1.38881,1853.3,402.4424,0.24871,6.36772213,71.463,25.603,60.8829,,,,,,
livestock manure compost,7.2344,28.191,62.383,16.0,31.95,40.703,7.3984,1.41353,1575.3,582.3329,0.24109,4.92498652,66.793,20.428,84.026,,,,,,
livestock manure compost,7.2344,28.191,62.383,19.0,29.18,37.969,7.3047,1.40525,787.6,424.1274,0.19362,4.08712458,55.611,21.109,85.4103,,,,,,
livestock manure compost,7.2344,28.191,62.383,22.0,23.493,37.578,7.0938,1.38764,810.8,310.8454,0.16109,3.22486071,55.901,20.019,87.0895,,,,,,
livestock manure compost,7.0938,30.097,59.063,1.0,23.844,59.063,7.0938,0.7112,440.2,340.637,0.29665,8.92827505,83.014,30.097,46.3335,,,,,,
livestock manure compost,7.0938,30.097,59.063,4.0,45.779,61.406,7.7969,0.99472,1853.3,361.8701,0.31641,9.2644848,78.343,29.28,42.6241,,,,,,
livestock manure compost,7.0938,30.097,59.063,7.0,56.219,53.789,8.4531,1.0712,4471.0,391.4318,0.33993,8.74945827,78.479,25.739,43.1519,,,,,,
livestock manure compost,7.0938,30.097,59.063,10.0,50.188,50.664,8.5938,1.27,2223.9,356.3431,0.29494,8.6358432,73.653,29.28,40.8443,,,,,,
livestock manure compost,7.0938,30.097,59.063,13.0,50.163,44.414,8.1719,1.37473,903.5,357.8596,0.2649,7.5758751,66.502,28.599,55.3976,,,,,,
livestock manure compost,7.0938,30.097,59.063,16.0,34.524,41.094,7.8203,1.34295,880.3,428.1493,0.25603,5.71843005,59.196,22.335,75.5718,,,,,,
livestock manure compost,7.0938,30.097,59.063,19.0,30.038,38.555,7.2109,1.40999,718.1,262.1141,0.24342,4.07752842,55.456,16.751,90.3549,,,,,,
livestock manure compost,7.0938,30.097,59.063,22.0,23.492,33.672,6.9063,1.42531,973.0,354.4825,0.20093,2.92795196,54.041,14.572,95.2546,,,,,,
livestock manure compost,7.686,19.73577101,67.805,1.0,30.165,67.805,7.686,2.6778,2299.7,44.32,2.46,32.71627219,87.143,19.73577101,50.571,,,,,,
livestock manure compost,7.686,19.73577101,67.805,3.0,47.159,70.549,6.0235,4.1306,3464.5,8.21,2.5422,32.71627219,80.238,19.73577101,47.332,,,,,,
livestock manure compost,7.686,19.73577101,67.805,5.0,52.945,68.262,5.1546,4.9223,6732.7,69.58,2.6297,32.71627219,76.19,19.73577101,45.772,,,,,,
livestock manure compost,7.686,19.73577101,67.805,7.0,47.027,66.28,6.1686,4.4744,8386.6,104.34,2.5009,32.71627219,74.643,19.73577101,51.653,,,,,,
livestock manure compost,7.686,19.73577101,67.805,9.0,43.747,64.756,7.1305,3.3653,11459.5,108.1,2.4051,32.71627219,72.143,19.73577101,62.399,,,,,,
livestock manure compost,7.686,19.73577101,67.805,11.0,37.665,62.774,7.5743,3.0826,13407.0,196.04,2.4001,32.71627219,70.238,19.73577101,71.285,,,,,,
livestock manure compost,7.686,19.73577101,67.805,13.0,37.681,60.488,7.7454,2.0066,13299.2,339.37,2.3863,32.71627219,69.405,19.73577101,84.601,,,,,,
livestock manure compost,7.686,19.73577101,67.805,15.0,35.061,58.506,7.8917,2.0876,12066.0,480.5,2.2866,32.71627219,68.69,19.73577101,83.225,,,,,,
livestock manure compost,7.686,19.73577101,67.805,17.0,34.252,57.591,7.8148,1.9537,11958.2,566.23,2.2388,32.71627219,67.976,19.73577101,84.515,,,,,,
livestock manure compost,7.686,19.73577101,67.805,19.0,35.093,56.524,8.0851,3.1586,12291.0,658.59,2.2,32.71627219,68.095,19.73577101,89.692,,,,,,
livestock manure compost,7.686,19.73577101,67.805,21.0,34.45,55.762,7.9586,2.843,11449.5,638.02,2.1771,32.71627219,66.19,19.73577101,97.714,,,,,,
sludge waste composting,6.2436,23.4545,64.8892,0.0,27.127,64.8892,6.2436,2.26279,494.97,400.4,1.8111,42.47844495,68.6895,23.4545,60.774,,,,,,
sludge waste composting,6.2436,23.4545,64.8892,4.0,50.686,58.1953,8.0527,2.91739,1269.16,624.85,1.8141,36.22993533,60.7333,19.9713,58.75,,,,,,
sludge waste composting,6.2436,23.4545,64.8892,9.0,33.562,54.08775,8.6699,2.64903,930.47,803.77,1.8448,33.25934576,57.6838,18.0287,68.2,,,,,,
sludge waste composting,6.2436,23.4545,64.8892,15.0,27.348,50.6679,8.4028,2.32317,779.53,1269.08,1.9354,32.5592342,55.8743,16.823,80.197,,,,,,
sludge waste composting,6.2436,23.4545,64.8892,21.0,23.945,49.3773,8.5716,2.21527,609.4,1522.71,1.9611,31.67784441,54.9445,16.1531,88.731,,,,,,
sludge waste composting,6.2436,23.4545,64.8892,27.0,21.319,48.4825,8.3041,2.11999,477.66,1684.77,1.9211,30.06655977,54.097,15.6507,91.071,,,,,,
sludge waste composting,6.2436,23.4545,64.8892,32.0,19.158,47.2609,8.2298,1.98664,434.38,1777.89,1.9285,29.5365203,52.7924,15.3158,87.401,,,,,,
sludge waste composting,6.4231,23.4545,64.037,0.0,27.127,64.037,6.4231,2.17307,494.97,400.4,1.8122,42.5042449,68.5438,23.4545,59.864,,,,,,
sludge waste composting,6.4231,23.4545,64.037,4.0,56.608,55.9498,8.2194,3.28919,1461.0,607.65,1.8008,35.24057552,57.9452,19.5694,53.647,,,,,,
sludge waste composting,6.4231,23.4545,64.037,9.0,36.992,50.17725,8.6891,2.604165,972.63,712.22,1.9259,31.8832745,55.2995,16.555,76.947,,,,,,
sludge waste composting,6.4231,23.4545,64.037,15.0,29.843,46.2543,8.3003,1.91294,714.28,1400.59,1.9182,29.44302726,52.4258,15.3493,88.033,,,,,,
sludge waste composting,6.4231,23.4545,64.037,21.0,27.375,45.3505,8.469,1.80501,521.2,1814.43,1.9534,29.06737336,51.4232,14.8804,81.989,,,,,,
sludge waste composting,6.4231,23.4545,64.037,27.0,23.657,44.3004,8.3041,1.7482,404.79,1987.97,1.9106,27.91845144,50.2811,14.6124,94.715,,,,,,
sludge waste composting,6.4231,23.4545,64.037,32.0,21.652,42.8459,8.063,1.65973,376.89,2029.59,1.8872,27.1973828,48.4619,14.4115,101.068,,,,,,
sludge waste composting,6.3076,23.4545,64.1145,0.0,27.127,64.1145,6.3076,2.07692,494.97,400.4,1.812,42.499554,68.5438,23.4545,59.864,,,,,,
sludge waste composting,6.3076,23.4545,64.1145,4.0,46.632,52.7755,8.322,2.48788,1180.92,670.6,1.7899,36.22614408,60.9524,20.2392,63.487,,,,,,
sludge waste composting,6.3076,23.4545,64.1145,9.0,31.535,46.6536,8.75965,2.350975,861.37,900.96,1.8483,33.44628231,58.12355,18.0957,81.503,,,,,,
sludge waste composting,6.3076,23.4545,64.1145,15.0,24.386,42.9244,8.5951,2.21424,737.33,1297.62,1.9454,32.0105843,55.1396,16.4545,86.029,,,,,,
sludge waste composting,6.3076,23.4545,64.1145,21.0,22.228,41.8657,8.3153,2.17042,574.87,1579.88,1.9217,30.01157324,54.2852,15.6172,93.47,,,,,,
sludge waste composting,6.3076,23.4545,64.1145,27.0,17.578,40.739,8.1118,2.13282,431.69,1770.62,1.937,29.4720361,52.628,15.2153,105.285,,,,,,
sludge waste composting,6.3076,23.4545,64.1145,32.0,16.508,39.8272,8.0887,2.05073,384.55,1840.8,1.939,29.2426407,50.8119,15.0813,94.326,,,,,,
sludge waste composting,6.5,24.1514,66.4665,0.0,22.765,66.4665,6.5,2.01602,528.74,49.778,1.7792,42.97017088,66.4828,24.1514,55.792,,,,,,
sludge waste composting,6.5,24.1514,66.4665,4.0,56.538,54.9136,8.0674,3.22426,1472.3,65.699,1.7027,35.79790534,58.062,21.0242,52.407,,,,,,
sludge waste composting,6.5,24.1514,66.4665,9.0,33.795,49.489,8.0794,2.52403,965.43,90.934,1.8174,33.51430992,54.6743,18.4408,69.768,,,,,,
sludge waste composting,6.5,24.1514,66.4665,15.0,30.571,46.5205,8.4348,2.16018,710.93,137.514,1.8543,31.98686043,51.7656,17.2501,82.955,,,,,,
sludge waste composting,6.5,24.1514,66.4665,21.0,27.489,45.3667,8.2271,2.08467,503.21,175.342,1.8547,30.40298428,50.6552,16.3924,94.046,,,,,,
sludge waste composting,6.5,24.1514,66.4665,27.0,27.975,44.1423,8.1703,2.01602,435.34,194.571,1.8485,29.6687947,50.0948,16.0502,92.203,,,,,,
sludge waste composting,6.5,24.1514,66.4665,32.0,28.463,43.3738,8.3605,1.94737,395.0,202.845,1.8453,29.15574,49.3929,15.8,89.778,,,,,,
sludge waste composting,6.5,24.1514,66.4665,39.0,27.875,42.6051,8.1104,1.93364,381.31,210.053,1.8434,28.60348478,48.8983,15.5167,97.075,,,,,,
sludge waste composting,6.3899,24.1514,66.4665,0.0,22.765,66.4665,6.3899,2.03661,528.74,49.782,1.7804,42.99915256,66.4828,24.1514,55.792,,,,,,
sludge waste composting,6.3899,24.1514,66.4665,4.0,57.468,54.8464,7.9298,3.4508,1686.08,63.51,1.7537,35.5948489,57.5795,20.297,66.868,,,,,,
sludge waste composting,6.3899,24.1514,66.4665,9.0,39.835,48.0885,8.5611,2.79176,1222.02,74.521,1.8269,32.52722374,52.3981,17.8046,75.477,,,,,,
sludge waste composting,6.3899,24.1514,66.4665,15.0,33.978,44.7206,8.4623,2.2357,742.05,129.856,1.8433,30.45647724,50.5934,16.5228,94.371,,,,,,
sludge waste composting,6.3899,24.1514,66.4665,21.0,31.98,43.5001,8.1858,2.01602,499.28,186.281,1.8466,29.0396316,49.4136,15.726,86.247,,,,,,
sludge waste composting,6.3899,24.1514,66.4665,27.0,30.914,42.3416,8.0464,1.94737,431.45,218.64,1.8602,28.27838836,48.6463,15.2018,99.241,,,,,,
sludge waste composting,6.3899,24.1514,66.4665,32.0,31.713,41.8403,7.9614,1.89245,379.39,226.365,1.8382,27.42833366,48.0135,14.9213,118.128,,,,,,
sludge waste composting,6.3899,24.1514,66.4665,39.0,30.504,41.1384,7.904,1.83753,357.97,228.106,1.836,27.0982584,47.7259,14.7594,105.636,,,,,,
sludge waste composting,6.3899,24.1514,66.4665,0.0,22.765,66.4665,6.3899,2.0778,528.74,49.782,1.7804,42.99915256,66.4828,24.1514,55.792,,,,,,
sludge waste composting,6.3899,24.1514,66.4665,4.0,44.623,56.0469,7.7922,3.08009,1378.94,64.605,1.7118,35.72971668,57.9929,20.8726,75.24,,,,,,
sludge waste composting,6.3899,24.1514,66.4665,9.0,33.948,50.5556,8.0519,2.92906,899.36,102.42,1.8239,33.57909334,55.0188,18.4106,82.137,,,,,,
sludge waste composting,6.3899,24.1514,66.4665,15.0,29.797,47.4534,8.2559,2.65446,675.96,138.062,1.8374,32.3079229,52.7311,17.5835,86.759,,,,,,
sludge waste composting,6.3899,24.1514,66.4665,21.0,28.727,46.3669,8.3784,2.52403,518.76,164.401,1.8542,31.18152514,51.8963,16.8167,95.57,,,,,,
sludge waste composting,6.3899,24.1514,66.4665,27.0,27.818,45.3418,8.129,2.42105,454.81,183.081,1.8579,30.43909044,51.681,16.3836,90.49,,,,,,
sludge waste composting,6.3899,24.1514,66.4665,32.0,28.773,44.7071,8.0165,2.34554,402.78,191.358,1.8574,30.13501482,50.9793,16.2243,103.286,,,,,,
sludge waste composting,6.3899,24.1514,66.4665,39.0,28.646,44.672,7.9315,2.29062,389.11,198.563,1.8659,29.85719885,50.5533,16.0015,99.168,,,,,,
sludge waste composting,6.3541,25.3008,65.8464,0.0,15.453,65.8464,6.3541,2.5391,478.6,40.304,1.909,48.2992272,71.2157,25.3008,51.92,,,,,,
sludge waste composting,6.3541,25.3008,65.8464,4.0,59.942,53.9921,8.3609,3.38415,1878.32,54.663,1.8755,37.3209496,63.2262,19.8992,69.354,,,,,,
sludge waste composting,6.3541,25.3008,65.8464,9.0,48.173,46.2136,8.5544,2.54243,1623.11,64.294,1.937,33.3714108,57.2054,17.2284,85.794,,,,,,
sludge waste composting,6.3541,25.3008,65.8464,15.0,31.617,42.5078,8.3051,2.05661,889.11,151.631,1.981,29.4172557,53.0108,14.8497,102.447,,,,,,
sludge waste composting,6.3541,25.3008,65.8464,21.0,27.27,41.1154,8.4979,1.74734,547.22,194.496,1.975,28.9327625,51.7885,14.6495,97.086,,,,,,
sludge waste composting,6.3541,25.3008,65.8464,27.0,24.767,40.1826,8.3108,1.68262,398.8,224.312,1.9912,28.57790152,51.2239,14.3521,120.61,,,,,,
sludge waste composting,6.3541,25.3008,65.8464,32.0,23.519,39.0922,8.2138,1.61861,372.73,237.51,1.9156,27.67160824,50.159,14.4454,127.15,,,,,,
sludge waste composting,6.3541,25.3008,65.8464,39.0,22.255,38.3095,8.1929,1.60638,351.43,242.46,1.9339,27.61087047,49.6016,14.2773,117.962,,,,,,
sludge waste composting,6.2907,25.3008,65.0002,0.0,15.453,65.0002,6.2907,2.5391,478.6,40.314,1.9046,48.18790368,70.7071,25.3008,51.92,,,,,,
sludge waste composting,6.2907,25.3008,65.0002,4.0,37.382,59.5307,6.8513,2.97715,951.65,82.524,1.8091,42.00078924,67.1561,23.2164,58.244,,,,,,
sludge waste composting,6.2907,25.3008,65.0002,9.0,22.992,56.675,7.9708,2.81619,793.14,101.642,1.804,40.6426768,63.7542,22.5292,68.016,,,,,,
sludge waste composting,6.2907,25.3008,65.0002,15.0,15.7,54.4306,8.0387,2.693,705.83,110.718,1.8177,40.46981811,62.8338,22.2643,64.063,,,,,,
sludge waste composting,6.2907,25.3008,65.0002,21.0,13.054,53.8079,8.2696,2.56126,684.71,117.419,1.8164,40.4321558,62.6305,22.2595,72.641,,,,,,
sludge waste composting,6.2907,25.3008,65.0002,27.0,12.255,53.1058,8.2982,2.39295,678.84,119.373,1.8144,40.2016608,62.8669,22.157,68.688,,,,,,
sludge waste composting,6.2907,25.3008,65.0002,32.0,12.083,52.0152,8.3026,2.43253,678.2,118.336,1.8131,39.98828312,62.6013,22.0552,75.435,,,,,,
sludge waste composting,6.2907,25.3008,65.0002,39.0,11.284,51.5406,8.4084,2.36856,692.6,119.138,1.8118,39.9492841,62.7001,22.0495,78.569,,,,,,
sludge waste composting,6.3667,25.3008,65.6926,0.0,15.453,65.6926,6.3667,2.5391,478.6,40.314,1.9039,48.17019312,70.7071,25.3008,51.92,,,,,,
sludge waste composting,6.3667,25.3008,65.6926,4.0,48.972,60.2231,7.6885,3.31758,1160.39,62.364,1.8237,40.44164172,65.3372,22.1756,64.102,,,,,,
sludge waste composting,6.3667,25.3008,65.6926,9.0,33.653,59.7519,7.9834,2.89761,991.72,98.688,1.7931,37.36497642,61.7166,20.8382,79.329,,,,,,
sludge waste composting,6.3667,25.3008,65.6926,15.0,20.645,58.5848,7.1253,3.21102,919.68,85.823,1.7849,36.08246746,58.6859,20.2154,72.145,,,,,,
sludge waste composting,6.3667,25.3008,65.6926,21.0,16.919,58.5003,7.1278,3.19019,837.43,75.324,1.8325,36.0229185,57.027,19.6578,76.882,,,,,,
sludge waste composting,6.3667,25.3008,65.6926,27.0,14.573,57.8751,6.6237,3.07371,836.68,70.76,1.8182,34.60925518,56.027,19.0349,73.136,,,,,,
sludge waste composting,6.3667,25.3008,65.6926,32.0,13.475,57.323,6.755,2.91352,830.96,72.095,1.8203,34.04980368,55.4709,18.7056,70.383,,,,,,
sludge waste composting,6.3667,25.3008,65.6926,39.0,13.138,57.6943,6.5184,2.88656,835.17,69.931,1.8185,34.3609212,54.8414,18.8952,67.658,,,,,,
sludge waste composting,6.5217,30.0,54.586,1.0,46.772,54.586,6.5217,4.3,358.2,129.68,1.186366667,35.591,61.358884,30.0,0.582,,,,,,
sludge waste composting,6.5217,30.0,54.586,3.0,59.697,62.574,7.2867,2.9,339.6,169.54,0.882566667,26.477,45.646348,30.0,22.014,,,,,,
sludge waste composting,6.5217,30.0,54.586,7.0,52.406,41.539,7.2504,2.5667,339.6,164.75,0.7516,22.548,38.872752,30.0,17.959,,,,,,
sludge waste composting,6.5217,30.0,54.586,14.0,50.749,27.81,7.3655,3.2333,414.2,165.01,0.750350732,20.859,35.960916,27.799,31.693,,,,,,
sludge waste composting,6.5217,30.0,54.586,21.0,26.722,24.601,7.7476,3.05,153.0,165.28,0.606299213,20.713,35.709212,34.163,70.507,,,,,,
sludge waste composting,6.5217,30.0,54.586,35.0,24.568,26.17,7.783,3.0,41.0,230.44,0.96985457,20.14,34.72136,20.766,88.268,,,,,,
sludge waste composting,6.5217,30.0,54.586,49.0,29.207,34.752,7.4718,3.3,59.7,598.95,0.738248354,19.286,33.249064,26.124,82.165,,,,,,
sludge waste composting,6.5217,30.0,54.586,63.0,22.082,37.684,7.7958,2.9333,41.0,992.3,0.726423544,17.031,29.361444,23.445,113.681,,,,,,
sludge waste composting,6.5217,30.0,54.586,84.0,16.945,38.48,7.3399,2.55,59.7,1564.92,0.682481922,14.629,25.220396,21.435,97.852,,,,,,
sludge waste composting,6.5217,30.0,54.586,120.0,10.317,45.13,6.8543,2.2,3.7,1730.4,0.672300152,11.934,20.574216,17.751,138.612,,,,,,
sludge waste composting,6.89037,23.892,60.793,1.0,21.115,60.793,6.89037,0.83716,519.56,15.2,1.8328,43.424,75.4926801,23.892,50.157,,,,,,
sludge waste composting,6.89037,23.892,60.793,5.0,56.334,59.984,6.38475,1.20935,565.65,15.943,1.84333,42.515,74.46139646,23.431,52.932,,,,,,
sludge waste composting,6.89037,23.892,60.793,9.0,56.487,55.461,6.648,1.28437,649.24,19.08,1.98251,34.962,62.71749685,18.35,46.866,,,,,,
sludge waste composting,6.89037,23.892,60.793,13.0,33.264,54.122,6.74144,1.35232,464.97,23.125,2.17395,31.224,56.39449782,15.047,69.734,,,,,,
sludge waste composting,6.89037,23.892,60.793,17.0,25.236,53.314,6.84432,1.22215,318.2,27.913,2.24478,29.658,53.35182993,13.786,86.174,,,,,,
sludge waste composting,6.89037,23.892,60.793,21.0,23.7,52.771,6.91417,1.16509,292.87,28.903,2.26336,26.645,49.56752063,12.703,88.748,,,,,,
sludge waste composting,6.51301,34.463,49.584,1.0,21.246,49.584,6.51301,0.85839,453.49,14.21,1.22174,41.187,72.58871937,34.463,45.133,,,,,,
sludge waste composting,6.51301,34.463,49.584,5.0,58.282,48.178,6.59702,1.29662,467.43,15.118,1.21619,41.002,72.03671907,34.357,44.09,,,,,,
sludge waste composting,6.51301,34.463,49.584,9.0,47.267,45.712,6.5678,1.24664,606.38,16.191,1.29507,34.896,61.59797906,27.589,53.295,,,,,,
sludge waste composting,6.51301,34.463,49.584,13.0,28.979,44.837,6.74145,1.12826,447.11,19.163,1.38596,30.895,56.11733191,23.486,68.127,,,,,,
sludge waste composting,6.51301,34.463,49.584,17.0,23.418,44.028,6.68865,1.17498,450.34,21.061,1.47292,28.737,51.92643362,20.449,82.757,,,,,,
sludge waste composting,6.51301,34.463,49.584,21.0,24.09,43.087,6.76794,1.12263,421.43,22.795,1.45531,28.684,51.70704205,20.609,85.532,,,,,,
sludge waste composting,6.71583,30.377,55.885,1.0,22.414,55.885,6.71583,0.83717,512.43,14.21,1.41069,42.569,73.87776194,30.377,56.186,,,,,,
sludge waste composting,6.71583,30.377,55.885,5.0,56.594,54.744,6.87531,1.25417,528.15,15.2,1.41318,41.002,72.23452047,29.649,52.53,,,,,,
sludge waste composting,6.71583,30.377,55.885,9.0,48.176,50.487,6.80837,1.38579,709.95,16.108,1.53223,32.199,58.09328692,21.992,43.047,,,,,,
sludge waste composting,6.71583,30.377,55.885,13.0,32.226,48.617,6.8971,1.26977,456.04,21.061,1.63123,28.856,52.80825248,18.778,71.141,,,,,,
sludge waste composting,6.71583,30.377,55.885,17.0,23.288,47.941,6.91034,1.31413,486.06,29.068,1.74224,26.369,49.41258157,16.451,89.388,,,,,,
sludge waste composting,6.71583,30.377,55.885,21.0,23.571,47.597,6.99908,1.27829,410.73,34.186,1.78494,25.394,47.0170974,15.279,90.556,,,,,,
sludge waste composting,6.43753,34.907,60.594,1.0,22.154,60.594,6.43753,0.86311,217.77,14.375,1.12928,38.358,67.95969548,34.907,55.487,,,,,,
sludge waste composting,6.43753,34.907,60.594,5.0,59.191,61.311,6.11587,0.98293,206.72,15.366,1.15185,37.647,66.46238543,33.469,49.434,,,,,,
sludge waste composting,6.43753,34.907,60.594,9.0,50.124,56.125,6.25177,1.10513,304.6,18.172,1.12222,31.673,57.15705717,29.543,42.58,,,,,,
sludge waste composting,6.43753,34.907,60.594,13.0,30.797,55.449,6.33578,1.15656,389.97,20.153,1.18095,29.514,53.96509745,26.506,65.796,,,,,,
sludge waste composting,6.43753,34.907,60.594,17.0,23.287,54.044,6.47638,1.24337,332.49,20.979,1.23977,28.145,51.1107729,23.913,74.98,,,,,,
sludge waste composting,6.43753,34.907,60.594,21.0,23.701,53.566,6.40945,1.27594,342.86,20.071,1.27438,26.908,49.76714893,22.652,74.942,,,,,,
sludge waste composting,6.71585,29.222,50.977,1.0,23.323,50.977,6.71585,0.88669,317.78,15.035,1.43883,41.319,72.48642521,29.222,48.671,,,,,,
sludge waste composting,6.71585,29.222,50.977,5.0,58.023,50.102,7.21023,1.38387,510.29,15.943,1.40916,40.015,70.08795458,28.85,46.628,,,,,,
sludge waste composting,6.71585,29.222,50.977,9.0,52.072,48.232,7.11027,1.40701,679.6,15.2,1.56442,31.541,56.91875593,21.104,41.778,,,,,,
sludge waste composting,6.71585,29.222,50.977,13.0,26.121,45.699,6.86408,1.16836,489.98,22.052,1.67143,28.001,50.78147317,17.623,65.597,,,,,,
sludge waste composting,6.71585,29.222,50.977,17.0,25.496,44.89,6.7877,1.12073,280.71,31.132,1.74626,25.316,46.85322451,15.563,88.813,,,,,,
sludge waste composting,6.71585,29.222,50.977,21.0,23.96,44.347,6.82456,1.15329,205.37,37.983,1.84124,23.092,44.27193086,13.947,95.39,,,,,,
sludge waste composting,6.82433,25.491,54.624,1.0,21.375,54.624,6.82433,0.88669,403.5,17.182,1.7685,44.608,77.71935695,25.491,48.871,,,,,,
sludge waste composting,6.82433,25.491,54.624,5.0,62.828,53.75,7.34229,1.33906,542.44,15.2,1.72675,42.976,75.30409243,25.296,51.839,,,,,,
sludge waste composting,6.82433,25.491,54.624,9.0,55.189,49.757,7.05838,1.43531,743.88,19.163,2.04283,33.054,58.68088009,16.662,56.814,,,,,,
sludge waste composting,6.82433,25.491,54.624,13.0,28.589,48.02,6.96314,1.35938,454.25,20.153,2.21817,28.067,50.74613981,13.27,64.794,,,,,,
sludge waste composting,6.82433,25.491,54.624,17.0,25.236,46.814,7.10846,1.2646,241.42,34.104,2.26893,24.724,45.23806248,11.565,61.348,,,,,,
sludge waste composting,6.82433,25.491,54.624,21.0,24.61,45.342,7.05097,1.20989,189.29,40.873,2.32766,22.236,42.42021621,10.571,66.722,,,,,,
sludge waste composting,6.78186,29.488,58.936,1.0,19.428,58.936,6.78186,0.8584,207.07,17.017,1.39867,40.595,71.10462318,29.488,43.458,,,,,,
sludge waste composting,6.78186,29.488,58.936,5.0,48.672,59.786,6.01683,1.04661,187.08,18.007,1.36894,38.568,67.87747168,28.761,51.238,,,,,,
sludge waste composting,6.78186,29.488,58.936,9.0,52.851,58.048,6.14328,1.0721,268.87,15.118,1.37147,32.199,57.6704287,24.391,53.606,,,,,,
sludge waste composting,6.78186,29.488,58.936,13.0,28.199,56.245,6.38766,1.06222,322.12,19.08,1.45028,31.093,56.49888862,22.597,68.803,,,,,,
sludge waste composting,6.78186,29.488,58.936,17.0,24.976,54.508,6.52356,1.09479,293.2,17.182,1.34021,30.842,50.94238994,22.048,63.552,,,,,,
sludge waste composting,6.78186,29.488,58.936,21.0,23.441,54.031,6.43302,1.20283,321.44,17.925,1.21412,29.802,47.41387252,22.652,68.326,,,,,,
sludge waste composting,6.71111,23.27,49.915,1.0,21.765,49.915,6.71111,0.79706,303.49,16.274,1.83282,41.713,73.52811969,23.27,51.477,,,,,,
sludge waste composting,6.71111,23.27,49.915,5.0,56.204,50.168,7.37531,1.20463,378.15,15.118,1.86344,37.252,66.71224025,20.766,45.826,,,,,,
sludge waste composting,6.71111,23.27,49.915,9.0,43.89,48.298,7.12442,1.1971,433.16,14.953,1.84178,33.252,60.24043928,18.972,60.221,,,,,,
sludge waste composting,6.71111,23.27,49.915,13.0,26.252,45.765,7.10464,1.23203,357.82,17.182,1.98902,31.093,56.16474539,16.379,60.383,,,,,,
sludge waste composting,6.71111,23.27,49.915,17.0,25.366,44.824,6.99997,1.35422,280.7,16.108,2.09602,30.053,53.6682735,14.852,71.371,,,,,,
sludge waste composting,6.71111,23.27,49.915,21.0,23.441,44.612,6.91887,1.34198,346.43,16.108,2.13871,29.473,53.38972986,14.48,77.948,,,,,,
sludge waste composting,6.71112,33.486,54.956,1.0,20.207,54.956,6.71112,0.82065,167.77,15.035,1.16142,38.226,67.04861865,33.486,48.269,,,,,,
sludge waste composting,6.71112,33.486,54.956,5.0,53.347,55.806,6.05455,1.00652,174.58,17.017,1.18401,36.463,64.14575457,31.425,51.439,,,,,,
sludge waste composting,6.71112,33.486,54.956,9.0,30.124,54.4,6.18573,1.02258,220.67,16.274,1.0579,33.778,60.36113348,33.096,56.612,,,,,,
sludge waste composting,6.71112,33.486,54.956,13.0,24.953,53.061,6.32162,1.05279,302.47,16.026,1.06841,32.343,57.65821151,31.303,64.593,,,,,,
sludge waste composting,6.71112,33.486,54.956,17.0,25.626,51.921,6.42922,1.083,330.7,15.118,0.98646,30.843,55.32237351,32.53,60.746,,,,,,
sludge waste composting,6.71112,33.486,54.956,21.0,24.221,50.582,6.38586,1.06131,342.86,14.953,0.96485,30.395,54.23021244,32.602,66.922,,,,,,
sludge waste composting,6.85301,25.2447,55.3021,0.0,20.59,55.3021,6.85301,0.90011,448.82,13.082,2.20347,55.611,95.89911902,25.2447,51.79,,,,,,
sludge waste composting,6.85301,25.2447,55.3021,3.0,58.004,55.468,7.50988,1.41745,649.76,13.1,1.65047,51.099,87.94423369,30.9074,41.167,,,,,,
sludge waste composting,6.85301,25.2447,55.3021,6.0,58.105,45.4325,7.17724,1.42347,644.08,12.072,1.95389,38.714,67.44221324,20.0214,27.557,,,,,,
sludge waste composting,6.85301,25.2447,55.3021,9.0,45.395,44.8104,7.10613,1.33515,443.13,21.306,2.31763,34.344,59.40849117,14.8685,63.214,,,,,,
sludge waste composting,6.85301,25.2447,55.3021,12.0,26.217,44.4372,7.0562,1.25814,240.28,36.336,2.52858,33.095,57.29565455,13.1434,93.751,,,,,,
sludge waste composting,6.85301,25.2447,55.3021,15.0,25.324,44.3128,7.00392,1.20754,191.0,37.304,2.64715,32.411,56.42679023,12.3643,96.776,,,,,,
sludge waste composting,6.8648,25.0675,55.5095,0.0,20.59,55.5095,6.8648,0.89822,418.48,12.131,2.24251,55.611,96.91314189,25.0675,50.937,,,,,,
sludge waste composting,6.8648,25.0675,55.5095,3.0,60.119,56.1315,7.63003,1.47217,683.89,12.054,1.62917,50.46,87.30697658,31.0846,38.394,,,,,,
sludge waste composting,6.8648,25.0675,55.5095,6.0,59.971,46.096,7.34216,1.49139,704.74,13.402,2.00715,35.807,61.30487621,17.7165,26.064,,,,,,
sludge waste composting,6.8648,25.0675,55.5095,9.0,43.032,45.1836,7.0378,1.34834,490.52,24.062,2.28563,32.855,56.95885956,14.455,66.839,,,,,,
sludge waste composting,6.8648,25.0675,55.5095,12.0,28.208,44.9348,6.99023,1.20719,244.08,37.381,2.4753,31.179,53.8193855,12.6117,95.883,,,,,,
sludge waste composting,6.8648,25.0675,55.5095,15.0,24.826,44.6031,6.93325,1.17358,179.62,39.204,2.57254,30.709,53.52539607,12.0687,102.748,,,,,,
sludge waste composting,6.83415,24.9492,55.0948,0.0,20.59,55.0948,6.83415,0.89633,433.65,13.081,2.25675,55.611,97.06828064,24.9492,51.364,,,,,,
sludge waste composting,6.83415,24.9492,55.0948,3.0,60.118,54.1825,7.3379,1.33254,752.13,14.145,1.7287,53.226,91.93653451,30.8483,44.792,,,,,,
sludge waste composting,6.83415,24.9492,55.0948,6.0,60.22,44.3543,7.06651,1.43855,628.91,12.833,1.85436,40.913,70.80946573,22.1493,33.315,,,,,,
sludge waste composting,6.83415,24.9492,55.0948,9.0,33.206,43.2346,6.9789,1.36156,422.27,20.071,2.23942,36.897,63.79288311,16.5234,63.213,,,,,,
sludge waste composting,6.83415,24.9492,55.0948,12.0,25.098,42.8199,7.01144,1.26568,280.09,32.156,2.47173,33.803,58.27404334,13.6753,93.324,,,,,,
sludge waste composting,6.83415,24.9492,55.0948,15.0,23.831,42.032,7.06048,1.21321,230.81,35.119,2.4873,32.34,55.8066875,13.0143,96.99,,,,,,
sludge waste composting,7.0327,8.844,61.869,0.0,17.09,61.869,7.0327,7.1621,5554.0949,5645.0226,3.6189,32.0055516,68.778,8.844,4.044,,,,,,
sludge waste composting,7.0327,8.844,61.869,5.0,23.115,65.064,8.3647,7.8346,4831.2346,4253.8922,3.3257,32.99493484,63.258,9.9212,2.258,,,,,,
sludge waste composting,7.0327,8.844,61.869,10.0,21.325,62.69,9.1681,6.5604,983.3837,3767.0438,2.3436,32.32785276,59.729,13.7941,26.201,,,,,,
sludge waste composting,7.0327,8.844,61.869,15.0,22.797,64.158,8.9329,6.8025,816.2677,3719.3672,2.4524,31.59843828,60.633,12.8847,7.575,,,,,,
sludge waste composting,7.0327,8.844,61.869,20.0,18.094,62.285,8.4699,3.766,1325.3161,619.0285,2.6951,30.53144035,57.738,11.3285,23.563,,,,,,
sludge waste composting,7.0327,8.844,61.869,25.0,19.449,61.693,8.7358,3.9877,4567.5219,646.7103,2.8421,31.05647933,57.919,10.9273,86.331,,,,,,
sludge waste composting,6.5316,8.3212,59.253,0.0,9.515,59.253,6.5316,8.0022,5478.7092,5771.8329,3.8295,33.6030966,67.692,8.3212,2.642,,,,,,
sludge waste composting,6.5316,8.3212,59.253,5.0,22.182,63.449,6.1414,7.0969,5477.7609,3529.5202,4.0721,34.6617152,70.86,8.512,1.79,,,,,,
sludge waste composting,6.5316,8.3212,59.253,10.0,21.558,55.396,8.339,6.8062,5304.0359,4048.8634,3.8651,34.02872691,68.416,8.8041,5.617,,,,,,
sludge waste composting,6.5316,8.3212,59.253,15.0,23.612,59.202,8.9602,6.5361,4385.5333,3641.0139,3.0935,32.2119968,69.231,10.4128,40.786,,,,,,
sludge waste composting,6.5316,8.3212,59.253,20.0,19.957,59.167,8.4152,3.6635,4574.4518,560.2669,3.3745,35.10931035,60.0,10.4043,6.721,,,,,,
sludge waste composting,6.5316,8.3212,59.253,25.0,18.284,61.136,8.8178,4.2131,6871.8708,1380.5863,3.4832,33.23390784,60.814,9.5412,161.175,,,,,,
sludge waste composting,5.6478,10.7384,57.75,0.0,13.478,57.75,5.6478,8.658,5554.4655,5482.9643,3.5328,37.93661952,74.751,10.7384,8.255,,,,,,
sludge waste composting,5.6478,10.7384,57.75,5.0,16.589,57.77,5.3396,9.105,1001.1099,5602.3963,3.1727,36.90072189,70.769,11.6307,20.97,,,,,,
sludge waste composting,5.6478,10.7384,57.75,10.0,15.149,50.273,5.3139,10.8021,850.3643,6048.2334,3.0613,37.70205241,70.95,12.3157,28.07,,,,,,
sludge waste composting,5.6478,10.7384,57.75,15.0,18.718,61.875,5.2518,9.9582,866.1584,3798.9982,2.95,35.078745,73.032,11.8911,33.77,,,,,,
sludge waste composting,5.6478,10.7384,57.75,20.0,18.56,58.499,7.0667,7.5774,3616.5497,6017.5597,3.5564,39.54930184,61.991,11.1206,25.434,,,,,,
sludge waste composting,5.6478,10.7384,57.75,25.0,25.275,58.853,8.5991,6.7335,5165.4949,357.9801,3.6364,37.38364656,63.348,10.2804,54.054,,,,,,
sludge waste composting,7.1637,34.009,47.962,0.0,32.708,47.962,7.1637,1.716,865.93,277.3234,1.36632,46.236,79.561,34.009,26.009,,,,,,
sludge waste composting,7.1637,34.009,47.962,3.0,39.242,46.549,7.0879,2.4514,828.91,294.5084,0.97788,31.829,54.868,32.912,47.534,,,,,,
sludge waste composting,7.1637,34.009,47.962,7.0,52.309,45.755,7.5453,1.3226,1004.88,57.1905,1.0627,31.548,54.295,29.866,37.668,,,,,,
sludge waste composting,7.1637,34.009,47.962,14.0,35.684,44.031,7.1788,1.6338,1087.35,107.7176,1.24444,31.516,51.722,25.568,38.117,,,,,,
sludge waste composting,7.1637,34.009,47.962,21.0,33.311,44.167,7.3211,1.8667,1424.34,240.9453,1.40906,29.86,49.911,21.268,40.807,,,,,,
sludge waste composting,7.1637,34.009,47.962,27.0,25.619,42.753,7.1485,1.3295,1086.04,123.8251,1.72195,28.704,50.132,16.83,50.224,,,,,,
sludge waste composting,7.1637,34.009,47.962,34.0,23.004,40.874,8.2843,1.5402,1049.04,326.4794,1.63003,28.547,46.795,17.822,66.816,,,,,,
sludge waste composting,7.1637,34.009,47.962,40.0,17.969,37.601,8.5235,1.5389,638.0,717.2207,1.42973,26.515,45.525,19.093,86.099,,,,,,
sludge waste composting,7.0669,34.148,51.526,0.0,32.224,51.526,7.0669,1.6826,897.1,252.2521,1.30931,45.109,78.291,34.148,22.422,,,,,,
sludge waste composting,7.0669,34.148,51.526,3.0,38.276,49.183,7.3787,1.8375,912.02,177.1297,0.92087,31.579,53.343,34.304,40.359,,,,,,
sludge waste composting,7.0669,34.148,51.526,7.0,54.0,47.924,7.5453,1.6016,952.96,195.6567,1.01708,30.923,53.311,30.562,30.942,,,,,,
sludge waste composting,7.0669,34.148,51.526,14.0,38.1,47.749,7.4696,1.4663,1050.96,89.012,1.29575,29.767,51.245,22.782,37.22,,,,,,
sludge waste composting,7.0669,34.148,51.526,21.0,33.795,46.491,7.4665,1.9226,1336.04,245.3573,1.37486,29.235,50.705,21.825,43.946,,,,,,
sludge waste composting,7.0669,34.148,51.526,27.0,26.343,44.457,7.0759,1.0393,1086.02,189.3612,1.5509,28.203,48.893,18.501,58.744,,,,,,
sludge waste composting,7.0669,34.148,51.526,34.0,22.763,42.423,8.2116,1.6519,981.49,415.7573,1.64712,27.798,48.607,17.404,71.749,,,,,,
sludge waste composting,7.0669,34.148,51.526,40.0,20.866,39.461,8.5235,1.1482,773.06,682.5066,1.40694,25.641,45.525,19.093,86.996,,,,,,
sludge waste composting,6.873,38.743,59.428,0.0,32.224,59.428,6.873,1.5151,980.2,237.3189,1.18386,44.736,77.781,38.743,30.493,,,,,,
sludge waste composting,6.873,38.743,59.428,3.0,39.242,57.549,7.3787,1.8375,1005.52,207.147,1.01209,32.579,55.631,31.937,42.152,,,,,,
sludge waste composting,6.873,38.743,59.428,7.0,53.275,55.36,7.5695,1.5123,1020.48,218.4381,1.0684,31.797,54.836,30.145,21.525,,,,,,
sludge waste composting,6.873,38.743,59.428,14.0,37.618,49.608,7.3969,1.6672,1045.79,250.358,1.35276,28.391,48.956,20.972,45.291,,,,,,
sludge waste composting,6.873,38.743,59.428,21.0,30.896,48.66,7.1031,1.8667,1424.36,317.6327,1.28933,28.361,49.434,21.825,56.502,,,,,,
sludge waste composting,6.873,38.743,59.428,27.0,24.895,48.175,6.9304,1.2402,971.74,50.401,1.5167,28.704,49.402,18.362,72.197,,,,,,
sludge waste composting,6.873,38.743,59.428,34.0,22.038,45.367,8.3085,1.3505,830.85,750.9532,1.63572,27.422,47.335,16.43,84.753,,,,,,
sludge waste composting,6.873,38.743,59.428,40.0,21.591,41.01,8.6204,1.1481,440.58,715.1232,1.57794,25.39,42.982,16.169,90.583,,,,,,
sludge waste composting,5.7584,36.097,49.047,0.0,32.224,49.047,5.7584,1.85,580.22,268.4386,1.26369,46.236,79.561,36.097,7.623,,,,,,
sludge waste composting,5.7584,36.097,49.047,3.0,34.652,47.789,6.1672,2.6077,688.63,415.0998,0.9722,34.203,59.19,35.836,13.901,,,,,,
sludge waste composting,5.7584,36.097,49.047,7.0,51.343,46.839,5.9219,1.97,786.69,300.9614,0.98286,33.297,56.869,33.904,24.664,,,,,,
sludge waste composting,5.7584,36.097,49.047,14.0,41.241,45.426,6.4277,1.8123,853.58,278.1277,1.33566,30.89,53.535,23.339,31.839,,,,,,
sludge waste composting,5.7584,36.097,49.047,21.0,37.418,44.166,6.7881,2.0342,878.92,288.1384,1.18671,30.484,52.485,25.863,40.359,,,,,,
sludge waste composting,5.7584,36.097,49.047,27.0,30.691,43.683,6.7366,1.162,769.13,165.9141,1.49388,28.454,48.894,19.058,56.502,,,,,,
sludge waste composting,5.7584,36.097,49.047,34.0,24.454,43.043,8.0904,0.9598,628.26,339.8454,1.49886,28.423,49.116,19.215,68.61,,,,,,
sludge waste composting,5.7584,36.097,49.047,40.0,22.799,38.84,8.572,1.0365,554.88,615.8247,1.56658,26.641,46.033,17.561,81.166,,,,,,
sludge waste composting,8.133,39.718,51.061,0.0,32.224,51.061,8.133,1.7719,756.83,481.7836,1.10405,43.986,77.274,39.718,18.386,,,,,,
sludge waste composting,8.133,39.718,51.061,3.0,45.522,49.957,8.6386,2.563,875.66,253.3596,0.88666,30.954,53.597,35.418,38.117,,,,,,
sludge waste composting,8.133,39.718,51.061,7.0,56.898,48.544,8.5871,1.97,880.2,146.8927,0.92584,30.423,52.295,32.512,35.874,,,,,,
sludge waste composting,8.133,39.718,51.061,14.0,36.893,47.285,8.0268,2.4262,952.28,296.189,1.08479,29.892,52.008,28.213,43.498,,,,,,
sludge waste composting,8.133,39.718,51.061,21.0,33.313,46.801,7.8784,2.503,1039.94,403.5423,1.08409,28.86,50.45,27.255,56.054,,,,,,
sludge waste composting,8.133,39.718,51.061,27.0,27.792,45.697,7.8269,2.0663,857.46,419.3766,1.37415,28.077,48.894,21.008,64.574,,,,,,
sludge waste composting,8.133,39.718,51.061,34.0,24.211,43.663,8.9384,2.0649,763.33,236.821,1.36773,26.547,46.065,19.911,78.027,,,,,,
sludge waste composting,8.133,39.718,51.061,40.0,23.04,40.235,9.3715,1.9072,721.11,343.9228,1.35561,26.39,46.542,20.067,84.305,,,,,,
sludge waste composting,6.61,18.06635071,54.5298,0.0,16.4,54.5298,6.61,1.45,643.573727,124.8904819,2.11,38.12,89.55462185,18.06635071,57.0511,,,,,,
sludge waste composting,6.61,18.06635071,54.5298,2.0,47.2,61.8635,7.38,1.999333333,901.4764338,39.0,2.18,37.95,87.70876505,17.40825688,36.5885,,,,,,
sludge waste composting,6.61,18.06635071,54.5298,5.0,47.3,48.913,7.44,2.053333333,1088.0,0.0,2.36,37.35,84.62445963,15.82627119,83.1622,,,,,,
sludge waste composting,6.61,18.06635071,54.5298,10.0,25.9,46.1088,7.24,1.68,338.3494227,0.0,2.43,36.68,83.60250967,15.09465021,92.44444,,,,,,
sludge waste composting,6.61,18.06635071,54.5298,15.0,21.5,45.0222,7.49,1.964666667,160.8934318,0.0,2.68,36.37,80.47787744,13.57089552,85.33333333,,,,,,
sludge waste composting,6.61,18.06635071,54.5298,20.0,21.4,40.6778,7.48,1.693,118.3039939,0.0,2.86,36.07,79.29386371,12.61188811,134.7232202,,,,,,
sludge waste composting,6.61,18.06635071,54.5298,27.0,24.7,40.6091,7.78,1.8364,119.0,0.0,3.02,35.95,75.46715328,11.90397351,99.3718009,,,,,,
sludge waste composting,6.53,18.45933014,54.8323,0.0,15.8,54.8323,6.53,1.415333333,619.9129283,119.474313,2.09,38.58,89.05521156,18.45933014,60.8133,,,,,,
sludge waste composting,6.53,18.45933014,54.8323,2.0,53.9,61.2579,7.73,1.917,925.1372326,25.0,2.15,37.91,87.46996224,17.63255814,29.1981,,,,,,
sludge waste composting,6.53,18.45933014,54.8323,5.0,17.3,47.9296,7.76,2.156666667,1095.494984,0.0,2.18,37.53,83.42408712,17.21559633,82.8132,,,,,,
sludge waste composting,6.53,18.45933014,54.8323,10.0,22.3,47.3788,7.44,1.629,1128.620102,0.0,2.21,37.05,82.02894356,16.76470588,82.88888889,,,,,,
sludge waste composting,6.53,18.45933014,54.8323,15.0,43.0,43.9045,7.65,1.977,300.4921446,0.0,2.55,36.14,80.86075552,14.17254902,94.66666667,,,,,,
sludge waste composting,6.53,18.45933014,54.8323,20.0,26.3,43.006,7.79,1.805666667,229.5097482,0.0,2.88,35.9,77.19255066,12.46527778,130.5136736,,,,,,
sludge waste composting,6.53,18.45933014,54.8323,27.0,25.1,43.0497,7.83,1.8938,206.0,0.0,3.13,35.74,73.85396742,11.41853035,167.364703,,,,,,
sludge waste composting,6.75,18.45933014,58.4867,0.0,15.7,58.4867,6.75,1.477666667,627.0111679,194.1457587,2.09,38.58,88.94,18.45933014,54.1098,,,,,,
sludge waste composting,6.75,18.45933014,58.4867,2.0,51.8,60.6648,7.63,1.858,960.6284308,19.0,2.15,37.91,87.02365774,17.63255814,25.1604,,,,,,
sludge waste composting,6.75,18.45933014,58.4867,5.0,17.8,45.3368,7.8,1.740666667,979.5570698,0.0,2.18,37.53,85.82848837,17.21559633,91.9924,,,,,,
sludge waste composting,6.75,18.45933014,58.4867,10.0,24.5,48.1935,7.39,1.453666667,948.7980314,0.0,2.21,37.05,83.12251536,16.76470588,80.88889,,,,,,
sludge waste composting,6.75,18.45933014,58.4867,15.0,35.7,44.1319,7.55,1.838666667,305.2243044,0.0,2.55,36.14,78.51369185,14.17254902,122.8888889,,,,,,
sludge waste composting,6.75,18.45933014,58.4867,20.0,21.3,42.032,7.8,1.696,194.0185501,0.0,2.88,35.9,77.22829371,12.46527778,131.3367328,,,,,,
sludge waste composting,6.75,18.45933014,58.4867,27.0,23.0,42.7464,8.03,2.0288,216.0,0.0,3.13,35.74,75.77208175,11.41853035,122.5590677,,,,,,
sludge waste composting,6.66,18.46411483,54.9198,0.0,16.1,54.9198,6.66,1.511333333,797.3689192,119.8484667,2.09,38.59,88.78,18.46411483,58.0568,,,,,,
sludge waste composting,6.66,18.46411483,54.9198,2.0,55.1,48.6198,7.64,1.836,1048.173386,0.0,2.26,38.28,86.79582712,16.9380531,73.4468,,,,,,
sludge waste composting,6.66,18.46411483,54.9198,5.0,17.9,45.0425,7.59,1.987,1216.165058,0.0,2.41,37.62,85.71243187,15.60995851,89.6315,,,,,,
sludge waste composting,6.66,18.46411483,54.9198,10.0,40.4,45.1756,7.3,1.640333333,1026.878667,0.0,2.56,37.1,83.79208247,14.4921875,121.5555556,,,,,,
sludge waste composting,6.66,18.46411483,54.9198,15.0,36.7,43.3258,7.61,1.764333333,343.0815824,0.0,2.78,36.7,78.07004245,13.20143885,101.1111111,,,,,,
sludge waste composting,6.66,18.46411483,54.9198,20.0,22.3,43.5203,7.59,1.877333333,286.2956653,0.0,2.96,36.39,77.29887381,12.29391892,107.2328561,,,,,,
sludge waste composting,6.66,18.46411483,54.9198,27.0,24.6,44.0166,7.84,1.9344,299.0,0.0,3.01,35.9,76.86295341,11.9269103,126.6433357,,,,,,
sludge waste composting,6.4,35.71875,58.4189,0.0,16.4,58.4189,6.4,1.102,388.0371001,59.60573477,1.6,57.15,89.77,35.71875,34.3277,,,,,,
sludge waste composting,6.4,35.71875,58.4189,2.0,58.6,58.6796,7.76,1.560333333,579.6895703,16.0,1.69,54.84,87.56662448,32.44970414,34.5094,,,,,,
sludge waste composting,6.4,35.71875,58.4189,5.0,22.2,57.0309,7.62,1.349666667,603.3503691,0.0,1.85,48.9,86.98884758,26.43243243,67.2833,,,,,,
sludge waste composting,6.4,35.71875,58.4189,10.0,30.4,48.8505,7.19,1.494,232.0,0.0,2.2,42.97,81.980612,19.53181818,125.3333333,,,,,,
sludge waste composting,6.4,35.71875,58.4189,15.0,33.9,40.8549,7.5,1.671666667,148.0,0.0,2.5,37.72,78.84199643,15.088,121.7777778,,,,,,
sludge waste composting,6.4,35.71875,58.4189,20.0,25.6,41.1559,7.36,1.172666667,59.15199697,0.0,2.65,37.56,77.95597023,14.17358491,165.3875412,,,,,,
sludge waste composting,6.4,35.71875,58.4189,27.0,27.2,40.5338,7.74,1.7788,54.0,0.0,2.92,36.82,77.53785754,12.60958904,144.5693692,,,,,,
sludge waste composting,6.51,33.67836257,56.1173,0.0,14.0,56.1173,6.51,1.187333333,418.0,64.71525289,1.71,57.59,89.45495714,33.67836257,44.0898,,,,,,
sludge waste composting,6.51,33.67836257,56.1173,2.0,55.2,58.5424,7.83,1.670666667,674.3327655,1.0,1.87,56.85,87.51491647,30.40106952,42.0683,,,,,,
sludge waste composting,6.51,33.67836257,56.1173,5.0,31.2,58.9828,7.33,1.771333333,548.9305319,0.0,1.89,52.99,86.52228108,28.03703704,60.7063,,,,,,
sludge waste composting,6.51,33.67836257,56.1173,10.0,23.2,48.4975,7.22,1.448,267.3670263,0.0,2.18,45.56,82.4704142,20.89908257,114.2222222,,,,,,
sludge waste composting,6.51,33.67836257,56.1173,15.0,22.2,47.1163,7.27,1.747666667,106.4735945,0.0,2.39,40.9,81.07031778,17.11297071,64.66666667,,,,,,
sludge waste composting,6.51,33.67836257,56.1173,20.0,23.4,40.2084,7.42,1.535,82.81279576,0.0,2.66,37.85,79.76575572,14.22932331,151.7830351,,,,,,
sludge waste composting,6.51,33.67836257,56.1173,27.0,24.0,39.7129,7.75,1.6844,75.0,0.0,2.84,37.76,78.02208614,13.29577465,106.5292432,,,,,,
sludge waste composting,6.64,33.67836257,55.4899,0.0,14.8,55.4899,6.64,1.217333333,389.0,64.71525289,1.71,57.59,89.57,33.67836257,46.1073,,,,,,
sludge waste composting,6.64,33.67836257,55.4899,2.0,48.0,58.9822,7.76,1.723333333,799.0,14.0,1.87,56.85,88.08697241,30.40106952,33.7005,,,,,,
sludge waste composting,6.64,33.67836257,55.4899,5.0,44.9,57.9922,7.34,1.630666667,525.2697331,0.0,1.89,52.99,86.7610757,28.03703704,58.5517,,,,,,
sludge waste composting,6.64,33.67836257,55.4899,10.0,22.3,47.1486,7.2,1.203,132.5004732,0.0,2.18,45.56,83.48798211,20.89908257,88.22222222,,,,,,
sludge waste composting,6.64,33.67836257,55.4899,15.0,21.2,45.1087,7.36,1.508333333,92.27711528,0.0,2.39,40.9,79.45849978,17.11297071,80.66666667,,,,,,
sludge waste composting,6.64,33.67836257,55.4899,20.0,22.3,40.2109,7.45,1.407,73.34847624,0.0,2.66,37.85,79.18003731,14.22932331,158.9778044,,,,,,
sludge waste composting,6.64,33.67836257,55.4899,27.0,25.9,40.352,7.83,1.7323,69.0,0.0,2.84,37.76,78.27022796,13.29577465,138.2216884,,,,,,
sludge waste composting,6.63,35.65454545,55.4687,0.0,14.6,55.4687,6.63,1.152,350.1798221,49.78096376,1.65,58.83,89.13591496,35.65454545,39.5102,,,,,,
sludge waste composting,6.63,35.65454545,55.4687,2.0,59.4,57.9158,7.74,1.645,812.0,2.0,1.68,55.56,87.35490245,33.07142857,26.27,,,,,,
sludge waste composting,6.63,35.65454545,55.4687,5.0,40.8,56.8008,7.32,1.514333333,522.9036532,0.0,1.95,51.12,86.82051282,26.21538462,73.3899,,,,,,
sludge waste composting,6.63,35.65454545,55.4687,10.0,17.6,45.5358,7.23,1.387,179.8220708,0.0,2.54,45.09,84.90759754,17.7519685,148.2222222,,,,,,
sludge waste composting,6.63,35.65454545,55.4687,15.0,20.2,40.388,7.42,1.519,146.6969525,0.0,2.64,39.4,83.511977,14.92424242,118.2222222,,,,,,
sludge waste composting,6.63,35.65454545,55.4687,20.0,20.7,40.3495,7.53,1.631666667,108.8396744,0.0,2.75,38.13,81.73281583,13.86545455,119.6669291,,,,,,
sludge waste composting,6.63,35.65454545,55.4687,27.0,24.1,40.4336,7.83,1.7271,98.0,0.0,2.86,37.95,78.10617993,13.26923077,130.6194955,,,,,,
pig manure,7.9,37.5,65.0,0.0,7.9,36.1,65.0,,,,,,,37.5,0.638723,,,,,,
pig manure,7.9,37.5,65.0,7.0,7.92849,55.32,59.53967019,,,,,,,,1.59681,,,,,,
pig manure,7.9,37.5,65.0,14.0,8.56881,58.55,57.23256362,,,,,,,,2.23553,,,,,,
pig manure,7.9,37.5,65.0,21.0,8.71198,59.11,58.02508239,,,,,,,,3.19361,,,,,,
pig manure,7.9,37.5,65.0,28.0,9.04971,42.63,56.2743565,,,,,,,,15.3293,,,,,,
pig manure,7.9,37.5,65.0,35.0,8.88309,36.1,54.50143523,,,,,,,,32.2555,,,,,,
pig manure,7.9,37.5,65.0,42.0,7.67183,30.23,52.78991877,,,,,,,,56.8463,,,,,,
pig manure,7.9,37.5,65.0,49.0,7.89426,30.04,52.44672673,,,,,,,,59.0818,,,,,,
pig manure,7.9,37.5,65.0,56.0,7.69885,29.85,51.85663182,,,,,,,,70.5788,,,,,,
pig manure,7.99424,37.5,65.0,0.0,7.99424,38.18,65.0,,,,,,,37.5,1.27745,,,,,,
pig manure,7.99424,37.5,65.0,7.0,7.54663,50.78,58.73549974,,,,,,,,1.27745,,,,,,
pig manure,7.99424,37.5,65.0,14.0,8.28783,54.38,55.87522766,,,,,,,,2.55489,,,,,,
pig manure,7.99424,37.5,65.0,21.0,8.41659,58.26,51.73591818,,,,,,,,4.1517,,,,,,
pig manure,7.99424,37.5,65.0,28.0,8.67507,57.69,49.578275,,,,,,,,14.0519,,,,,,
pig manure,7.99424,37.5,65.0,35.0,8.63815,44.53,48.87335909,,,,,,,,73.4531,,,,,,
pig manure,7.99424,37.5,65.0,42.0,8.7021,33.45,45.52598636,,,,,,,,78.8822,,,,,,
pig manure,7.99424,37.5,65.0,49.0,8.20405,32.03,45.64484545,,,,,,,,81.7565,,,,,,
pig manure,7.99424,37.5,65.0,56.0,7.85736,29.75,42.81338636,,,,,,,,84.3114,,,,,,
pig manure,8.00144,37.5,65.0,0.0,8.00144,36.19,65.0,,,,,,,37.5,0.958084,,,,,,
pig manure,8.00144,37.5,65.0,7.0,7.23683,50.97,58.44508386,,,,,,,,1.27745,,,,,,
pig manure,8.00144,37.5,65.0,14.0,8.04286,60.72,54.96083361,,,,,,,,1.91617,,,,,,
pig manure,8.00144,37.5,65.0,21.0,8.38057,62.14,51.66958977,,,,,,,,3.51297,,,,,,
pig manure,8.00144,37.5,65.0,28.0,8.37969,63.0,49.55512614,,,,,,,,46.6267,,,,,,
pig manure,8.00144,37.5,65.0,35.0,8.55168,41.5,48.81182386,,,,,,,,97.0858,,,,,,
pig manure,8.00144,37.5,65.0,42.0,8.58683,32.21,45.45431705,,,,,,,,103.154,,,,,,
pig manure,8.00144,37.5,65.0,49.0,8.54988,32.0,45.57899205,,,,,,,,126.786,,,,,,
pig manure,8.00144,37.5,65.0,56.0,8.2536,30.0,42.66815682,,,,,,,,130.938,,,,,,
pig manure,8.00865,37.5,65.0,0.0,8.00865,38.09,65.0,,,,,,,37.5,1.27745,,,,,,
pig manure,8.00865,37.5,65.0,7.0,7.66912,56.83,57.92038409,,,,,,,,1.59681,,,,,,
pig manure,8.00865,37.5,65.0,14.0,8.16535,58.29,54.04738409,,,,,,,,2.23553,,,,,,
pig manure,8.00865,37.5,65.0,21.0,8.32293,59.11,51.45809091,,,,,,,,3.83234,,,,,,
pig manure,8.00865,37.5,65.0,28.0,8.81916,63.0,49.31049318,,,,,,,,30.02,,,,,,
pig manure,8.00865,37.5,65.0,35.0,8.73181,42.16,48.64860341,,,,,,,,100.279,,,,,,
pig manure,8.00865,37.5,65.0,42.0,8.76693,32.5,45.35322045,,,,,,,,116.886,,,,,,
pig manure,8.00865,37.5,65.0,49.0,8.54268,32.0,45.48218409,,,,,,,,129.022,,,,,,
pig manure,8.00865,37.5,65.0,56.0,8.38329,30.0,42.59758182,,,,,,,,136.687,,,,,,
pig manure,6.46,27.5,65.0,2.0,6.46,32.5053,65.0,,,,,,,27.5,9.73249,,,,,,
pig manure,6.46,27.5,65.0,21.0,7.781787538,61.4737,53.04802959,,,,,,,,82.5843,,,,,,
pig manure,6.46,27.5,65.0,36.0,7.749937882,66.5263,37.30183636,,,,,,,,96.0674,,,,,,
pig manure,6.46,27.5,65.0,60.0,8.173022955,58.1053,27.6307625,,,,,,,,104.494,,,,,,
pig manure,6.46,27.5,65.0,81.0,8.015921932,27.1158,25.82926932,,,,,,,,110.225,,,,,,
pig manure,6.46,27.5,65.0,2.0,6.46,38.0632,65.0,,,,,,,27.5,24.5232,,,,,,
pig manure,6.46,27.5,65.0,21.0,7.781787538,68.5474,53.04802959,,,,,,,,57.9775,,,,,,
pig manure,6.46,27.5,65.0,36.0,7.749937882,66.8632,37.30183636,,,,,,,,94.0449,,,,,,
pig manure,6.46,27.5,65.0,60.0,8.173022955,51.5368,27.6307625,,,,,,,,117.978,,,,,,
pig manure,6.46,27.5,65.0,81.0,8.015921932,26.4421,25.82926932,,,,,,,,117.978,,,,,,
green waste,6.75,15.42,65.0,0.00745741,6.75,32.1257,65.0,,,,,,,15.42,12.0243,0.251914,0.0174326,,,,
green waste,6.75,15.42,65.0,2.06359,8.028918918,45.3967,63.29741876,,,,,,,,20.4049,0.486677,0.0237718,,,,
green waste,6.75,15.42,65.0,4.05907,8.218345184,50.0449,58.42281297,,,,,,,,8.01619,0.619602,0.0253566,,,,
green waste,6.75,15.42,65.0,6.0763,8.339289123,45.0599,55.50783541,,,,,,,,11.6599,0.466309,0.0228209,,,,
green waste,6.75,15.42,65.0,11.999,8.239960935,45.3293,52.40617604,,,,,,,,18.2186,0.497397,0.0212361,,,,
green waste,6.75,15.42,65.0,18.005,8.078758961,46.1377,51.36028496,,,,,,,,25.1417,0.532772,0.0187005,,,,
green waste,6.75,15.42,65.0,21.0521,8.081681154,50.7859,49.02877284,,,,,,,,16.0324,0.647473,0.0187005,,,,
green waste,6.75,15.42,65.0,23.9818,8.047387879,44.3862,49.41491698,,,,,,,,29.5142,0.35804,0.0123613,,,,
green waste,6.75,15.42,65.0,27.9891,7.968896683,35.2919,46.68877176,,,,,,,7.34,34.251,0.264778,0.0167987,,,,
green waste,6.75,14.57,65.0,0.0377428,6.75,36.3698,65.0,,,,,,,14.57,20.4049,0.232619,0.0215531,,,,
green waste,6.75,14.57,65.0,2.06512,8.028179373,47.8892,59.76447922,,,,,,,,26.2348,0.345176,0.0228209,,,,
green waste,6.75,14.57,65.0,3.97687,8.143670509,51.3922,53.61971414,,,,,,,,12.0243,0.514548,0.0244057,,,,
green waste,6.75,14.57,65.0,6.04949,8.284525131,46.4746,50.55771244,,,,,,,,16.7611,0.400919,0.0212361,,,,
green waste,6.75,14.57,65.0,12.0007,8.166709102,48.0913,49.57653391,,,,,,,,37.166,0.472741,0.0272583,,,,
green waste,6.75,14.57,65.0,18.036,8.099840705,51.4596,50.10808399,,,,,,,,15.668,0.588515,0.0193344,,,,
green waste,6.75,14.57,65.0,21.0224,8.099644125,47.4177,48.87185883,,,,,,,,35.3441,0.3634,0.0177496,,,,
green waste,6.75,14.57,65.0,24.0342,8.074378195,39.6707,49.57872757,,,,,,,,51.3765,0.231547,0.01458,,,,
green waste,6.75,14.57,65.0,27.985,8.012599899,28.6228,47.11004562,,,,,,,5.82,88.5425,0.088974,0.0304279,,,,
green waste,6.75,14.02,65.0,0.0,6.75,38.256,65.0,,,,,,,14.02,22.9555,0.221899,0.0193344,,,,
green waste,6.75,14.02,65.0,2.01006,8.051238464,48.3608,61.12812018,,,,,,,,31.336,0.310873,0.0196513,,,,
green waste,6.75,14.02,65.0,4.06068,8.211253942,52.6722,53.52216474,,,,,,,,15.3036,0.466309,0.022504,,,,
green waste,6.75,14.02,65.0,6.05036,8.324051949,47.8892,50.63853744,,,,,,,,27.6923,0.324809,0.0187005,,,,
green waste,6.75,14.02,65.0,12.0845,8.176754898,49.4386,49.68327823,,,,,,,,41.5385,0.467381,0.0190174,,,,
green waste,6.75,14.02,65.0,18.0372,8.113728773,53.4805,50.06497376,,,,,,,,24.7773,0.51562,0.0167987,,,,
green waste,6.75,14.02,65.0,21.0505,8.108057534,48.0913,48.91835883,,,,,,,,52.1053,0.307657,0.0174326,,,,
green waste,6.75,14.02,65.0,24.0357,8.088266264,42.0958,49.62522757,,,,,,,,60.1215,0.219755,0.022504,,,,
green waste,6.75,14.02,65.0,28.0129,8.02183649,29.0269,47.18470244,,,,,,,5.78,104.211,0.0771822,0.036767,,,,
pig manure,8.05139,46.922,66.803,3.0,8.34829,44.3840069,60.4089,,,,,,,52.6301,1.40854,0.320423,0.131155,,,,
pig manure,8.05139,46.922,66.803,7.0,8.65498,56.28931152,55.5762,,,,,,,52.7023,0.628653,0.65493,0.137255,,,,
pig manure,8.05139,46.922,66.803,14.0,8.21126,57.70111725,51.5613,,,,,,,35.2168,1.05939,1.28521,0.140305,,,,
pig manure,8.05139,46.922,66.803,20.0,8.03834,55.04082253,48.5874,,,,,,,27.9913,18.441,0.883803,0.207407,,,,
pig manure,8.05139,46.922,66.803,30.0,7.90457,37.91258545,44.8699,,,,,,,25.5347,51.9863,0.443662,0.317211,,,,
pig manure,8.05139,46.922,66.803,45.0,7.71533,31.07909239,40.4089,,,,,,,23.5838,87.3512,0.309859,0.399564,,,,
pig manure,8.05139,46.922,66.803,60.0,7.75449,29.73966272,37.3606,,,,,,,21.4162,103.372,0.225352,0.54902,,,,
pig manure,8.05139,46.922,66.803,75.0,7.76101,29.51549911,33.9405,,,,,,,21.3439,108.824,0.116197,0.854031,,,,
pig manure,8.05139,46.922,66.803,90.0,7.73491,29.34075138,31.8587,,,,,,,19.104,113.277,0.0598592,0.960784,,,,
pig manure,8.3124,46.6329,66.2082,0.0,8.3124,25.3302,66.2082,,,,,,,46.6329,0.0,0.207746,0.179956,,,,
pig manure,8.3124,46.6329,66.2082,3.0,8.51142,41.23340814,64.8699,,,,,,,49.0896,1.21176,0.485915,0.305011,,,,
pig manure,8.3124,46.6329,66.2082,7.0,8.87357,56.65759707,61.9703,,,,,,,38.0347,2.02467,0.862676,0.317211,,,,
pig manure,8.3124,46.6329,66.2082,14.0,8.5832,56.51418151,58.6245,,,,,,,31.8208,2.45427,1.58099,0.240959,,,,
pig manure,8.3124,46.6329,66.2082,20.0,8.29935,52.66644523,54.7584,,,,,,,24.7399,29.8082,0.757042,0.387364,,,,
pig manure,8.3124,46.6329,66.2082,30.0,8.02855,38.60280208,51.3383,,,,,,,22.1387,72.3283,0.408451,0.427015,,,,
pig manure,8.3124,46.6329,66.2082,45.0,7.88825,30.02033547,44.6468,,,,,,,18.8873,89.5442,0.221831,0.494118,,,,
pig manure,8.3124,46.6329,66.2082,60.0,7.87847,28.31352679,40.1115,,,,,,,17.948,96.7909,0.133803,0.689325,,,,
pig manure,8.3124,46.6329,66.2082,75.0,7.84584,28.289395,36.6914,,,,,,,16.7197,109.023,0.0739437,0.893682,,,,
pig manure,8.3124,46.6329,66.2082,90.0,7.86868,28.18402796,34.6097,,,,,,,16.6474,115.071,0.112676,,,,,
pig manure,8.05139,46.922,66.803,3.0,8.34829,44.3840069,60.4089,,,,,,,52.6301,1.40854,0.320423,0.131155,,,,
pig manure,8.05139,46.922,66.803,7.0,8.65498,56.28931152,55.5762,,,,,,,52.7023,0.628653,0.65493,0.137255,,,,
pig manure,8.05139,46.922,66.803,14.0,8.21126,57.70111725,51.5613,,,,,,,35.2168,1.05939,1.28521,0.140305,,,,
pig manure,8.05139,46.922,66.803,20.0,8.03834,55.04082253,48.5874,,,,,,,27.9913,18.441,0.883803,0.207407,,,,
pig manure,8.05139,46.922,66.803,30.0,7.90457,37.91258545,44.8699,,,,,,,25.5347,51.9863,0.443662,0.317211,,,,
pig manure,8.05139,46.922,66.803,45.0,7.71533,31.07909239,40.4089,,,,,,,23.5838,87.3512,0.309859,0.399564,,,,
pig manure,8.05139,46.922,66.803,60.0,7.75449,29.73966272,37.3606,,,,,,,21.4162,103.372,0.225352,0.54902,,,,
pig manure,8.05139,46.922,66.803,75.0,7.76101,29.51549911,33.9405,,,,,,,21.3439,108.824,0.116197,0.854031,,,,
pig manure,8.05139,46.922,66.803,90.0,7.73491,29.34075138,31.8587,,,,,,,19.104,113.277,0.0598592,0.960784,,,,
pig manure,8.4429,47.6445,67.3978,0.0,8.4429,25.3302,67.3978,,,,,,,47.6445,0.0,0.179577,0.216558,,,,
pig manure,8.4429,47.6445,67.3978,3.0,8.64519,49.67792641,66.8773,,,,,,,48.2225,0.0,0.514085,0.27451,,,,
pig manure,8.4429,47.6445,67.3978,7.0,9.03344,56.3854369,65.9108,,,,,,,32.8324,0.631309,1.08803,0.265359,,,,
pig manure,8.4429,47.6445,67.3978,14.0,8.95514,56.5038468,62.342,,,,,,,27.1965,4.05047,1.94014,0.301961,,,,
pig manure,8.4429,47.6445,67.3978,20.0,8.4429,51.86265434,57.7323,,,,,,,21.6329,28.6112,0.954225,0.314161,,,,
pig manure,8.4429,47.6445,67.3978,30.0,8.22757,38.39821573,54.0892,,,,,,,18.7428,83.6958,0.464789,0.350763,,,,
pig manure,8.4429,47.6445,67.3978,45.0,8.03834,30.8717666,47.8439,,,,,,,17.0809,109.287,0.239437,0.582571,,,,
pig manure,8.4429,47.6445,67.3978,60.0,7.89478,29.07803431,43.0855,,,,,,,15.7803,113.942,0.169014,0.750327,,,,
pig manure,8.4429,47.6445,67.3978,75.0,7.80343,28.95458434,37.658,,,,,,,15.4913,119.193,0.0950704,,,,,
pig manure,8.4429,47.6445,67.3978,90.0,7.7447,28.84320252,35.3532,,,,,,,15.4191,129.629,0.0316901,,,,,
pig manure,8.05139,46.922,66.803,3.0,8.34829,44.3840069,60.4089,,,,,,,52.6301,1.40854,0.320423,0.131155,,,,
pig manure,8.05139,46.922,66.803,7.0,8.65498,56.28931152,55.5762,,,,,,,52.7023,0.628653,0.65493,0.137255,,,,
pig manure,8.05139,46.922,66.803,14.0,8.21126,57.70111725,51.5613,,,,,,,35.2168,1.05939,1.28521,0.140305,,,,
pig manure,8.05139,46.922,66.803,20.0,8.03834,55.04082253,48.5874,,,,,,,27.9913,18.441,0.883803,0.207407,,,,
pig manure,8.05139,46.922,66.803,30.0,7.90457,37.91258545,44.8699,,,,,,,25.5347,51.9863,0.443662,0.317211,,,,
pig manure,8.05139,46.922,66.803,45.0,7.71533,31.07909239,40.4089,,,,,,,23.5838,87.3512,0.309859,0.399564,,,,
pig manure,8.05139,46.922,66.803,60.0,7.75449,29.73966272,37.3606,,,,,,,21.4162,103.372,0.225352,0.54902,,,,
pig manure,8.05139,46.922,66.803,75.0,7.76101,29.51549911,33.9405,,,,,,,21.3439,108.824,0.116197,0.854031,,,,
pig manure,8.05139,46.922,66.803,90.0,7.73491,29.34075138,31.8587,,,,,,,19.104,113.277,0.0598592,0.960784,,,,
pig manure,8.8801,47.2832,65.8364,0.0,8.8801,25.3302,65.8364,,,,,,,47.2832,0.0,0.0316901,0.100654,,,,
pig manure,8.8801,47.2832,65.8364,3.0,8.94209,49.53019672,67.6952,,,,,,,49.7399,0.612334,0.179577,0.140305,,,,
pig manure,8.8801,47.2832,65.8364,7.0,9.16069,54.69567452,66.7286,,,,,,,53.2803,1.58339,0.482394,0.125054,,,,
pig manure,8.8801,47.2832,65.8364,14.0,9.2553,56.24013885,64.5725,,,,,,,39.4075,1.27896,1.02817,0.149455,,,,
pig manure,8.8801,47.2832,65.8364,20.0,8.86705,51.75709477,61.3011,,,,,,,32.6156,8.26964,0.669014,0.176906,,,,
pig manure,8.8801,47.2832,65.8364,30.0,8.7137,38.85052123,56.5428,,,,,,,26.3295,18.0808,0.302817,0.338562,,,,
pig manure,8.8801,47.2832,65.8364,45.0,8.34829,29.50884152,52.0074,,,,,,,19.6098,70.5979,0.176056,0.674074,,,,
pig manure,8.8801,47.2832,65.8364,60.0,8.4168,27.81958475,46.9517,,,,,,,17.5145,91.2068,0.0880282,0.896732,,,,
pig manure,8.8801,47.2832,65.8364,75.0,8.23409,27.69618819,41.8216,,,,,,,16.7197,98.4531,0.0492958,,,,,
pig manure,8.8801,47.2832,65.8364,90.0,8.20473,27.59082114,36.171,,,,,,,16.3584,99.9144,0.028169,,,,,
pig manure,8.05139,46.922,66.803,3.0,8.34829,44.3840069,60.4089,,,,,,,52.6301,1.40854,0.320423,0.131155,,,,
pig manure,8.05139,46.922,66.803,7.0,8.65498,56.28931152,55.5762,,,,,,,52.7023,0.628653,0.65493,0.137255,,,,
pig manure,8.05139,46.922,66.803,14.0,8.21126,57.70111725,51.5613,,,,,,,35.2168,1.05939,1.28521,0.140305,,,,
pig manure,8.05139,46.922,66.803,20.0,8.03834,55.04082253,48.5874,,,,,,,27.9913,18.441,0.883803,0.207407,,,,
pig manure,8.05139,46.922,66.803,30.0,7.90457,37.91258545,44.8699,,,,,,,25.5347,51.9863,0.443662,0.317211,,,,
pig manure,8.05139,46.922,66.803,45.0,7.71533,31.07909239,40.4089,,,,,,,23.5838,87.3512,0.309859,0.399564,,,,
pig manure,8.05139,46.922,66.803,60.0,7.75449,29.73966272,37.3606,,,,,,,21.4162,103.372,0.225352,0.54902,,,,
pig manure,8.05139,46.922,66.803,75.0,7.76101,29.51549911,33.9405,,,,,,,21.3439,108.824,0.116197,0.854031,,,,
pig manure,8.05139,46.922,66.803,90.0,7.73491,29.34075138,31.8587,,,,,,,19.104,113.277,0.0598592,0.960784,,,,
pig manure,9.24551,48.5838,66.6543,0.0,9.24551,25.3302,66.6543,,,,,,,47.5,0.0,0.0246479,0.131155,,,,
pig manure,9.24551,48.5838,66.6543,3.0,9.30424,49.81934527,67.4721,,,,,,,48.5838,0.412144,0.197183,0.131155,,,,
pig manure,9.24551,48.5838,66.6543,7.0,9.35644,53.3043969,66.3569,,,,,,,56.6763,1.02903,0.390845,0.149455,,,,
pig manure,9.24551,48.5838,66.6543,14.0,9.29445,55.98063885,64.1264,,,,,,,44.1763,1.45712,0.897887,0.149455,,,,
pig manure,9.24551,48.5838,66.6543,20.0,8.9845,50.34950889,62.6394,,,,,,,36.5173,6.87362,0.5,0.210458,,,,
pig manure,9.24551,48.5838,66.6543,30.0,8.6093,38.35370419,58.9963,,,,,,,29.5809,12.697,0.211268,0.356863,,,,
pig manure,9.24551,48.5838,66.6543,45.0,8.42333,30.47647678,52.8996,,,,,,,21.5607,66.4102,0.0492958,0.768627,,,,
pig manure,9.24551,48.5838,66.6543,60.0,8.36134,28.78775189,46.2082,,,,,,,20.1156,88.2157,0.0246479,0.963834,,,,
pig manure,9.24551,48.5838,66.6543,75.0,8.29935,28.52020647,42.2677,,,,,,,18.3092,97.0567,0.0176056,,,,,
pig manure,9.24551,48.5838,66.6543,90.0,8.28956,28.34545874,35.7993,,,,,,,17.0809,99.1175,0.0176056,,,,,
green waste,6.0,25.0,56.01,0.0,6.0,28.83986358,56.01,,,,,,,25.0,24.1523,0.988613,,,,,
green waste,6.0,25.0,56.01,4.0,6.415226634,55.51856008,55.6788,,,,,,,,18.9564,1.28192,,,,,
green waste,6.0,25.0,56.01,8.0,7.371612328,52.07033312,55.6788,,,,,,,,16.6154,3.25311,,,,,
green waste,6.0,25.0,56.01,12.0,7.771268957,48.820745,55.0096,,,,,,,,9.59239,3.79658,,,,,
green waste,6.0,25.0,56.01,16.0,7.757558537,44.80200322,55.4111,,,,,,,,24.1713,3.60248,,,,,
green waste,6.0,25.0,56.01,23.0,7.846261478,42.65352545,54.608,,,,,,,,28.2633,3.14441,,,,,
green waste,6.0,25.0,56.01,30.0,7.868639292,37.30943774,55.1434,,,,,,,,51.0642,3.14441,,,,,
green waste,6.0,25.0,56.01,37.0,7.849066524,36.59236071,53.4034,,,,,,,,53.6336,0.395963,,,,,
green waste,6.0,25.0,56.01,44.0,7.97,36.37308312,53.9388,,,,,,,,80.1,0.25064,0.37358,,,,
green waste,6.0,25.0,56.01,51.0,7.97,35.93300925,53.0019,,,,,,,,76.91,0.21717,0.47738,,,,
green waste,6.0,25.0,56.01,58.0,7.95,35.74152614,52.3327,,,,,,,,71.5,0.07775,0.96591,,,,
green waste,6.0,25.0,56.01,65.0,7.84,38.32637614,51.7973,,,,,,,,94.83,0.0468,,,,,
green waste,6.0,25.0,55.84,0.0,6.0,30.82057727,55.84,,,,,,,25.0,26.9881,0.956694,,,,,
green waste,6.0,25.0,55.84,4.0,6.248639014,56.01240139,55.1434,,,,,,,,30.8898,1.1068,,,,,
green waste,6.0,25.0,55.84,8.0,7.116836314,53.97249344,51.5296,,,,,,,,16.4441,1.67616,,,,,
green waste,6.0,25.0,55.84,12.0,7.501316206,48.8311452,52.7342,,,,,,,,0.0,1.93754,,,,,
green waste,6.0,25.0,55.84,16.0,7.566000554,44.95301588,52.065,,,,,,,,1.96035,2.68116,,,,,
green waste,6.0,25.0,55.84,23.0,7.818690859,42.87985266,51.1281,,,,,,,,28.4346,2.64924,,,,,
green waste,6.0,25.0,55.84,30.0,7.900789825,36.91624395,51.1281,,,,,,,,69.3354,1.79607,,,,,
green waste,6.0,25.0,55.84,37.0,7.910395484,36.51115276,51.7973,,,,,,,,58.9627,0.201001,,,,,
green waste,6.0,25.0,55.84,44.0,8.12,36.30086494,51.7973,,,,,,,,67.06,0.05847,0.9895,,,,
green waste,6.0,25.0,55.84,51.0,8.03,36.03882062,51.1281,,,,,,,,68.96,0.05483,,,,,
green waste,6.0,25.0,55.84,58.0,7.98,35.83908864,49.9235,,,,,,,,63.14,0.05401,,,,,
green waste,6.0,25.0,55.84,65.0,7.93,38.44632614,48.8528,,,,,,,,66.79,0.05262,,,,,
green waste,6.0,25.0,54.44,0.0,6.0,33.32517861,54.44,,,,,,,25.0,20.7264,0.874741,,,,,
green waste,6.0,25.0,54.44,4.0,6.303564301,58.25339155,54.2065,,,,,,,,20.1745,1.12664,,,,,
green waste,6.0,25.0,54.44,8.0,6.791972531,56.33703395,51.9312,,,,,,,,41.3006,2.71049,,,,,
green waste,6.0,25.0,54.44,12.0,7.282422826,48.63403965,53.2696,,,,,,,,41.4528,2.40683,,,,,
green waste,6.0,25.0,54.44,16.0,7.267325347,45.4217493,52.8681,,,,,,,,47.2768,2.32747,,,,,
green waste,6.0,25.0,54.44,23.0,7.636877131,43.10950699,53.9388,,,,,,,,70.9722,1.67702,,,,,
green waste,6.0,25.0,54.44,30.0,7.86213689,37.5176296,52.6004,,,,,,,,79.6511,0.0698758,,,,,
green waste,6.0,25.0,54.44,37.0,7.859574104,37.93472442,52.4665,,,,,,,,62.6741,0.0267426,,,,,
green waste,6.0,25.0,54.44,44.0,7.99,37.40603312,50.7266,,,,,,,,79.6,0.03646,,,,,
green waste,6.0,25.0,54.44,51.0,7.99,37.22412971,52.065,,,,,,,,76.89,0.03488,,,,,
green waste,6.0,25.0,54.44,58.0,7.97,36.88152386,51.1281,,,,,,,,75.97,0.03255,,,,,
green waste,6.0,25.0,54.44,65.0,8.13,39.64419432,49.2543,,,,,,,,85.89,0.04047,0.96354,,,,
green waste,6.0,25.0,53.45,0.0,6.0,33.75486767,53.45,,,,,,,25.0,30.4711,0.848861,,,,,
green waste,6.0,25.0,53.45,4.0,6.297686915,58.1936743,53.9388,,,,,,,,27.6542,1.00932,,,,,
green waste,6.0,25.0,53.45,8.0,6.784928668,56.51655301,53.5373,,,,,,,,38.9976,2.71308,,,,,
green waste,6.0,25.0,53.45,12.0,7.284701541,48.50397759,53.0019,,,,,,,,62.5218,2.73292,,,,,
green waste,6.0,25.0,53.45,16.0,7.267198238,45.49837258,53.9388,,,,,,,,46.7629,2.66822,,,,,
green waste,6.0,25.0,53.45,23.0,7.67720756,43.50094361,53.6711,,,,,,,,70.4393,2.20842,,,,,
green waste,6.0,25.0,53.45,30.0,7.88228903,37.39636958,51.7973,,,,,,,,81.1737,0.092305,,,,,
green waste,6.0,25.0,53.45,37.0,7.867753555,36.69096843,52.065,,,,,,,,85.3608,0.0577985,,,,,
green waste,6.0,25.0,53.45,44.0,8.01,36.12729221,50.9943,,,,,,,,86.25,0.04876,,,,,
green waste,6.0,25.0,53.45,51.0,7.96,35.96240016,50.9943,,,,,,,,84.54,0.04386,0.96272,,,,
green waste,6.0,25.0,53.45,58.0,7.86,35.71991023,49.9235,,,,,,,,85.33,0.04638,,,,,
green waste,6.0,25.0,53.45,65.0,7.8,38.61874432,48.3174,,,,,,,,89.24,0.05417,,,,,
green waste,6.0,25.0,53.1,0.0,6.0,33.72842581,53.1,,,,,,,25.0,29.2149,0.806591,,,,,
green waste,6.0,25.0,53.1,4.0,6.325868733,58.80203364,53.344,,,,,,,,25.6368,0.82902,,,,,
green waste,6.0,25.0,53.1,8.0,6.796037418,56.04544441,51.3214,,,,,,,,36.6186,2.45083,,,,,
green waste,6.0,25.0,53.1,12.0,7.274700849,48.43866054,50.0871,,,,,,,,38.1983,2.62595,,,,,
green waste,6.0,25.0,53.1,16.0,7.296432311,45.43376576,51.6486,,,,,,,,35.705,2.44565,,,,,
green waste,6.0,25.0,53.1,23.0,7.82623318,43.37663111,51.7378,,,,,,,,51.483,2.06263,,,,,
green waste,6.0,25.0,53.1,30.0,8.165103772,37.18517388,50.7563,,,,,,,,66.0619,0.0612491,,,,,
green waste,6.0,25.0,53.1,37.0,8.15618714,36.50610358,49.5071,,,,,,,,68.6312,0.0931677,,,,,
green waste,6.0,25.0,53.1,44.0,8.28,36.03865471,48.9123,,,,,,,,76.94,0.05673,0.34401,,,,
green waste,6.0,25.0,53.1,51.0,8.21,35.87376266,47.4549,,,,,,,,64.34,0.04249,,,,,
green waste,6.0,25.0,53.1,58.0,8.18,35.63127273,46.6815,,,,,,,,76.83,0.04438,,,,,
green waste,6.0,25.0,53.1,65.0,8.11,38.61940682,44.4954,,,,,,,,83.52,0.04171,,,,,
poultry manure,8.4,10.6,66.0,0.0,8.15387,26.3435,67.4268,,,,,,,10.6,33.7483,2.67839,0.0475887,0.0,0.0,0.0,
poultry manure,8.4,10.6,66.0,3.0,9.18921,44.5077,57.986,,,,,,,,42.9822,3.00144,0.0408451,0.0473476,0.002049,0.00221552,
poultry manure,8.4,10.6,66.0,6.0,9.00644,57.5977,52.4508,,,,,,,,23.2027,3.60163,0.0972857,0.0341109,0.00382121,0.00152607,
poultry manure,8.4,10.6,66.0,9.0,9.14743,60.3459,46.6225,,,,,,,,55.6746,3.64415,0.369841,0.0183959,0.0015455,0.0010381,
poultry manure,8.4,10.6,66.0,12.0,9.01201,55.2329,43.5284,,,,,,,,67.3184,3.89422,0.219871,0.0118552,0.000411324,0.000759512,
poultry manure,8.4,10.6,66.0,18.0,8.82019,44.2082,39.1061,,,,,,,,104.953,3.65749,0.11593,0.00293606,0.000126737,0.000589996,
poultry manure,8.4,10.6,66.0,30.0,8.56745,26.2577,38.5967,,,,,,,,106.872,3.08578,0.0762762,0.00150458,0.00184659,0.0,
poultry manure,8.2,13.0,65.0,0.0,8.15527,26.3434,67.4624,,,,,,,13.0,33.4986,2.58509,0.0560179,0.0,0.0,0.0,
poultry manure,8.2,13.0,65.0,3.0,8.55352,67.0091,64.9183,,,,,,,,43.5275,2.81576,0.0623788,0.0404852,0.001049,0.00160108,
poultry manure,8.2,13.0,65.0,6.0,8.60191,65.9843,54.0484,,,,,,,,28.2963,3.06213,0.231375,0.0550683,0.00193202,0.00151763,
poultry manure,8.2,13.0,65.0,9.0,8.65205,61.3969,48.5487,,,,,,,,49.74,3.43691,0.343279,0.0195613,0.000955719,0.000850863,
poultry manure,8.2,13.0,65.0,12.0,8.56049,57.3243,45.1083,,,,,,,,69.0686,3.51424,0.268534,0.0154808,0.000895865,0.000754238,
poultry manure,8.2,13.0,65.0,18.0,8.64648,46.6464,38.7066,,,,,,,,95.9043,3.30213,0.126838,0.013165,0.000458216,0.000673857,
poultry manure,8.2,13.0,65.0,30.0,8.57511,25.5219,36.6882,,,,,,,,107.532,3.20095,0.0592763,0.00697965,5.94e-05,0.000548965,
poultry manure,8.1,10.5,66.9,0.0,8.28895,26.417,67.4267,,,,,,,10.5,33.9534,2.79941,0.0233635,0.0,0.0,0.0,
poultry manure,8.1,10.5,66.9,3.0,8.95666,50.0358,58.0658,,,,,,,,31.2949,3.78297,0.0429704,0.0541916,0.0015588,0.00184685,
poultry manure,8.1,10.5,66.9,6.0,8.82228,55.5798,48.8736,,,,,,,,19.5647,3.61394,0.0285772,0.0419168,0.000938845,0.0012708,
poultry manure,8.1,10.5,66.9,9.0,8.59252,55.7216,48.3889,,,,,,,,59.6757,3.37625,0.210464,0.0286249,0.000677803,0.000855081,
poultry manure,8.1,10.5,66.9,12.0,8.51732,57.44,41.833,,,,,,,,85.2358,2.82817,0.273847,0.0188657,0.000736457,0.000614997,
poultry manure,8.1,10.5,66.9,18.0,8.41149,52.8472,37.9079,,,,,,,,96.2449,2.9591,0.0744207,0.0103904,0.000299652,0.000487143,
poultry manure,8.1,10.5,66.9,30.0,8.40383,26.3627,36.5285,,,,,,,,111.92,2.70796,0.0549553,0.00381659,1.51e-05,0.000175547,
poultry manure,8.3,15.0,65.3,0.0,8.16954,26.3961,67.3203,,,,,,,15.0,34.1572,2.75538,0.0604806,0.0,0.0,0.0,
poultry manure,8.3,15.0,65.3,3.0,8.41671,68.9113,53.61,,,,,,,,42.5277,3.14371,0.0664166,0.0603696,0.000694331,0.00110371,
poultry manure,8.3,15.0,65.3,6.0,8.53333,70.7663,46.3971,,,,,,,,48.8505,3.65798,0.148499,0.0554197,0.000671163,0.000939575,
poultry manure,8.3,15.0,65.3,9.0,8.60748,69.2477,43.152,,,,,,,,79.7307,3.70112,0.21429,0.0251843,0.00045018,0.00068736,
poultry manure,8.3,15.0,65.3,12.0,8.49713,63.4094,40.3684,,,,,,,,98.5364,3.27805,0.221076,0.0122438,0.000396312,0.000621854,
poultry manure,8.3,15.0,65.3,18.0,8.64752,49.7994,37.0202,,,,,,,,112.411,3.17588,0.0927669,0.00731978,0.000343121,0.000554658,
poultry manure,8.3,15.0,65.3,30.0,8.66249,25.112,32.5963,,,,,,,,133.407,2.66269,0.0590641,0.000672127,7.73e-05,0.000415526,
pig manure,8.32709,25.0,60.0,0.0,8.32709,28.12242178,60.0,,,,,,,25.0,41.573,0.0522285,0.00629995,,,,
pig manure,8.32709,25.0,60.0,1.0,9.43379,40.2729,59.81590909,,,,,,,,59.7304,0.0731952,0.0143055,,,,
pig manure,8.32709,25.0,60.0,4.0,9.46654,59.588,55.60801586,,,,,,,,50.7732,0.0801758,0.0316414,,,,
pig manure,8.32709,25.0,60.0,12.0,9.10622,32.4101,51.78471664,,,,,,,,67.9435,0.0120778,0.0197582,,,,
pig manure,8.32709,25.0,60.0,26.0,8.23163,22.0715,51.45774155,,,,,,,,81.0235,0.0121783,0.0120909,,,,
pig manure,8.47263,25.0,60.0,0.0,8.47263,28.33416311,60.0,,,,,,,25.0,39.7555,0.0596359,0.00805829,,,,
pig manure,8.47263,25.0,60.0,1.0,9.45297,31.6749,59.81590909,,,,,,,,55.82,0.0702825,0.0169264,,,,
pig manure,8.47263,25.0,60.0,4.0,9.43238,60.96,55.32698673,,,,,,,,53.3802,0.0745763,0.0311139,,,,
pig manure,8.47263,25.0,60.0,12.0,9.19279,32.5134,51.88193189,,,,,,,,59.3149,0.0102699,0.0215082,,,,
pig manure,8.47263,25.0,60.0,26.0,8.32007,22.2782,50.66975309,,,,,,,,82.4004,0.0081607,0.0173994,,,,
pig manure,8.58072,25.0,60.0,0.0,8.58072,29.1249638,60.0,,,,,,,25.0,38.6724,0.060339,0.0076564,,,,
pig manure,8.58072,25.0,60.0,1.0,9.59803,29.9459,59.81590909,,,,,,,,61.3643,0.0748274,0.0232817,,,,
pig manure,8.58072,25.0,60.0,4.0,9.46701,62.0218,55.25419682,,,,,,,,58.0249,0.0830383,0.0342706,,,,
pig manure,8.58072,25.0,60.0,12.0,9.2569,36.0372,51.55837106,,,,,,,,64.0882,0.0164972,0.0215082,,,,
pig manure,8.58072,25.0,60.0,26.0,8.4132,20.6807,50.26203492,,,,,,,,83.3367,0.00811048,0.0176172,,,,
pig manure,8.74357,25.0,60.0,0.0,8.74357,29.60776017,60.0,,,,,,,25.0,45.9791,0.0713873,0.00675211,,,,
pig manure,8.74357,25.0,60.0,1.0,9.59008,34.1274,59.65122045,,,,,,,,55.4345,0.0811048,0.0263965,,,,
pig manure,8.74357,25.0,60.0,4.0,9.5358,63.8918,54.80109154,,,,,,,,54.6653,0.0840427,0.0331235,,,,
pig manure,8.74357,25.0,60.0,12.0,9.20496,37.24,51.35741084,,,,,,,,62.6746,0.0121532,0.0220357,,,,
pig manure,8.74357,25.0,60.0,26.0,8.53252,22.2875,51.19841333,,,,,,,,87.0085,0.00793471,0.0188061,,,,
sewage sludge,7.51937,24.989,60.8687,0.0,7.51937,20.0096,60.8687,,,,,,,24.989,5.85526,,,,,,
sewage sludge,7.51937,24.989,60.8687,8.0,8.41253,53.1672,55.3567,,,,,,,22.2512,15.2613,,,,,,
sewage sludge,7.51937,24.989,60.8687,16.0,7.79184,38.3779,53.3665,,,,,,,20.9046,34.0412,,,,,,
sewage sludge,7.51937,24.989,60.8687,24.0,7.69096,32.6053,52.0684,,,,,,,20.3403,52.0402,,,,,,
sewage sludge,7.51937,24.989,60.8687,32.0,7.66059,28.426,49.0247,,,,,,,20.308,75.1165,,,,,,
sewage sludge,7.51937,24.989,60.8687,39.0,7.62007,24.847,47.7962,,,,,,,17.7259,88.0838,,,,,,
sewage sludge,7.51937,24.987,60.8513,0.0,7.51937,20.0327,60.8513,,,,,,,24.987,31.8633,,,,,,
sewage sludge,7.51937,24.987,60.8513,7.95924,8.41099,56.4922,56.3275,,,,,,,21.4256,48.9431,,0.00332,,,,
sewage sludge,7.51937,24.987,60.8513,15.976,8.13243,41.3912,53.3839,,,,,,,20.483,66.0,,0.00242,,,,
sewage sludge,7.51937,24.987,60.8513,24.0188,8.07096,34.441,52.0249,,,,,,,19.5639,82.2297,,,,,,
sewage sludge,7.51937,24.987,60.8513,32.0146,8.02181,31.5432,48.1236,,,,,,,19.0843,94.1171,,0.00176,,,,
sewage sludge,7.51937,24.987,60.8513,39.9582,7.9819,27.6063,45.8547,,,,,,,19.0875,101.961,,,,,,
sewage sludge,7.52183,24.9732,60.8164,0.0,7.52183,20.0789,60.8164,,,,,,,24.9732,35.0109,,,,,,
sewage sludge,7.52183,24.9732,60.8164,7.99059,8.42331,56.319,53.5633,,,,,,,21.6778,53.1476,,0.01119,,,,
sewage sludge,7.52183,24.9732,60.8164,16.0073,7.95813,42.1993,51.3249,,,,,,,20.3076,77.9242,,0.11211,,,,
sewage sludge,7.52183,24.9732,60.8164,24.0293,7.91052,34.1178,50.3358,,,,,,,19.3827,90.1102,,,,,,
sewage sludge,7.52183,24.9732,60.8164,31.9676,7.86876,31.7856,46.6218,,,,,,,18.5543,102.044,,0.2378,,,,
sewage sludge,7.52183,24.9732,60.8164,39.9948,7.84056,28.7493,45.1495,,,,,,,19.4185,107.912,,0.26477,,,,
sewage sludge,7.52183,24.9633,60.7947,0.0,7.52183,19.9404,60.7947,,,,,,,24.9633,29.313,,,,,,
sewage sludge,7.52183,24.9633,60.7947,7.94356,8.4424,55.9842,51.2822,,,,,,,21.5714,46.7145,,0.0167,,,,
sewage sludge,7.52183,24.9633,60.7947,16.0439,8.00186,42.3725,50.4934,,,,,,,20.1086,52.973,,0.08955,,,,
sewage sludge,7.52183,24.9633,60.7947,24.0502,7.92777,35.2492,49.8701,,,,,,,19.0043,69.9839,,,,,,
sewage sludge,7.52183,24.9633,60.7947,31.9415,7.87923,32.0165,45.638,,,,,,,18.1582,83.7782,,0.26532,,,,
sewage sludge,7.52183,24.9633,60.7947,39.9895,7.84918,28.5646,44.5096,,,,,,,17.9033,94.9304,,0.28349,,,,
sewage sludge,7.64316,24.9673,60.8382,0.0,7.64316,20.1135,60.8382,,,,,,,24.9673,28.1873,,,,,,
sewage sludge,7.64316,24.9673,60.8382,8.00105,8.47166,55.2915,50.1243,,,,,,,20.7202,45.9564,,0.00902,,,,
sewage sludge,7.64316,24.9673,60.8382,16.0021,8.02033,41.7491,49.4269,,,,,,,19.2632,52.1458,,0.10166,,,,
sewage sludge,7.64316,24.9673,60.8382,24.0658,7.97119,35.3762,48.6729,,,,,,,18.4743,68.996,,,,,,
sewage sludge,7.64316,24.9673,60.8382,31.9885,7.91034,31.7279,45.1504,,,,,,,17.5927,81.7794,,0.28976,,,,
sewage sludge,7.64316,24.9673,60.8382,39.9634,7.86334,28.3567,43.7174,,,,,,,19.0067,89.9219,,0.29687,,,,
poultry manure,7.70023,18.0,65.0,0.00901558,7.70023,25.34858518,65.0,,,,,,,18.0,0.871095,,,,,,
poultry manure,7.70023,18.0,65.0,3.07382,8.50597,55.0505733,60.48637406,,,,,,,,3.90673,,,,,,
poultry manure,7.70023,18.0,65.0,6.9717,8.29975,55.51053218,55.16420804,,,,,,,,28.2974,,,,,,
poultry manure,7.70023,18.0,65.0,13.9823,8.0738,42.6526073,48.34105884,,,,,,,,60.9239,,,,,,
poultry manure,7.70023,18.0,65.0,20.9785,8.50813,37.4579569,41.50698931,,,,,,,,62.2965,,,,,,
poultry manure,7.70023,18.0,65.0,28.0538,8.42554,34.68016288,40.56362826,,,,,,,,45.1122,,,,,,
poultry manure,7.70023,18.0,65.0,35.152,8.52951,31.45277974,40.48472529,,,,,,,,42.0238,,,,,,
poultry manure,7.70023,18.0,65.0,42.0243,8.5257,29.33576051,39.48920235,,,,,,,,50.5499,,,,,,
poultry manure,7.81843,18.0,65.0,0.0664176,7.81843,26.16258678,65.0,,,,,,,18.0,0.422349,,,,,,
poultry manure,7.81843,18.0,65.0,2.87794,8.59283,57.38724676,57.86223005,,,,,,,,0.316762,,,,,,
poultry manure,7.81843,18.0,65.0,6.9375,8.39231,58.16623136,52.16683933,,,,,,,,41.8654,,,,,,
poultry manure,7.81843,18.0,65.0,14.0042,8.15307,45.59804647,47.19296037,,,,,,,,67.6023,,,,,,
poultry manure,7.81843,18.0,65.0,21.1339,8.59121,37.13874027,39.71109689,,,,,,,,67.6551,,,,,,
poultry manure,7.81843,18.0,65.0,28.0342,8.57222,33.96421287,37.79750284,,,,,,,,52.8201,,,,,,
poultry manure,7.81843,18.0,65.0,35.0123,8.61447,30.02853648,38.86633075,,,,,,,,70.5587,,,,,,
poultry manure,7.81843,18.0,65.0,42.0533,8.61067,28.35541559,37.43381251,,,,,,,,74.3335,,,,,,
pig manure,7.62984,30.0,60.0,1.0,7.62984,36.61345886,60.0,,,,,,,30.0,38.3667,,0.548775,,,,
pig manure,7.62984,30.0,60.0,3.0,9.54742,42.89398285,59.91389931,,,,,,,,13.3868,,0.5089,,,,
pig manure,7.62984,30.0,60.0,7.0,9.17584,51.25808239,62.12671234,,,,,,,,57.9908,,0.568317,,,,
pig manure,7.62984,30.0,60.0,14.0,8.21714,49.93231523,61.30537893,,,,,,,,86.8768,,0.624703,,,,
pig manure,7.62984,30.0,60.0,21.0,8.80406,44.26714773,60.91332972,,,,,,,,90.2458,,0.479493,,,,
pig manure,7.62984,30.0,60.0,28.0,8.97361,42.21711782,59.53226975,,,,,,,,93.4618,,0.53871,,,,
pig manure,7.62984,30.0,60.0,35.0,9.17068,36.24543103,57.60485818,,,,,,,,100.342,,0.609284,,,,
pig manure,7.62984,30.0,60.0,42.0,9.45948,30.30224857,56.06385942,,,,,,,,106.077,,0.819014,,,,
pig manure,7.62984,30.0,60.0,50.0,9.32631,29.70272883,55.74029537,,,,,,,,120.743,,0.994565,,,,
pig manure,7.72667,30.0,60.0,1.0,7.72667,37.59806705,60.0,,,,,,,30.0,66.326,,0.526036,,,,
pig manure,7.72667,30.0,60.0,3.0,8.85029,45.01662716,57.71746548,,,,,,,,34.9354,,0.443606,,,,
pig manure,7.72667,30.0,60.0,7.0,9.03825,52.90873148,59.90168484,,,,,,,,65.5719,,0.61939,,,,
pig manure,7.72667,30.0,60.0,14.0,8.29511,49.34460233,59.98431612,,,,,,,,68.0252,,0.479884,,,,
pig manure,7.72667,30.0,60.0,21.0,9.05631,45.29248585,60.98352683,,,,,,,,84.7507,,0.470984,,,,
pig manure,7.72667,30.0,60.0,28.0,9.43225,40.79638713,58.89145765,,,,,,,,80.4107,,0.609716,,,,
pig manure,7.72667,30.0,60.0,35.0,9.33579,34.00850376,57.50898906,,,,,,,,87.7483,,0.745585,,,,
pig manure,7.72667,30.0,60.0,42.0,9.38609,29.90701791,55.34454953,,,,,,,,99.2076,,0.904167,,,,
pig manure,7.72667,30.0,60.0,50.0,8.95023,29.41856178,55.00316089,,,,,,,,118.453,,,,,,
pig manure,7.83215,30.0,60.0,1.0,7.83215,38.21688323,60.0,,,,,,,30.0,43.6582,,0.352842,,,,
pig manure,7.83215,30.0,60.0,3.0,8.72645,45.49566688,57.50568995,,,,,,,,50.0724,,0.351164,,,,
pig manure,7.83215,30.0,60.0,7.0,8.99698,52.00284658,60.13566693,,,,,,,,49.1626,,0.503006,,,,
pig manure,7.83215,30.0,60.0,14.0,8.49691,49.81465708,59.334221,,,,,,,,60.4946,,0.366331,,,,
pig manure,7.83215,30.0,60.0,21.0,8.86368,45.83396705,61.13914253,,,,,,,,61.5485,,0.377272,,,,
pig manure,7.83215,30.0,60.0,28.0,9.24879,38.49370942,59.22233927,,,,,,,,80.8685,,0.533029,,,,
pig manure,7.83215,30.0,60.0,35.0,9.38165,32.19655824,57.67225384,,,,,,,,97.3651,,0.832973,,,,
pig manure,7.83215,30.0,60.0,42.0,9.58331,29.5749302,55.47747619,,,,,,,,114.727,,,,,,
pig manure,7.83215,30.0,60.0,50.0,8.83557,29.46606325,55.15939097,,,,,,,,121.659,,,,,,
pig manure,7.62577,30.0,60.0,1.0,7.62577,47.11907659,60.0,,,,,,,30.0,40.3254,,0.518151,,,,
pig manure,7.62577,30.0,60.0,3.0,8.68518,55.5443061,59.40581102,,,,,,,,54.2446,,0.507633,,,,
pig manure,7.62577,30.0,60.0,7.0,8.96028,53.65902845,60.80616943,,,,,,,,58.5506,,0.5538,,,,
pig manure,7.62577,30.0,60.0,14.0,8.85924,49.59383378,59.8957942,,,,,,,,78.9139,,0.351812,,,,
pig manure,7.62577,30.0,60.0,21.0,9.03796,44.89507142,60.50523295,,,,,,,,68.0356,,0.413606,,,,
pig manure,7.62577,30.0,60.0,28.0,9.45059,41.32302463,58.83205129,,,,,,,,72.4223,,0.439967,,,,
pig manure,7.62577,30.0,60.0,35.0,9.50549,36.60838327,57.15614673,,,,,,,,81.6173,,0.975875,,,,
pig manure,7.62577,30.0,60.0,42.0,9.67504,31.86270196,55.54317639,,,,,,,,95.0098,,,,,,
pig manure,7.62577,30.0,60.0,50.0,8.87685,30.84407084,55.32872484,,,,,,,,125.729,,,,,,
food waste,8.68704,22.0,60.0,5.00264,8.82639,43.0632,54.42985345,,,,,,,,0.0,4.25138,0.476466,,,,
food waste,8.68704,22.0,60.0,10.9656,8.96315,34.5173,51.11146152,,,,,,,,0.0,3.99569,0.544399,,,,
food waste,8.68704,22.0,60.0,18.9695,8.99811,26.1263,49.72138904,,,,,,,,0.39036,4.29693,0.389549,,,,
food waste,8.68704,22.0,60.0,27.0105,9.01566,25.9952,53.29582295,,,,,,,,7.30532,3.84701,0.359671,,,,
food waste,8.68704,22.0,60.0,34.9587,9.06193,23.4923,54.02271938,,,,,,,,9.87054,4.32502,0.417043,,,,
food waste,8.68704,22.0,60.0,42.9725,8.98721,22.6341,53.71718622,,,,,,,,33.3201,4.29928,0.313478,,,,0.810227
food waste,8.68704,22.0,60.0,49.9838,9.05088,25.8045,55.01238737,,,,,,,,34.7978,4.30882,0.321896,,,,
food waste,8.69226,22.0,60.0,4.94681,8.85947,43.7902,53.99008891,,,,,,,,4.76797,3.80165,0.491791,,,,
food waste,8.69226,22.0,60.0,10.9378,8.94226,34.1716,51.14541888,,,,,,,,0.139414,3.69324,0.499007,,,,
food waste,8.69226,22.0,60.0,18.9974,8.97722,26.8534,49.10374344,,,,,,,,26.7676,3.90121,0.332365,,,,
food waste,8.69226,22.0,60.0,26.9832,8.92426,27.5805,50.90578851,,,,,,,,13.3001,3.70168,0.318405,,,,
food waste,8.69226,22.0,60.0,34.9133,8.88697,30.7271,52.60149572,,,,,,,,35.9132,3.81049,0.613348,,,,0.687845
food waste,8.69226,22.0,60.0,42.9305,8.15073,23.1704,52.41748792,,,,,,,,51.0815,1.52827,,,,,0.243979
food waste,8.69226,22.0,60.0,49.9431,7.99417,24.7795,53.86049009,,,,,,,,98.1757,1.18921,,,,,0.322086
food waste,8.68268,22.0,60.0,5.03081,8.76111,42.4911,53.27876132,,,,,,,,5.63234,3.84681,0.416333,,,,
food waste,8.68268,22.0,60.0,10.9569,8.83955,33.9928,50.73092797,,,,,,,,36.0526,3.89552,0.437699,,,,
food waste,8.68268,22.0,60.0,19.0532,8.94937,27.1752,49.51415025,,,,,,,,53.4515,4.14768,0.286383,,,,
food waste,8.68268,22.0,60.0,26.8998,8.91033,25.8522,51.13485328,,,,,,,,54.6784,3.50333,0.369693,,,,
food waste,8.68268,22.0,60.0,34.9163,8.3151,28.2837,52.50403209,,,,,,,,47.2894,2.16084,,,,,0.252548
food waste,8.68268,22.0,60.0,42.9334,7.61802,25.1251,52.37492087,,,,,,,,72.6349,1.36134,,,,,0.387312
food waste,8.68268,22.0,60.0,49.9451,7.61031,29.0822,53.60569123,,,,,,,,99.0121,1.08218,,,,,0.394636
food waste,8.68268,22.0,60.0,4.94725,8.77678,43.6472,53.58111222,,,,,,,,36.1362,3.59446,0.391576,,,,
food waste,8.68268,22.0,60.0,11.0404,8.84739,33.4684,50.91269257,,,,,,,,35.7459,3.44579,0.426497,,,,
food waste,8.68268,22.0,60.0,18.9703,8.83969,26.2574,52.68868094,,,,,,,,50.6074,3.45345,0.416076,,,,
food waste,8.68268,22.0,60.0,26.9888,7.86843,27.1037,61.99538293,,,,,,,,66.1661,1.10251,,,,,0.222177
food waste,8.68268,22.0,60.0,34.9189,7.82157,23.1466,65.15058784,,,,,,,,107.238,0.800856,,,,,0.321559
food waste,8.68268,22.0,60.0,42.9336,7.57102,24.3147,63.3993391,,,,,,,,92.85,0.603293,,,,,0.305915
food waste,8.68268,22.0,60.0,49.945,7.62598,35.3039,63.11050751,,,,,,,,99.4304,0.261289,,,,,0.267232
sewage sludge,8.09596,20.0,60.0,1.03048,8.09596,37.9527,60.0,,,,,,,20.0,45.2182,1.79543,0.0612653,,0.00694694,0.000140939,
sewage sludge,8.09596,20.0,60.0,2.97519,8.23832,49.813,55.69544545,,,,,,,,66.6405,2.39495,0.0303225,,0.0309281,0.0,
sewage sludge,8.09596,20.0,60.0,5.99902,7.80922,31.3498,52.14885201,,,,,,,,62.1204,2.30248,0.0505742,,0.00232593,0.0,
sewage sludge,8.09596,20.0,60.0,9.02852,7.79974,31.1404,54.54454414,,,,,,,,64.0482,2.06594,0.0294669,,0.000839062,0.000177544,
sewage sludge,8.09596,20.0,60.0,11.9868,7.4126,28.2771,54.78512727,,,,,,,,76.54,0.952599,0.0526481,,0.000191257,0.00742356,
sewage sludge,8.09596,20.0,60.0,14.9762,6.89957,22.5061,54.67822576,,,,,,,,72.8429,0.894541,0.180223,,1.85e-05,0.00385671,
sewage sludge,8.09596,20.0,60.0,21.977,6.59055,21.8098,52.60864145,,,,,,,,83.9723,1.07888,0.226696,,,0.00123475,
sewage sludge,8.09596,20.0,60.0,32.0316,6.50192,20.3041,55.4226254,,,,,,,,97.1668,0.927109,0.245969,,,,
sewage sludge,8.09596,20.0,60.0,41.9888,6.50678,20.8521,53.25632657,,,,,,,,98.2879,0.876283,0.284575,,,,
sewage sludge,8.05171,20.0,60.0,1.02132,8.05171,37.5835,60.0,,,,,,,20.0,44.578,1.72799,0.0459168,,0.0033871,0.00018521,
sewage sludge,8.05171,20.0,60.0,2.96666,8.16078,53.5054,55.4861472,,,,,,,,62.5248,2.02101,0.0251673,,0.015899,0.0,
sewage sludge,8.05171,20.0,60.0,5.94007,7.85255,34.096,52.17500407,,,,,,,,64.1935,2.21072,0.0269073,,0.00191257,0.0,
sewage sludge,8.05171,20.0,60.0,9.02839,7.94934,34.925,53.75320341,,,,,,,,72.9659,1.81818,0.0273579,,0.000635466,0.000199457,
sewage sludge,8.05171,20.0,60.0,11.9549,7.28261,28.6232,53.58192727,,,,,,,,72.287,0.96728,0.068114,,5.55e-05,0.00520488,
sewage sludge,8.05171,20.0,60.0,15.0012,6.9315,22.9446,56.10908295,,,,,,,,76.1356,0.888575,0.185261,,1.85e-05,0.00302985,
sewage sludge,8.05171,20.0,60.0,21.9723,6.65805,20.2637,52.27070597,,,,,,,,89.0487,1.46612,0.283287,,,0.000930801,
sewage sludge,8.05171,20.0,60.0,32.0306,6.57216,21.0194,53.91290354,,,,,,,,101.45,0.99547,0.362665,,,,
sewage sludge,8.05171,20.0,60.0,41.9951,6.47166,21.3598,51.61010851,,,,,,,,101.886,0.870779,0.387563,,,,
poultry manure,7.56312,25.7,60.0,0.0151134,7.56312,30.78979034,60.0,,,,,,,25.7,26.2706,0.454282,0.117702,,,0.000183999,0.000812337
poultry manure,7.56312,25.7,60.0,9.98992,8.51922,49.55350769,53.24115292,,,,,,,24.8781,22.9923,0.718889,0.153927,,,0.0018795,0.129407
poultry manure,7.56312,25.7,60.0,20.0101,7.82156,31.88497046,52.6781188,,,,,,,24.0992,29.923,0.373719,0.113952,,,0.00139,0.0647036
poultry manure,7.56312,25.7,60.0,30.0227,7.88243,28.10780999,53.92029082,,,,,,,23.5053,53.4873,0.172468,0.279602,,,0.0031885,0.0460113
poultry manure,7.56312,25.7,60.0,40.005,7.76116,26.70832315,49.95938142,,,,,,,22.105,52.2992,0.203364,0.334115,,,0.00291501,0.018942
poultry manure,7.56312,25.7,60.0,50.0403,7.79012,26.98385831,51.04138791,,,,,,,21.1113,66.7547,0.12898,0.528839,,,0.0019885,0.0226306
poultry manure,7.56312,25.7,60.0,59.9849,7.57795,27.05098389,41.69961494,,,,,,,19.2284,73.4873,0.0933905,0.643845,,,0.002151,0.00425092
poultry manure,7.85583,27.1542,60.0,0.0151134,7.85583,28.66080008,60.0,,,,,,,27.1542,18.6359,0.448338,0.114655,,,0.000185004,0.00206258
poultry manure,7.85583,27.1542,60.0,9.99748,8.81194,49.52200818,59.5079918,,,,,,,25.6548,21.8042,0.534924,0.178781,,,0.0010935,0.0734558
poultry manure,7.85583,27.1542,60.0,19.927,8.36637,31.27233857,60.84024826,,,,,,,23.0679,33.2893,0.258585,0.172099,,,0.000769997,0.0191294
poultry manure,7.85583,27.1542,60.0,30.0756,8.20803,28.78828743,54.28501637,,,,,,,21.4594,55.2695,0.147751,0.46483,,,0.0026365,0.015754
poultry manure,7.85583,27.1542,60.0,40.005,8.33241,27.63443241,50.70829531,,,,,,,20.0062,75.6656,0.118577,0.590856,,,0.001216,0.012753
poultry manure,7.85583,27.1542,60.0,50.0252,8.02127,27.75716547,51.25811694,,,,,,,18.0606,88.7349,0.0987881,0.877022,,,0.00134851,0.00487591
poultry manure,7.85583,27.1542,60.0,60.0378,7.82908,27.73032129,46.04129587,,,,,,,15.5993,93.6854,0.0766533,0.959673,,,0.000982002,0.00418891
poultry manure,7.9432,28.8101,60.0,0.02267,7.9432,28.6922784,60.0,,,,,,,28.8101,21.8042,0.424091,0.117938,,,0.000177001,0.00168719
poultry manure,7.9432,28.8101,60.0,10.0126,9.0621,46.0866272,61.44907565,,,,,,,27.5288,29.3289,0.505046,0.219344,,,0.000829501,0.0623903
poultry manure,7.9432,28.8101,60.0,19.995,8.40279,31.98033304,62.56979796,,,,,,,24.6379,35.6656,0.21885,0.141384,,,0.000679001,0.0260066
poultry manure,7.9432,28.8101,60.0,30.0302,8.31086,29.18057368,56.81441236,,,,,,,22.1667,68.4488,0.116152,0.487105,,,0.0016735,0.018817
poultry manure,7.9432,28.8101,60.0,40.073,8.45813,27.81217011,52.88827786,,,,,,,17.729,78.3058,0.120297,0.638922,,,0.001532,0.0103773
poultry manure,7.9432,28.8101,60.0,50.063,8.25015,28.1375093,52.24841423,,,,,,,16.1403,95.7316,0.0980051,0.955334,,,0.000869499,0.00231328
poultry manure,7.9432,28.8101,60.0,60.0151,8.00832,27.73967955,46.63020173,,,,,,,14.3434,106.777,0.0600705,,,,0.000690002,0.00375079
poultry manure,7.56312,25.7,60.0,0.0151134,7.56312,27.92579064,60.0,,,,,,,25.7,26.2706,0.454282,0.117702,,,0.000183999,0.000812337
poultry manure,7.56312,25.7,60.0,9.98992,8.51922,50.0881739,54.50503931,,,,,,,24.8781,22.9923,0.718889,0.153927,,,0.0018795,0.129407
poultry manure,7.56312,25.7,60.0,20.0101,7.82156,30.64317201,55.62224548,,,,,,,24.0992,29.923,0.373719,0.113952,,,0.00139,0.0647036
poultry manure,7.56312,25.7,60.0,30.0227,7.88243,26.45084268,54.63885785,,,,,,,23.5053,53.4873,0.172468,0.279602,,,0.0031885,0.0460113
poultry manure,7.56312,25.7,60.0,40.005,7.76116,23.06849951,51.21954278,,,,,,,22.105,52.2992,0.203364,0.334115,,,0.00291501,0.018942
poultry manure,7.56312,25.7,60.0,50.0403,7.79012,23.53104101,53.0177752,,,,,,,21.1113,66.7547,0.12898,0.528839,,,0.0019885,0.0226306
poultry manure,7.56312,25.7,60.0,59.9849,7.57795,23.4303901,44.04717029,,,,,,,19.2284,73.4873,0.0933905,0.643845,,,0.002151,0.00425092
poultry manure,7.7185,26.8667,60.0,0.02267,7.7185,25.86469093,60.0,,,,,,,26.8667,20.022,0.451936,0.112544,,,0.000211002,0.00137505
poultry manure,7.7185,26.8667,60.0,10.0353,8.7394,45.61196271,59.19796165,,,,,,,25.0599,27.1507,0.618459,0.123447,,,0.00170949,0.0937738
poultry manure,7.7185,26.8667,60.0,20.0327,8.28609,30.62284271,60.00427958,,,,,,,23.3985,32.2992,0.30176,0.158969,,,0.001251,0.0460739
poultry manure,7.7185,26.8667,60.0,30.0453,8.10648,26.88611391,54.77918843,,,,,,,22.5303,60.418,0.16887,0.434585,,,0.0030735,0.0339456
poultry manure,7.7185,26.8667,60.0,40.0353,8.23924,24.06434737,51.35036982,,,,,,,21.6126,65.5666,0.148768,0.513248,,,0.00206,0.0156288
poultry manure,7.7185,26.8667,60.0,50.0554,8.06608,24.6946732,52.08569136,,,,,,,19.3529,82.9923,0.113336,0.736109,,,0.0017185,0.012441
poultry manure,7.7185,26.8667,60.0,60.0,7.79007,24.64258812,45.85855417,,,,,,,17.1363,89.1309,0.0977705,0.802344,,,0.001609,0.00762683
poultry manure,7.79297,28.1227,60.0,0.0302267,7.79297,27.17794103,60.0,,,,,,,28.1227,20.286,0.436136,0.11278,,,0.000177005,0.00268802
poultry manure,7.79297,28.1227,60.0,9.95214,8.98989,50.98553472,59.37985028,,,,,,,26.8612,32.3432,0.589832,0.152285,,,0.0013965,0.105026
poultry manure,7.79297,28.1227,60.0,20.0101,8.37152,31.10546827,60.61255388,,,,,,,24.823,32.0352,0.328041,0.112779,,,0.001174,0.0385719
poultry manure,7.79297,28.1227,60.0,30.0529,8.18868,26.68463899,55.55313689,,,,,,,24.6588,50.495,0.168871,0.434818,,,0.0027925,0.0246935
poultry manure,7.79297,28.1227,60.0,40.0126,8.35207,23.79009284,51.65631667,,,,,,,22.9941,57.9978,0.11185,0.462134,,,0.002377,0.0151913
poultry manure,7.79297,28.1227,60.0,49.9572,8.19083,24.56434168,52.05176963,,,,,,,21.5079,69.3289,0.131483,0.762603,,,0.0015105,0.0132534
poultry manure,7.79297,28.1227,60.0,60.0453,7.8784,24.49394628,49.2736457,,,,,,,19.8597,75.6436,0.0621042,0.859789,,,0.001644,0.00350007
food waste,8.11896,29.7059,55.0,0.0,8.11896,25.927,55.0,,,,,,,29.7059,0.0,1.71675,,,,0.0319237,0.0507769
food waste,8.11896,29.7059,55.0,3.0,7.584,54.9211,55.03910795,,,,,,,26.6602,15.2941,1.48555,,,,0.0266198,0.186413
food waste,8.11896,29.7059,55.0,7.0,7.17744,63.3558,57.82377084,,,,,,,25.1809,7.05882,1.46858,,,,0.023782,0.0301175
food waste,8.11896,29.7059,55.0,10.0,7.211,63.4456,60.11421968,,,,,,,24.39,8.82353,1.35828,,,,0.00331492,0.0278586
food waste,8.11896,29.7059,55.0,14.0,7.04448,61.5149,61.16822344,,,,,,,24.0871,14.1176,1.05807,,,,0.000376695,0.00985907
food waste,8.11896,29.7059,55.0,21.0,7.37434,38.2696,56.893825,,,,,,,21.4249,46.4706,0.747728,,,,0.00253641,0.014112
food waste,8.11896,29.7059,55.0,28.0,7.03505,34.1535,55.91117841,,,,,,,21.6058,40.5882,0.658456,,,,0.00263687,0.000419888
food waste,8.11896,29.7059,55.0,42.0,6.89105,31.9887,51.46938977,,,,,,,20.9866,93.5294,0.40737,,,,0.000276243,0.000604737
food waste,8.03532,31.3723,55.0,0.0,8.03532,25.927,55.0,,,,,,,31.3723,0.0,1.7962,,,,0.0369412,0.0226565
food waste,8.03532,31.3723,55.0,3.0,7.48921,60.4831,54.99196364,,,,,,,28.4249,7.64706,1.17467,,,,0.0134103,0.0550845
food waste,8.03532,31.3723,55.0,7.0,7.4224,60.3219,57.89880568,,,,,,,27.3378,23.5294,1.07826,,,,0.040884,0.00340081
food waste,8.03532,31.3723,55.0,10.0,7.43433,61.1703,60.81966892,,,,,,,27.7233,24.7059,1.04049,,,,0.0331492,0.0219938
food waste,8.03532,31.3723,55.0,14.0,7.35675,40.869,61.59966437,,,,,,,25.2636,29.4118,0.923359,,,,0.000301356,0.000886659
food waste,8.03532,31.3723,55.0,21.0,7.51934,33.6349,57.96039545,,,,,,,21.719,67.0588,0.4403,,,,0.0112757,0.000828753
food waste,8.03532,31.3723,55.0,28.0,7.50905,29.9664,56.91617159,,,,,,,18.8605,96.4706,0.0677856,,,,0.0103466,0.000520221
food waste,8.03532,31.3723,55.0,42.0,7.48291,34.8277,52.01577955,,,,,,,18.4378,125.882,0.0273993,,,,0.000175791,0.000454471
food waste,8.11896,29.7059,55.0,0.0,8.11896,25.927,55.0,,,,,,,29.7059,0.0,1.71675,,,,0.0319237,0.0507769
food waste,8.11896,29.7059,55.0,3.0,7.584,54.9211,55.03910795,,,,,,,26.6602,15.2941,1.48555,,,,0.0266198,0.186413
food waste,8.11896,29.7059,55.0,7.0,7.17744,63.3558,58.16325834,,,,,,,25.1809,7.05882,1.46858,,,,0.023782,0.0301175
food waste,8.11896,29.7059,55.0,10.0,7.211,63.4456,60.60809014,,,,,,,24.39,8.82353,1.35828,,,,0.00331492,0.0278586
food waste,8.11896,29.7059,55.0,14.0,7.04448,61.5149,61.89404617,,,,,,,24.0871,14.1176,1.05807,,,,0.000376695,0.00985907
food waste,8.11896,29.7059,55.0,21.0,7.37434,38.2696,57.27069432,,,,,,,21.4249,46.4706,0.747728,,,,0.00253641,0.014112
food waste,8.11896,29.7059,55.0,28.0,7.03505,34.1535,56.16139318,,,,,,,21.6058,40.5882,0.658456,,,,0.00263687,0.000419888
food waste,8.11896,29.7059,55.0,42.0,6.89105,31.9887,51.65161477,,,,,,,20.9866,93.5294,0.40737,,,,0.000276243,0.000604737
food waste,8.23605,31.1762,55.0,0.0,8.23605,25.927,55.0,,,,,,,31.1762,0.0,1.47496,,,,0.0160723,0.0175938
food waste,8.23605,31.1762,55.0,3.0,8.04684,29.9664,54.99196364,,,,,,,25.8759,1.76471,1.27484,,,,0.00821195,0.0447586
food waste,8.23605,31.1762,55.0,7.0,7.96369,59.3878,58.27694091,,,,,,,25.9652,8.82353,1.08862,,,,0.0323958,0.022298
food waste,8.23605,31.1762,55.0,10.0,7.99194,60.1534,61.21867801,,,,,,,26.8407,8.82353,1.12685,,,,0.00959317,0.0632469
food waste,8.23605,31.1762,55.0,14.0,7.9311,62.8557,62.18765301,,,,,,,23.793,36.4706,0.885358,,,,0.000326469,0.000335289
food waste,8.23605,31.1762,55.0,21.0,7.92081,46.8521,58.72059318,,,,,,,22.4051,51.1765,0.353944,,,,0.00612757,0.000728448
food waste,8.23605,31.1762,55.0,28.0,7.5874,31.6256,57.58536023,,,,,,,18.2725,84.7059,0.0366888,,,,0.00276243,0.00072064
food waste,8.23605,31.1762,55.0,42.0,7.59443,29.665,52.85608523,,,,,,,18.3398,125.294,0.0239494,,,,0.000376695,0.000755205
poultry manure,7.97769,20.0,60.0,0.0541978,7.97769,28.5707126,60.0,,,,,,,20.0,0.496863,0.213214,,,,,
poultry manure,7.97769,20.0,60.0,13.9841,8.417,37.86701334,60.71831425,,,,,,,,6.69048,0.882586,,,,,
poultry manure,7.97769,20.0,60.0,27.6569,8.40461,24.1553667,56.67221383,,,,,,,,20.6854,0.327891,0.0035543,,,,
poultry manure,7.97769,20.0,60.0,41.7193,8.3652,20.59974133,55.75796406,,,,,,,,37.8718,0.186881,0.00467325,,,,
poultry manure,7.97769,20.0,60.0,62.773,7.85777,21.2770592,54.6015191,,,,,,,,69.8223,0.118075,0.00477198,,,,
poultry manure,7.97769,20.0,60.0,90.5091,7.78281,21.2770592,51.74581902,,,,,,,,78.3798,0.128268,0.00477198,,,,
poultry manure,7.91593,20.0,60.0,0.0794149,7.91593,27.94283828,60.0,,,,,,,20.0,0.993179,0.162246,,,,,
poultry manure,7.91593,20.0,60.0,14.0959,8.48456,38.19506085,59.3331097,,,,,,,,6.12304,0.932704,,,,,
poultry manure,7.91593,20.0,60.0,27.844,8.29362,24.14934397,52.927566,,,,,,,,32.8843,0.349976,0.00360038,,,,
poultry manure,7.91593,20.0,60.0,41.679,8.22429,20.89503642,49.69642721,,,,,,,,51.2765,0.139311,0.00379784,,,,
poultry manure,7.91593,20.0,60.0,62.8856,7.90314,21.32673235,47.61875799,,,,,,,,97.3402,0.079849,0.00389657,,,,
poultry manure,7.91593,20.0,60.0,90.8763,7.7471,21.32673235,46.96784734,,,,,,,,107.813,0.0722039,0.00387682,,,,
poultry manure,7.63535,25.0,60.0,0.0859694,7.63535,25.30279895,60.0,,,,,,,25.0,1.01642,0.148655,,,,,
poultry manure,7.63535,25.0,60.0,14.1895,8.06711,37.00682455,56.38316176,,,,,,,,9.05411,0.586975,0.00156653,,,,
poultry manure,7.63535,25.0,60.0,27.9195,8.01296,25.45854637,56.06670822,,,,,,,,34.6803,0.251439,0.00559473,,,,
poultry manure,7.63535,25.0,60.0,41.6746,7.99449,20.98455516,50.34435103,,,,,,,,52.3631,0.153752,0.00701646,,,,
poultry manure,7.63535,25.0,60.0,62.6976,7.63656,21.67547004,45.06020571,,,,,,,,77.151,0.101935,0.00715468,,,,
poultry manure,7.63535,25.0,60.0,90.7106,7.60153,21.67547004,44.52438913,,,,,,,,84.3616,0.0840963,0.0069638,,,,
poultry manure,7.68259,25.0,60.0,0.203223,7.68259,26.23394797,60.0,,,,,,,25.0,0.803451,0.0857952,,,,,
poultry manure,7.68259,25.0,60.0,14.1981,8.20209,37.59628049,55.89435205,,,,,,,,9.83412,0.654932,,,,,
poultry manure,7.68259,25.0,60.0,27.9027,8.10745,25.2061191,53.97516644,,,,,,,,36.3115,0.21916,0.00500893,,,,
poultry manure,7.68259,25.0,60.0,41.772,8.08897,21.13951127,49.49225917,,,,,,,,75.4131,0.0959887,0.00666761,,,,
poultry manure,7.68259,25.0,60.0,62.9083,7.71658,21.79650429,44.58597495,,,,,,,,105.662,0.0560642,0.00699671,,,,
poultry manure,7.68259,25.0,60.0,90.9106,7.51283,21.79650429,44.30518241,,,,,,,,115.851,0.0637093,0.00691114,,,,
poultry manure,7.54375,30.0,60.0,0.102718,7.54375,28.75268787,60.0,,,,,,,30.0,0.756762,0.157999,0.00207992,,,,
poultry manure,7.54375,30.0,60.0,14.095,7.72308,38.42939297,65.13133884,,,,,,,,7.51806,0.447664,0.00224448,,,,
poultry manure,7.54375,30.0,60.0,27.9318,7.61412,36.12431824,62.22363401,,,,,,,,17.2576,0.135913,0.0105971,,,,
poultry manure,7.54375,30.0,60.0,41.7717,7.5553,25.89896987,58.60932973,,,,,,,,55.8623,0.107881,0.0116897,,,,
poultry manure,7.54375,30.0,60.0,62.6503,7.3562,25.93530784,57.34164729,,,,,,,,89.5858,0.0857952,0.0123611,,,,
poultry manure,7.54375,30.0,60.0,90.9528,7.31573,25.32273284,56.68990865,,,,,,,,97.2926,0.0662577,0.0120254,,,,
poultry manure,7.50422,30.0,60.0,0.123088,7.50422,27.68093603,60.0,,,,,,,30.0,1.53707,0.0637093,0.0016126,,,,
poultry manure,7.50422,30.0,60.0,14.3018,7.73659,38.44010294,64.43661349,,,,,,,,6.24154,0.397546,0.0031528,,,,
poultry manure,7.50422,30.0,60.0,28.0451,7.59677,35.4205544,61.4895485,,,,,,,,37.3285,0.107881,0.00903056,,,,
poultry manure,7.50422,30.0,60.0,41.9073,7.52928,24.94663998,58.25803989,,,,,,,,75.0829,0.059462,0.0101363,,,,
poultry manure,7.50422,30.0,60.0,62.8756,7.30126,25.56860711,57.16517449,,,,,,,,118.168,0.0441718,0.0106761,,,,
poultry manure,7.50422,30.0,60.0,90.9709,7.23956,24.93574916,56.59821767,,,,,,,,129.349,0.0288815,0.0102482,,,,
poultry manure,7.09309,20.1194,70.0325,0.0,7.09309,26.6716,70.0325,,,,,,,20.1194,48.3929,0.000466272,,,,,
poultry manure,7.09309,20.1194,70.0325,1.0,8.93093,47.5703,66.2393,,,,,,,19.4627,35.8036,0.000457291,,,,,
poultry manure,7.09309,20.1194,70.0325,3.0,9.03904,55.9361,63.2072,,,,,,,18.209,30.4464,0.000394173,,,,0.0,
poultry manure,7.09309,20.1194,70.0325,7.0,8.97898,49.89,60.9136,,,,,,,16.5373,49.4643,0.000208259,,,,0.00408095,
poultry manure,7.09309,20.1194,70.0325,14.0,9.01502,44.2725,59.4083,,,,,,,14.2687,78.6607,0.000136382,,,,0.0130028,
poultry manure,7.09309,20.1194,70.0325,28.0,9.25526,29.2774,56.0337,,,,,,,10.209,99.2857,7.58e-05,,,,0.00718329,
poultry manure,7.06907,19.9172,69.6699,0.0,7.06907,26.6721,69.6699,,,,,,,19.9172,47.3214,0.000466268,,,,,
poultry manure,7.06907,19.9172,69.6699,1.0,9.01502,49.8692,61.1687,,,,,,,19.3254,41.4286,0.000442833,,,,,
poultry manure,7.06907,19.9172,69.6699,3.0,9.05105,58.8612,58.129,,,,,,,17.8462,36.0714,0.000350809,,,,0.000115817,
poultry manure,7.06907,19.9172,69.6699,7.0,8.78679,48.2217,55.1104,,,,,,,15.4793,45.1786,0.000163071,,,,0.00385212,
poultry manure,7.06907,19.9172,69.6699,14.0,8.69069,43.9591,51.7923,,,,,,,12.5799,72.5,0.000127355,,,,0.0110981,
poultry manure,7.06907,19.9172,69.6699,28.0,9.20721,30.4266,35.0061,,,,,,,9.02959,97.9464,6.5e-05,,,,0.00665009,
poultry manure,7.11712,20.213,69.8487,0.0,7.11712,27.6119,69.8487,,,,,,,20.213,46.5179,0.000460842,,,,,
poultry manure,7.11712,20.213,69.8487,1.0,8.52252,49.6598,60.2611,,,,,,,18.4379,39.0179,0.000428371,,,,,
poultry manure,7.11712,20.213,69.8487,3.0,9.08709,56.8766,53.5972,,,,,,,16.9586,34.1964,0.000336347,,,,0.0,
poultry manure,7.11712,20.213,69.8487,7.0,8.78679,46.8637,44.2341,,,,,,,14.5325,44.375,0.000145003,,,,0.00366184,
poultry manure,7.11712,20.213,69.8487,14.0,8.83483,44.1685,40.7347,,,,,,,10.9822,66.3393,0.000154471,,,,0.00508048,
poultry manure,7.11712,20.213,69.8487,28.0,9.03904,31.2617,33.9184,,,,,,,6.72189,95.2679,5.41e-05,,,,0.00413583,
poultry manure,7.09309,20.0947,70.2113,0.0,7.09309,27.7167,70.2113,,,,,,,20.0947,47.3214,0.000460842,,,,,
poultry manure,7.09309,20.0947,70.2113,1.0,8.75075,47.7787,54.4591,,,,,,,19.7988,38.2143,0.000428371,,,,,
poultry manure,7.09309,20.0947,70.2113,3.0,8.96697,56.4583,48.5253,,,,,,,18.0237,33.3929,0.000336347,,,,0.0,
poultry manure,7.09309,20.0947,70.2113,7.0,8.58258,49.891,42.0601,,,,,,,16.2485,41.6964,0.000145003,,,,0.000614114,
poultry manure,7.09309,20.0947,70.2113,14.0,8.94294,43.7502,36.9305,,,,,,,15.4793,77.0536,0.000154471,,,,0.00347896,
poultry manure,7.09309,20.0947,70.2113,28.0,9.25526,29.5899,25.2198,,,,,,,12.5207,97.6786,5.41e-05,,,,0.00390713,
food waste,6.24212,28.8633,40.0,0.0,6.24212,35.0869,40.0,,,,,,,28.8633,12.2854,0.0562482,0.021,0.35104,,,
food waste,6.24212,28.8633,40.0,7.0,7.83419,45.137,36.49931818,,,,,,,39.5932,31.9586,0.450136,0.066,0.330135,,,
food waste,6.24212,28.8633,40.0,14.0,7.82449,43.5324,35.91977761,,,,,,,29.1776,31.5687,0.624782,0.082,0.0616861,,,
food waste,6.24212,28.8633,40.0,21.0,7.27805,48.7887,63.12561294,,,,,,,26.1486,53.4257,0.472018,0.168,0.128056,,,
food waste,6.24212,28.8633,40.0,30.0,8.86113,43.0963,65.62278338,,,,,,,32.3881,57.8287,0.328089,0.288,0.0597441,,,
food waste,6.24212,28.8633,40.0,45.0,8.52135,42.9921,66.48057855,,,,,,,23.278,88.8691,0.309941,0.342,0.0556317,,,
food waste,6.24212,28.8633,40.0,60.0,8.27673,41.7649,66.95493878,,,,,,,20.115,101.614,0.294762,0.372,0.0509481,,,
food waste,6.47588,31.4106,40.0,0.0,6.47588,35.0954,40.0,,,,,,,31.4106,114.918,0.0592055,0.004,0.351154,,,
food waste,6.47588,31.4106,40.0,7.0,6.3796,47.3233,36.62876477,,,,,,,36.2811,113.879,0.226435,0.038,0.297464,,,
food waste,6.47588,31.4106,40.0,14.0,7.27905,45.2508,36.44541023,,,,,,,20.4288,14.4585,0.239595,0.045,0.0735664,,,
food waste,6.47588,31.4106,40.0,21.0,7.4512,51.1707,65.88609653,,,,,,,33.2819,35.0074,0.209808,0.098,0.143477,,,
food waste,6.47588,31.4106,40.0,30.0,7.10359,45.0954,68.97442658,,,,,,,36.8038,35.0606,0.196236,0.109,0.0693397,,,
food waste,6.47588,31.4106,40.0,45.0,7.81139,44.7786,70.6985722,,,,,,,26.1664,65.6313,0.13365,0.157,0.0632854,,,
food waste,6.47588,31.4106,40.0,60.0,8.02565,43.2366,71.17454492,,,,,,,19.0105,92.2759,0.122915,0.169,0.0614576,,,
food waste,6.48456,30.7312,40.0,0.0,6.48456,35.0784,40.0,,,,,,,30.7312,118.954,0.0577297,0.015,0.351839,,,
food waste,6.48456,30.7312,40.0,7.0,6.38829,48.208,36.64509091,,,,,,,31.5248,122.544,0.115331,0.032,0.343843,,,
food waste,6.48456,30.7312,40.0,14.0,6.63839,49.079,36.17334091,,,,,,,26.8841,124.5,0.143306,0.056,0.0782499,,,
food waste,6.48456,30.7312,40.0,21.0,8.62001,53.995,65.33253062,,,,,,,28.1873,138.303,0.146096,0.119,0.158099,,,
pig manure,6.74917,25.0,60.0,1.0,6.74917,37.0091,60.0,,,,,,,25.0,19.0258,,0.00733872,,,,
pig manure,6.74917,25.0,60.0,3.0,7.22038,43.0535,58.6616493,,,,,,,,26.7622,,0.018364,,,,
pig manure,6.74917,25.0,60.0,7.0,7.10289,49.078,56.99588381,,,,,,,,27.2779,,0.0232051,,,,
pig manure,6.74917,25.0,60.0,14.0,7.14451,49.1478,52.66881049,,,,,,,,24.957,,0.0302335,,,,
pig manure,6.74917,25.0,60.0,21.0,6.69019,40.9649,48.75868593,,,,,,,,42.7507,,0.0377811,,,,
pig manure,6.74917,25.0,60.0,28.0,6.59251,36.0032,41.54172297,,,,,,,,37.0774,,0.0463643,,,,
pig manure,6.74917,25.0,60.0,35.0,6.29513,37.2321,32.47019545,,,,,,,,40.6877,,0.0690449,,,,
pig manure,6.74917,25.0,60.0,42.0,6.18013,32.4001,25.42692967,,,,,,,,66.2178,,0.069802,,,,
pig manure,6.93163,25.0,60.0,1.0,6.93163,41.1372,60.0,,,,,,,25.0,26.7622,,0.00994477,,,,
pig manure,6.93163,25.0,60.0,3.0,7.04654,50.0154,58.26815636,,,,,,,,33.9828,,0.0225379,,,,
pig manure,6.93163,25.0,60.0,7.0,7.31136,56.9439,56.18032102,,,,,,,,45.8453,,0.0341695,,,,
pig manure,6.93163,25.0,60.0,14.0,7.25748,54.5625,51.64421148,,,,,,,,58.4814,,0.0338884,,,,
pig manure,6.93163,25.0,60.0,21.0,6.96832,43.5436,53.87831321,,,,,,,,61.5759,,0.0471698,,,,
pig manure,6.93163,25.0,60.0,28.0,6.87087,36.7769,51.62832924,,,,,,,,59.5129,,0.0708992,,,,
pig manure,6.93163,25.0,60.0,35.0,6.59072,35.043,47.70737314,,,,,,,,65.702,,0.091485,,,,
pig manure,6.93163,25.0,60.0,42.0,6.3109,32.0154,46.93952176,,,,,,,,82.9799,,0.152247,,,,
pig manure,6.74917,25.0,60.0,1.0,6.74917,37.0091,60.0,,,,,,,25.0,19.0258,,0.00733872,,,,
pig manure,6.74917,25.0,60.0,3.0,7.22038,43.0535,58.6616493,,,,,,,,26.7622,,0.018364,,,,
pig manure,6.74917,25.0,60.0,7.0,7.10289,49.078,56.99588381,,,,,,,,27.2779,,0.0232051,,,,
pig manure,6.74917,25.0,60.0,14.0,7.14451,49.1478,52.66881049,,,,,,,,24.957,,0.0302335,,,,
pig manure,6.74917,25.0,60.0,21.0,6.69019,40.9649,48.75868593,,,,,,,,42.7507,,0.0377811,,,,
pig manure,6.74917,25.0,60.0,28.0,6.59251,36.0032,41.54172297,,,,,,,,37.0774,,0.0463643,,,,
pig manure,6.74917,25.0,60.0,35.0,6.29513,37.2321,32.47019545,,,,,,,,40.6877,,0.0690449,,,,
pig manure,6.74917,25.0,60.0,42.0,6.18013,32.4001,25.42692967,,,,,,,,66.2178,,0.069802,,,,
pig manure,7.28786,25.0,60.0,1.0,7.28786,45.6494,60.0,,,,,,,25.0,31.1461,,0.0162136,,,,
pig manure,7.28786,25.0,60.0,3.0,7.37732,52.337,58.12843305,,,,,,,,38.1089,,0.0136816,,,,
pig manure,7.28786,25.0,60.0,7.0,7.5117,55.2677,56.0085219,,,,,,,,59.7708,,0.0284172,,,,
pig manure,7.28786,25.0,60.0,14.0,7.55316,58.0445,51.87895061,,,,,,,,55.1289,,0.0281572,,,,
pig manure,7.28786,25.0,60.0,21.0,7.36835,45.217,50.30814542,,,,,,,,66.4756,,0.0424741,,,,
pig manure,7.28786,25.0,60.0,28.0,7.25383,37.8098,50.42710423,,,,,,,,68.7966,,0.07872,,,,
pig manure,7.28786,25.0,60.0,35.0,7.10397,33.8825,47.27777377,,,,,,,,67.5072,,0.10036,,,,
pig manure,7.28786,25.0,60.0,42.0,6.97126,32.9194,43.61520914,,,,,,,,90.2006,,0.143375,,,,
pig manure,6.07136,15.87,65.0,0.0,6.07136,8.86696,65.0,,,,,,,,0.496062,,,,,,
pig manure,6.07136,15.87,65.0,3.0,6.98633,24.1679,62.10051477,,,,,,,,1.93171,,,,,,
pig manure,6.07136,15.87,65.0,8.0,6.88132,55.556,53.07560702,,,,,,,,0.360681,,,,,,
pig manure,6.07136,15.87,65.0,14.0,8.09444,65.808,49.46393551,,,,,,,,0.0,,,,,,
pig manure,6.07136,15.87,65.0,19.0,8.17958,60.3243,44.9496583,,,,,,,,65.0286,,,,,,
pig manure,6.07136,15.87,65.0,25.0,8.60913,67.9418,42.08688434,,,,,,,,82.7515,,,,,,
pig manure,6.07136,15.87,65.0,30.0,8.42128,55.816,39.41370518,,,,,,,,109.403,,,,,,
pig manure,7.30568,18.8,65.0,0.0,7.30568,11.888,65.0,,,,,,,,1.48718,,,,,,
pig manure,7.30568,18.8,65.0,3.0,6.80827,27.5944,59.22181907,,,,,,,,2.92384,,,,,,
pig manure,7.30568,18.8,65.0,8.0,8.28198,67.2371,50.49486538,,,,,,,,7.29242,,,,,,
pig manure,7.30568,18.8,65.0,14.0,8.58118,65.6048,47.05444088,,,,,,,,28.9747,,,,,,
pig manure,7.30568,18.8,65.0,19.0,8.65431,68.1849,44.42882393,,,,,,,,86.3159,,,,,,
pig manure,7.30568,18.8,65.0,25.0,8.5499,53.2293,45.80016256,,,,,,,,94.1346,,,,,,
pig manure,7.30568,18.8,65.0,30.0,8.19574,37.8819,46.03752841,,,,,,,,139.596,,,,,,
poultry manure,6.70026,25.0,60.0,42.0,7.93763,19.4105,39.80210007,,,,,,,18.3065,109.0,,,0.033264345,0.008860075,,0.080473034
poultry manure,6.84489,25.0,60.0,42.0,7.83059,15.8052,42.17011217,,,,,,,16.7328,111.0,,,0.0277203,0.008830674,,0.005519551
poultry manure,6.90197,25.0,60.0,42.0,8.04991,15.6716,52.08361605,,,,,,,16.0812,143.0,,,0.060984644,0.010170637,,0.00437015
poultry manure,7.12272,25.0,60.0,42.0,8.19643,16.5507,49.53529818,,,,,,,12.5575,152.0,,,0.033264345,0.005281386,,0.0
poultry manure,7.43956,25.0,60.0,35.0,8.35026,17.0832,51.30086431,,,,,,,16.3822,171.0,,,0.133057303,0.021779251,,0.005526779
poultry manure,5.9342,13.62,65.981,0.0,5.9342,13.1761,65.981,,,,,,,13.62,0.0,,0.0137809,,,,
poultry manure,5.9342,13.62,65.981,23.0,7.728,58.3911,62.1714,,,,,,,,11.5385,,0.0169611,,,,
poultry manure,5.9342,13.62,65.981,51.0,8.3857,56.172,55.0095,,,,,,,,18.0972,,0.0418728,,,,
poultry manure,5.9342,13.62,65.981,76.0,9.0135,37.8641,55.1619,,,,,,,,55.1417,,0.0174912,,,,
poultry manure,5.9342,13.62,65.981,135.0,9.0882,20.527,51.9619,,,,,,,9.87,53.3198,,0.0344523,,,,
poultry manure,6.5471,16.028,66.7176,0.0,6.5471,13.1761,66.7176,,,,,,,16.028,0.0,,0.0068905,,,,
poultry manure,6.5471,16.028,66.7176,23.0,8.4155,64.3551,64.8855,,,,,,,,25.0202,,0.0259717,,,,
poultry manure,6.5471,16.028,66.7176,51.0,8.8341,62.4133,48.5496,,,,,,,,43.3603,,0.0227915,,,,
poultry manure,6.5471,16.028,66.7176,76.0,9.1779,42.7184,54.6565,,,,,,,,58.1781,,0.0222615,,,,
poultry manure,6.5471,16.028,66.7176,135.0,9.0882,20.527,44.2748,,,,,,,8.26,52.834,,0.1780919,,,,
sewage sludge,6.75,25.0,57.5,56.0,6.65,31.16358295,47.0,,,,,,,23.48,76.65,2.1153846,,0.0,0.0,0.0,0.0
sewage sludge,6.75,25.0,57.5,56.0,7.22,32.06616591,39.0,,,,,,,11.78,151.8,0.3717949,,0.011714,0.0,0.0,0.0
sewage sludge,7.4973,25.0,55.0,56.0,5.2,32.1875,45.43006144,,,,,,,31.26,56.41,2.3974358,0.775862,0.019046,0.006,0.0145,5.4e-05
sewage sludge,7.7026,25.0,55.0,56.0,6.3368,34.0625,45.13561381,,,,,,,17.64,65.5,2.0384615,,0.004394,0.006,0.0072,5.4e-05
sewage sludge,7.7973,25.0,55.0,56.0,6.5578,35.0,45.38733533,,,,,,,16.46,72.85,0.6410256,,0.004394,0.006,0.0072,5.4e-05
sewage sludge,8.0736,25.0,55.0,56.0,8.3184,34.9375,53.74817238,,,,,,,13.15,81.34,0.5384615,,0.004394,0.006,0.0072,5.4e-05
sewage sludge,7.8842,25.0,55.0,56.0,7.5763,35.0,46.71182085,,,,,,,13.6,87.63,0.2948717,,0.004394,0.006,0.0072,5.4e-05
sewage sludge,8.2,25.0,55.0,56.0,8.6736,34.9375,53.05248045,,,,,,,14.22,98.63,0.3717948,,0.004394,0.006,0.0072,5.4e-05
sewage sludge,8.3578,25.0,55.0,56.0,8.9263,34.9375,60.63233071,,,,,,,11.4,125.3,0.4615384,,0.004394,0.0243,0.0072,5.4e-05
sewage sludge,7.62,25.027,55.4,56.0,5.06,33.0651,45.53381198,,,,,,,23.1216,45.85,2.6222222,0.902214,0.123394,,,
sewage sludge,8.68,24.8243,55.9,56.0,7.15,34.1379,52.40998965,,,,,,,12.3378,97.2,0.7222222,,2.131133333,,,
pig manure,8.5438,35.0,60.0,1.0,8.5438,17.8961,60.0,,,,,,,35.0,11.95,,,0.163933333,0.0,,
pig manure,8.5438,35.0,60.0,3.0,8.0964,24.4415,58.1550209,,,,,,,,31.75,,,,,,
pig manure,8.5438,35.0,60.0,5.0,8.2149,42.2857,58.97424421,,,,,,,,32.16,,,,,,
pig manure,8.5438,35.0,60.0,7.0,8.1973,56.3896,62.35889064,,,,,,,,52.57,,,,0.168366667,,
pig manure,8.5438,35.0,60.0,9.0,8.1008,61.6883,60.67911661,,,,,,,,58.76,,,,0.0,,
pig manure,8.5438,35.0,60.0,12.0,8.0131,60.4415,60.16342006,,,,,,,,88.45,,,,0.0,,
pig manure,8.5438,35.0,60.0,16.0,7.989,42.1298,59.69470386,,,,,,,,101.44,,,,0.0,,
pig manure,8.5438,35.0,60.0,25.0,7.9254,27.1688,55.44590418,,,,,,,,112.98,,,,0.0,,
pig manure,8.5438,35.0,60.0,36.0,8.0504,25.922,51.79365568,,,,,,,,112.78,,,,0.0,,
pig manure,8.6184,35.0,60.0,1.0,8.6184,17.8961,60.0,,,,,,,35.0,14.63,,,,0.0,,
pig manure,8.6184,35.0,60.0,3.0,8.307,34.1038,57.7951556,,,,,,,,35.87,,,,,,
pig manure,8.6184,35.0,60.0,5.0,8.4035,44.1558,58.84497847,,,,,,,,35.05,,,,,,
pig manure,8.6184,35.0,60.0,7.0,8.0153,56.0779,61.95077324,,,,,,,,65.15,,,,0.1274,,
pig manure,8.6184,35.0,60.0,9.0,7.8881,57.6363,60.59885704,,,,,,,,92.37,,,,0.0,,
pig manure,8.6184,35.0,60.0,12.0,7.7916,60.0519,59.83170128,,,,,,,,118.55,,,,0.0,,
pig manure,8.6184,35.0,60.0,16.0,7.7916,44.0,59.9633997,,,,,,,,123.29,,,,0.0,,
pig manure,8.6184,35.0,60.0,25.0,7.9078,27.0909,56.59348182,,,,,,,,123.29,,,2.677566667,0.0,,
pig manure,8.6184,35.0,60.0,36.0,7.7938,27.4025,53.20247955,,,,,,,,137.73,,,1.387966667,0.0,,
pig manure,6.7596,17.15,64.06,0.0,6.7596,30.0,64.06,,,,,,,17.15,1.8518,3.9296,0.0700754,,,0.0,0.0
pig manure,6.7596,17.15,64.06,3.0,7.5435,66.8617,62.00899545,,,,,,,,14.6296,4.3517,0.0093962,,,0.0010769,
pig manure,6.7596,17.15,64.06,7.0,7.9983,68.218,55.47970251,,,,,,,,32.2222,2.0603,0.0010188,,,0.0003967,0.2246
pig manure,6.7596,17.15,64.06,14.0,7.2508,50.7446,46.46239334,,,,,,,,42.4074,0.8241,0.004415,,,8.9e-05,0.0
pig manure,6.7596,17.15,64.06,21.0,7.7104,30.4787,40.90286705,,,,,,,,52.2222,1.0804,,,,0.0,0.0
pig manure,6.7596,17.15,64.06,28.0,7.0475,33.6702,36.32308864,,,,,,,,55.3703,0.6884,,,,0.0,0.0
pig manure,6.7596,17.15,64.06,35.0,8.279,29.601,37.23048279,,,,,,,,72.4074,1.7587,0.0048679,,,0.0,0.0
pig manure,6.7596,17.15,64.06,49.0,8.1314,27.7659,29.46735682,,,,,,,,100.9259,,,,,0.0,0.0
pig manure,6.8443,30.55,64.06,0.0,6.8443,30.0,64.06,,,,,,,30.55,2.037,3.7336,0.0673584,,,0.0,0.0
pig manure,6.8443,30.55,64.06,3.0,7.6524,64.7872,62.42319807,,,,,,,,12.5925,2.8291,0.0331698,,,0.0005587,0.6014
pig manure,6.8443,30.55,64.06,7.0,7.9669,70.1329,60.02872023,,,,,,,,47.4074,2.6783,0.0078113,,,0.0003481,0.3985
pig manure,6.8443,30.55,64.06,14.0,7.2967,56.8882,58.52097988,,,,,,,,68.3333,0.7336,0.0127924,,,0.0,0.0
pig manure,6.8443,30.55,64.06,21.0,7.4879,30.2393,69.43810548,,,,,,,,72.4074,0.7788,0.0023773,,,8.9e-05,0.0
pig manure,6.8443,30.55,64.06,28.0,7.1854,32.7925,68.58743502,,,,,,,,91.4814,0.7638,,,,0.0,0.0
pig manure,6.8443,30.55,64.06,35.0,8.025,30.9574,66.61396654,,,,,,,,98.7037,1.4422,0.0078113,,,0.0,0.0
pig manure,6.8443,30.55,64.06,49.0,8.1483,27.7659,66.61780909,,,,,,,,139.074,,,,,0.0,0.0
food waste,4.39265,23.9,60.05,1.0,4.39265,14.4852,60.05,,,,,,,23.9,9.64716,,,,,,
food waste,4.39265,23.9,60.05,3.0,5.30734,37.2283,58.52048699,,,,,,,,12.9548,,,,,,
food waste,4.39265,23.9,60.05,7.0,6.04531,47.9165,57.32021609,,,,,,,,19.4462,,,,,,
food waste,4.39265,23.9,60.05,14.0,5.75826,41.2071,53.95165419,,,,,,,,25.889,,,,,,
food waste,4.39265,23.9,60.05,21.0,5.61612,35.0956,45.104429,,,,,,,,39.5192,,,,,,
food waste,4.39265,23.9,60.05,28.0,5.59593,30.9322,38.31862752,,,,,,,,54.5966,,,,,,
food waste,4.39265,23.9,60.05,35.0,5.53861,27.4824,35.39841571,,,,,,,,69.5293,,,,,,
food waste,4.39265,23.9,60.05,42.0,5.56259,16.9926,33.76759881,,,,,,,,82.6288,,,,,,
food waste,4.44036,23.9,60.05,1.0,4.44036,16.4333,60.05,,,,,,,23.9,13.265,,,,,,
food waste,4.44036,23.9,60.05,3.0,5.67317,42.5517,58.39515924,,,,,,,,14.3056,,,,,,
food waste,4.44036,23.9,60.05,7.0,6.31748,51.5426,56.99276157,,,,,,,,17.806,,,,,,
food waste,4.44036,23.9,60.05,14.0,6.18596,52.0468,53.46810981,,,,,,,,28.0114,,,,,,
food waste,4.44036,23.9,60.05,21.0,6.24705,46.2247,45.06261764,,,,,,,,42.6546,,,,,,
food waste,4.44036,23.9,60.05,28.0,6.241,44.3565,37.82626161,,,,,,,,60.0956,,,,,,
food waste,4.44036,23.9,60.05,35.0,6.29679,31.5329,34.77046457,,,,,,,,83.2764,,,,,,
food waste,4.44036,23.9,60.05,42.0,6.27835,18.9407,33.23133164,,,,,,,,99.4149,,,,,,
food waste,4.33609,23.9,60.05,1.0,4.33609,13.2893,60.05,,,,,,,23.9,14.133,,,,,,
food waste,4.33609,23.9,60.05,3.0,6.06022,43.1304,58.44806286,,,,,,,,17.441,,,,,,
food waste,4.33609,23.9,60.05,7.0,6.52603,52.372,56.85800323,,,,,,,,18.6743,,,,,,
food waste,4.33609,23.9,60.05,14.0,6.23721,46.0676,53.08111524,,,,,,,,31.0985,,,,,,
food waste,4.33609,23.9,60.05,21.0,6.19227,43.2544,45.69743164,,,,,,,,45.3077,,,,,,
food waste,4.33609,23.9,60.05,28.0,6.165,44.6651,38.02475706,,,,,,,,65.3049,,,,,,
food waste,4.33609,23.9,60.05,35.0,6.15718,30.1249,35.87209071,,,,,,,,91.139,,,,,,
food waste,4.33609,23.9,60.05,42.0,6.20414,20.6766,34.24218959,,,,,,,,113.307,,,,,,
food waste,4.42798,23.9,60.05,1.0,4.42798,16.1632,60.05,,,,,,,23.9,15.146,,,,,,
food waste,4.42798,23.9,60.05,3.0,6.2175,42.7446,58.2525362,,,,,,,,18.9843,,,,,,
food waste,4.42798,23.9,60.05,7.0,6.79643,52.9892,56.3287356,,,,,,,,20.7003,,,,,,
food waste,4.42798,23.9,60.05,14.0,6.20363,43.1166,52.61566064,,,,,,,,34.2821,,,,,,
food waste,4.42798,23.9,60.05,21.0,6.2488,38.336,45.62026005,,,,,,,,55.2927,,,,,,
food waste,4.42798,23.9,60.05,28.0,6.23922,37.2393,38.23307638,,,,,,,,82.6218,,,,,,
food waste,4.42798,23.9,60.05,35.0,6.28795,32.9409,36.06450552,,,,,,,,103.005,,,,,,
food waste,4.42798,23.9,60.05,42.0,6.25539,15.7775,34.35843167,,,,,,,,120.398,,,,,,
food waste,4.49514,23.9,60.05,1.0,4.49514,15.0252,60.05,,,,,,,23.9,12.9754,,,,,,
food waste,4.49514,23.9,60.05,3.0,6.30235,43.7283,58.32754762,,,,,,,,21.1551,,,,,,
food waste,4.49514,23.9,60.05,7.0,6.96962,53.5485,56.22934355,,,,,,,,22.1475,,,,,,
food waste,4.49514,23.9,60.05,14.0,6.17357,44.1581,52.68190383,,,,,,,,37.6587,,,,,,
food waste,4.49514,23.9,60.05,21.0,6.15515,40.0333,46.29577369,,,,,,,,61.4183,,,,,,
food waste,4.49514,23.9,60.05,28.0,6.19151,40.8654,39.25017979,,,,,,,,84.8408,,,,,,
food waste,4.49514,23.9,60.05,35.0,6.22786,34.9854,36.23645211,,,,,,,,117.814,,,,,,
food waste,4.49514,23.9,60.05,42.0,6.43566,20.8116,34.46066462,,,,,,,,134.29,,,,,,
food waste,4.51813,23.9,60.05,1.0,4.51813,16.4911,60.05,,,,,,,23.9,16.0144,,,,,,
food waste,4.51813,23.9,60.05,3.0,6.36243,44.8663,57.34304633,,,,,,,,18.5987,,,,,,
food waste,4.51813,23.9,60.05,7.0,7.29481,54.4936,55.38625128,,,,,,,,21.7132,,,,,,
food waste,4.51813,23.9,60.05,14.0,6.5288,51.1596,52.56620541,,,,,,,,42.3375,,,,,,
food waste,4.51813,23.9,60.05,21.0,6.498,44.9131,46.37604869,,,,,,,,76.5648,,,,,,
food waste,4.51813,23.9,60.05,28.0,6.50786,44.6651,39.77167638,,,,,,,,98.2987,,,,,,
food waste,4.51813,23.9,60.05,35.0,6.56012,37.2228,36.2569152,,,,,,,,123.602,,,,,,
food waste,4.51813,23.9,60.05,42.0,6.33316,18.6128,34.49601408,,,,,,,,141.911,,,,,,
cattle manure,9.30447,27.5,65.0,0.0,9.30447,28.5352,65.0,,,,,,,27.5,20.7161,,,,,,
cattle manure,9.30447,27.5,65.0,1.0,9.27597,63.509,64.92443319,,,,,,,,30.7744,,,,,,
cattle manure,9.30447,27.5,65.0,3.0,9.18716,61.2197,61.76387707,,,,,,,,27.6769,,,,,,
cattle manure,9.30447,27.5,65.0,6.0,8.47582,45.4939,61.79548894,,,,,,,,35.5704,,,,,,
cattle manure,9.30447,27.5,65.0,9.0,8.57738,33.6005,58.81063011,,,,,,,,39.4338,,,,,,
cattle manure,9.30447,27.5,65.0,12.0,9.33439,45.335,59.70623876,,,,,,,,53.4555,,,,,,
cattle manure,9.30447,27.5,65.0,15.0,9.92726,35.1164,59.46036813,,,,,,,,112.706,,,,,,
cattle manure,9.30447,27.5,65.0,18.0,9.29743,26.7335,59.92869012,,,,,,,,78.368,,,,,,
cattle manure,9.30447,27.5,65.0,21.0,9.423,25.353,58.72261002,,,,,,,,71.0408,,,,,,
cattle manure,9.30447,27.5,65.0,24.0,9.81599,35.1192,58.6076498,,,,,,,,84.6628,,,,,,
cattle manure,9.30447,27.5,65.0,27.0,9.29336,28.5153,58.937275,,,,,,,,85.7619,,,,,,
cattle manure,9.30447,27.5,65.0,30.0,9.58809,25.0435,56.48683182,,,,,,,,87.1274,,,,,,
cattle manure,9.31005,27.5,65.0,0.0,9.31005,28.469,65.0,,,,,,,27.5,20.3497,,,,,,
cattle manure,9.31005,27.5,65.0,1.0,9.36363,63.1589,64.92443319,,,,,,,,35.8701,,,,,,
cattle manure,9.31005,27.5,65.0,3.0,9.09393,58.5986,61.38309525,,,,,,,,38.6345,,,,,,
cattle manure,9.31005,27.5,65.0,6.0,8.47861,45.5886,61.84134462,,,,,,,,26.8443,,,,,,
cattle manure,9.31005,27.5,65.0,9.0,8.94586,37.3287,59.07588443,,,,,,,,34.4047,,,,,,
cattle manure,9.31005,27.5,65.0,12.0,9.39134,46.3759,59.83685922,,,,,,,,51.2906,,,,,,
cattle manure,9.31005,27.5,65.0,15.0,9.77764,42.1092,59.56195969,,,,,,,,78.9342,,,,,,
cattle manure,9.31005,27.5,65.0,18.0,9.38118,38.1737,59.06381058,,,,,,,,71.8401,,,,,,
cattle manure,9.31005,27.5,65.0,21.0,9.51679,35.2508,57.01889075,,,,,,,,82.5645,,,,,,
cattle manure,9.31005,27.5,65.0,24.0,9.6686,38.7718,57.19447366,,,,,,,,75.4704,,,,,,
cattle manure,9.31005,27.5,65.0,27.0,9.41619,35.9907,57.54480795,,,,,,,,70.9076,,,,,,
cattle manure,9.31005,27.5,65.0,30.0,9.60763,30.1722,55.83013523,,,,,,,,94.9209,,,,,,
sewage sludge,7.63721,29.8207,65.0,0.0,7.63721,18.1388,65.0,,,,,,,29.8207,50.4244,,,,,,
sewage sludge,7.63721,29.8207,65.0,3.0,8.29293,47.3937,64.48308711,,,,,,,26.5168,59.3107,,,,,,
sewage sludge,7.63721,29.8207,65.0,6.0,8.42323,66.2028,61.35030889,,,,,,,21.1322,57.8349,,,,,,
sewage sludge,7.63721,29.8207,65.0,9.0,8.33205,44.0171,63.49661267,,,,,,,19.0332,70.4932,,,,,,
sewage sludge,7.63721,29.8207,65.0,15.0,8.33066,50.3262,64.29525269,,,,,,,18.2019,75.1073,,,,,,
sewage sludge,7.63721,29.8207,65.0,20.0,8.17205,43.303,63.77113557,,,,,,,13.9728,73.5871,,,,,,
sewage sludge,7.63721,29.8207,65.0,25.0,8.01904,43.4174,62.51483469,,,,,,,13.104,78.7871,,,,,,
sewage sludge,7.63721,29.8207,65.0,30.0,7.89083,36.1409,61.20109309,,,,,,,11.9371,83.3584,,,,,,
sewage sludge,7.63721,29.8207,65.0,35.0,7.90061,16.9545,60.31502981,,,,,,,10.9503,95.6037,,,,,,
sewage sludge,7.63721,29.8207,65.0,40.0,7.75109,15.0839,59.73588288,,,,,,,10.4915,97.6821,,,,,,
sewage sludge,7.74166,29.8207,65.0,0.0,7.74166,18.1247,65.0,,,,,,,29.8207,52.332,,,,,,
sewage sludge,7.74166,29.8207,65.0,3.0,8.47214,68.3557,64.62749062,,,,,,,29.0944,64.0581,,,,,,
sewage sludge,7.74166,29.8207,65.0,6.0,8.37153,60.0086,61.01420295,,,,,,,19.6539,67.4165,,,,,,
sewage sludge,7.74166,29.8207,65.0,9.0,8.46306,47.255,62.10861698,,,,,,,18.5736,77.8419,,,,,,
sewage sludge,7.74166,29.8207,65.0,15.0,8.36908,49.1154,62.34567477,,,,,,,15.5435,81.3939,,,,,,
sewage sludge,7.74166,29.8207,65.0,20.0,8.61258,40.4452,61.68930455,,,,,,,12.8113,91.9483,,,,,,
sewage sludge,7.74166,29.8207,65.0,25.0,8.62061,42.981,60.64038998,,,,,,,11.6071,96.9965,,,,,,
sewage sludge,7.74166,29.8207,65.0,30.0,8.4131,33.7336,58.83191941,,,,,,,11.1297,110.781,,,,,,
sewage sludge,7.74166,29.8207,65.0,35.0,8.34253,20.9948,57.81190268,,,,,,,10.7267,121.921,,,,,,
sewage sludge,7.74166,29.8207,65.0,40.0,8.39389,20.884,57.13599645,,,,,,,9.7896,130.806,,,,,,
pig manure,6.55487,32.012,81.4,185.0,7.44125,16.20444212,63.165,,,,,,,24.8819,127.0,0.0536116,,,,,
pig manure,7.33946,50.1502,78.726,185.0,7.88281,17.87133736,59.8259,,,,,,,37.1726,117.0,0.0746999,,,,,
cattle manure,7.33626,41.2745,79.1196,185.0,7.98868,15.30085568,63.3397,,,,,,,14.3043,172.0,0.0782859,,,,,
cattle manure,7.36701,49.3544,78.6019,185.0,8.57943,17.87133736,60.6982,,,,,,,22.119,160.0,0.0492988,0.908533,,,,
sewage sludge,7.81214,25.0,65.0,1.0,7.81214,38.3702,65.0,,,,,,,25.0,27.2516,,,,,,
sewage sludge,7.81214,25.0,65.0,3.0,8.23899,43.2589,58.03934357,,,,,,,,46.118,,,,,,
sewage sludge,7.81214,25.0,65.0,7.0,6.4724,51.702,53.2789885,,,,,,,,47.5155,,,,,,
sewage sludge,7.81214,25.0,65.0,11.0,6.49063,38.7276,49.30728887,,,,,,,,71.2733,,,,,,
sewage sludge,7.81214,25.0,65.0,15.0,6.82215,28.6805,46.98328557,,,,,,,,73.3696,,,,,,
sewage sludge,7.81214,25.0,65.0,21.0,6.43178,27.9814,46.04359577,,,,,,,,83.8509,,,,,,
sewage sludge,7.81214,25.0,65.0,28.0,6.3355,24.8453,48.90386277,,,,,,,,99.2236,,,,,,
sewage sludge,7.81214,25.0,65.0,35.0,6.20126,26.5156,48.38689663,,,,,,,,122.283,,,,,,
sewage sludge,7.81214,25.0,65.0,42.0,6.29488,26.2865,47.32704445,,,,,,,,152.329,,,,,,
sewage sludge,8.08748,25.0,65.0,1.0,8.08748,39.827,65.0,,,,,,,25.0,29.3478,,,,,,
sewage sludge,8.08748,25.0,65.0,3.0,8.48582,45.594,56.72839173,,,,,,,,34.2391,,,,,,
sewage sludge,8.08748,25.0,65.0,7.0,7.01354,49.8503,51.67040859,,,,,,,,64.9845,,,,,,
sewage sludge,8.08748,25.0,65.0,11.0,6.71846,42.9212,49.45376553,,,,,,,,81.0559,,,,,,
sewage sludge,8.08748,25.0,65.0,15.0,7.03101,30.5322,49.80409014,,,,,,,,95.7298,,,,,,
sewage sludge,8.08748,25.0,65.0,21.0,6.54568,28.8051,46.3233597,,,,,,,,90.8335,,,,,,
sewage sludge,8.08748,25.0,65.0,18.0,6.56333,24.4845,46.68736661,,,,,,,,116.693,,,,,,
sewage sludge,8.08748,25.0,65.0,35.0,6.36265,26.502,50.97227834,,,,,,,,183.773,,,,,,
sewage sludge,8.08748,25.0,65.0,42.0,6.50374,26.4703,51.18528521,,,,,,,,157.22,,,,,,
sheep manure,8.5866,30.0,60.0,0.0,8.5866,35.3841,60.0,,,,,,,30.0,26.4491,0.0205091,0.189105,,0.0,0.0,0.002453035
sheep manure,8.5866,30.0,60.0,3.0,8.80774,60.1829,58.19754616,,,,,,,,9.65801,3.42087,0.203113,,0.004977535,0.000590875,0.1963495
sheep manure,8.5866,30.0,60.0,7.0,8.76772,58.4379,62.16559872,,,,,,,,38.6653,4.45093,0.205447,,0.002877815,0.00072849,0.0579
sheep manure,8.5866,30.0,60.0,14.0,9.61791,45.5242,60.01792864,,,,,,,,41.5221,1.57325,0.217121,,0.000468079,0.000188153,0.03613105
sheep manure,8.5866,30.0,60.0,21.0,9.35726,51.0719,55.55663636,,,,,,,,54.7029,2.80253,0.22179,,0.000704615,0.002906215,0.00700555
sheep manure,8.5866,30.0,60.0,28.0,9.39193,38.9306,52.81065227,,,,,,,,66.5919,0.934531,0.214786,,0.000481895,0.000278445,0.000436432
sheep manure,8.5866,30.0,60.0,35.0,8.9969,21.2121,52.01154432,,,,,,,,67.514,0.199813,0.245136,,0.000302598,0.000326661,0.00083356
sheep manure,8.5866,30.0,60.0,42.0,8.9849,24.0698,48.18582386,,,,,,,,69.4038,0.153317,0.37821,,0.000297096,0.000407058,0.00079251
sheep manure,8.5866,30.0,60.0,50.0,9.39569,22.4996,47.79508068,,,,,,,,72.256,0.168348,0.392218,,0.000351265,0.0,0.000947315
sheep manure,8.53228,30.0,60.0,0.0,8.53228,36.538,60.0,,,,,,,30.0,29.678,0.303761,0.182101,,0.0,0.0,0.002648165
sheep manure,8.53228,30.0,60.0,3.0,8.86809,61.1463,58.16682684,,,,,,,,21.916,4.32935,0.177432,,0.004407815,0.00061414,0.224508
sheep manure,8.53228,30.0,60.0,7.0,8.69489,59.7849,62.23916311,,,,,,,,51.5684,3.29902,0.196109,,0.00275122,0.000679225,0.0653535
sheep manure,8.53228,30.0,60.0,14.0,9.65332,44.7541,60.49959268,,,,,,,,50.8768,1.53277,0.207782,,0.000448221,0.000203893,0.0400282
sheep manure,8.53228,30.0,60.0,21.0,9.24863,50.495,56.55973977,,,,,,,,52.7674,2.29621,0.210117,,0.00098885,0.003054055,0.0061287
sheep manure,8.53228,30.0,60.0,28.0,9.29014,36.623,54.01186364,,,,,,,,78.2047,0.468836,0.207782,,0.00056257,0.000373562,0.00053372
sheep manure,8.53228,30.0,60.0,35.0,8.97075,21.0188,53.31346136,,,,,,,,77.8365,0.159864,0.233463,,0.00067497,0.000263016,0.00088218
sheep manure,8.53228,30.0,60.0,42.0,8.89315,24.6468,49.13987614,,,,,,,,81.0182,0.173826,0.37821,,0.00028841,0.000357097,0.000694995
sheep manure,8.53228,30.0,60.0,50.0,9.40455,25.3855,48.87881136,,,,,,,,86.7743,0.147839,0.438911,,0.000353741,0.0,0.000947245
sheep manure,8.33795,30.0,60.0,0.0,8.33795,37.1139,60.0,,,,,,,30.0,30.3247,0.242768,0.179767,,0.0,0.0,0.002696785
sheep manure,8.33795,30.0,60.0,3.0,8.71963,61.5313,57.9483604,,,,,,,,19.3353,3.29955,0.175097,,0.004153375,0.00058197,0.2151055
sheep manure,8.33795,30.0,60.0,7.0,8.68323,59.0162,61.21524723,,,,,,,,43.8227,4.26876,0.203113,,0.002790935,0.00059847,0.0496666
sheep manure,8.33795,30.0,60.0,14.0,9.63763,43.9844,59.2208483,,,,,,,,55.0719,1.49242,0.18677,,0.000458158,0.000198415,0.03345155
sheep manure,8.33795,30.0,60.0,21.0,9.22932,50.8791,55.56490341,,,,,,,,53.0892,2.11444,0.210117,,0.000828745,0.00275836,0.0066158
sheep manure,8.33795,30.0,60.0,28.0,9.20685,37.584,53.37053068,,,,,,,,75.9482,0.914022,0.203113,,0.00052658,0.000339342,0.000338787
sheep manure,8.33795,30.0,60.0,35.0,8.98885,22.1731,52.65141477,,,,,,,,75.9049,0.240697,0.207782,,0.000302614,0.00025069,0.00088235
sheep manure,8.33795,30.0,60.0,42.0,8.87385,25.2223,48.66412045,,,,,,,,81.6602,0.153851,0.37821,,0.000289655,0.000371464,0.000792595
sheep manure,8.33795,30.0,60.0,50.0,9.56507,25.962,48.48985795,,,,,,,,88.0631,0.167947,0.469261,,0.000354993,0.0,0.00094736
sheep manure,8.4671,30.0,60.0,0.0,8.4671,37.4985,60.0,,,,,,,30.0,28.0651,0.384461,0.193774,,0.0,0.0,0.002550355
sheep manure,8.4671,30.0,60.0,3.0,8.72244,62.491,57.85440218,,,,,,,,9.97904,3.33977,0.172763,,0.00410373,0.00060456,0.2021955
sheep manure,8.4671,30.0,60.0,7.0,8.70133,60.7442,61.5228312,,,,,,,,39.9564,1.63371,0.205447,,0.00269288,0.000616265,0.054197
sheep manure,8.4671,30.0,60.0,14.0,9.5644,43.7925,59.85173882,,,,,,,,52.4913,2.2761,0.193774,,0.000437057,0.000191562,0.0310644
sheep manure,8.4671,30.0,60.0,21.0,9.16132,50.6887,56.23026364,,,,,,,,60.1852,0.428352,0.205447,,0.00107449,0.0026694,0.00778505
sheep manure,8.4671,30.0,60.0,28.0,9.23301,36.8157,53.70857045,,,,,,,,74.3361,0.159329,0.210117,,0.000449615,0.00032429,0.000241463
sheep manure,8.4671,30.0,60.0,35.0,8.91241,22.3668,52.96879886,,,,,,,,75.5777,0.194869,0.22179,,0.000286472,0.000222628,0.000931135
sheep manure,8.4671,30.0,60.0,42.0,8.84609,25.6069,48.73565795,,,,,,,,84.2463,0.147972,0.394553,,0.000288405,0.000330405,0.000451501
sheep manure,8.4671,30.0,60.0,50.0,9.49547,25.7706,48.56353977,,,,,,,,89.3534,0.364086,0.494942,,0.000341328,0.0,0.00094716
sheep manure,8.30737,30.0,60.0,0.0,8.30737,36.3461,60.0,,,,,,,30.0,34.191,3.36028,0.18677,,0.0,0.0,0.00274539
sheep manure,8.30737,30.0,60.0,3.0,8.60939,60.5694,57.96508173,,,,,,,,40.6255,4.26849,0.163424,,0.0038679,0.00068736,0.173209
sheep manure,8.30737,30.0,60.0,7.0,8.66995,60.1696,60.79442196,,,,,,,,48.0216,1.63411,0.205447,,0.002361475,0.000478026,0.0377795
sheep manure,8.30737,30.0,60.0,14.0,9.58653,44.5617,58.71578175,,,,,,,,64.1025,2.15492,0.203113,,0.000444506,0.000201829,0.0212233
sheep manure,8.30737,30.0,60.0,21.0,9.13638,51.4592,55.38625795,,,,,,,,66.9609,0.448861,0.203113,,0.000681035,0.0025127,0.00335179
sheep manure,8.30737,30.0,60.0,28.0,9.21088,36.0516,53.13332614,,,,,,,,81.7538,0.159062,0.217121,,0.000426029,0.000259981,0.000241517
sheep manure,8.30737,30.0,60.0,35.0,8.9277,21.5948,52.38344091,,,,,,,,82.3549,0.133476,0.224125,,0.000291446,0.000425893,0.001174645
sheep manure,8.30737,30.0,60.0,42.0,8.91569,24.6477,48.37765795,,,,,,,,86.8261,0.168214,0.389883,,0.0002822,0.000361196,0.00030545
sheep manure,8.30737,30.0,60.0,50.0,9.64232,26.1552,48.20553977,,,,,,,,93.8702,0.202552,0.511284,,0.00034382,0.0,0.000996135
cattle manure,7.47354,29.423,60.0,0.0,7.47354,38.86727607,60.0,,,,,,,29.423,0.729241,0.788727,0.0835326,,,0.001349576,0.000823784
cattle manure,7.47354,29.423,60.0,5.0,7.23975,57.01434008,59.34910662,,,,,,,32.4465,18.9351,0.871913,0.13252,,,0.01741668,0.01372506
cattle manure,7.47354,29.423,60.0,10.0,8.39729,50.75619646,58.18788345,,,,,,,31.9619,22.0127,0.709713,0.152623,,,0.0084187,0.00372958
cattle manure,7.47354,29.423,60.0,15.0218,8.27712,44.78094651,60.49451776,,,,,,,,35.2521,0.550797,0.0614784,,,0.00445114,0.000447302
cattle manure,7.47354,29.423,60.0,20.0,8.06377,41.99192509,60.38328252,,,,,,,33.2408,49.0611,0.438988,0.145206,,,0.00301256,0.000119641
cattle manure,7.47354,29.423,60.0,25.0,7.87497,32.60475513,60.86744248,,,,,,,,61.5714,0.189148,0.213711,,,0.001513066,0.00010188
cattle manure,7.47354,29.423,60.0,30.0529,7.91116,31.97342482,58.1616898,,,,,,,21.8473,74.2185,0.171549,0.187558,,,0.000271284,0.000131786
cattle manure,7.47354,29.423,60.0,35.0025,7.81866,33.52748364,55.45765406,,,,,,,,77.2505,0.152853,0.175457,,,0.000128884,0.000117434
cattle manure,7.47354,29.423,60.0,40.0126,7.74115,31.47571644,54.87863702,,,,,,,20.6522,75.6573,0.158258,0.168431,,,0.000138059,0.000113307
cattle manure,7.47354,29.423,60.0,50.0471,7.76462,29.79154049,53.60747424,,,,,,,20.5314,74.7722,0.146061,0.16687,,,0.000148935,0.00011867
cattle manure,7.47354,29.423,60.0,59.915,7.80783,30.12516156,52.96703016,,,,,,,,75.0492,0.147377,0.159649,,,0.000152189,9.68e-05
cattle manure,7.47354,29.423,60.0,75.0348,7.85013,29.01639449,52.75129266,,,,,,,20.1388,77.196,0.161396,0.177995,,,0.000116886,6.43e-05
cattle manure,7.96156,29.5159,60.0,0.0,7.96156,40.79023473,60.0,,,,,,,29.5159,0.797554,0.828165,0.0891925,,,0.001311676,0.00089527
cattle manure,7.96156,29.5159,60.0,5.0,7.52799,57.38533869,57.62363083,,,,,,,27.9438,15.358,1.1005,0.111051,,,0.01400498,0.00439402
cattle manure,7.96156,29.5159,60.0,10.0,8.48337,52.57834091,58.14524886,,,,,,,28.3611,25.7949,0.852488,0.132325,,,0.00708058,0.001530444
cattle manure,7.96156,29.5159,60.0,15.0218,8.13182,44.12681789,59.73133038,,,,,,,,43.705,0.770256,0.161796,,,0.00416684,0.000484752
cattle manure,7.96156,29.5159,60.0,20.0,8.05193,43.08936998,59.05433758,,,,,,,23.0419,58.6305,0.730747,0.151256,,,0.001374958,0.000126438
cattle manure,7.96156,29.5159,60.0,25.0,8.04554,32.22942518,55.64655043,,,,,,,,69.7737,0.496974,0.249232,,,0.000318958,9.85e-05
cattle manure,7.96156,29.5159,60.0,30.0529,8.06515,30.01590075,53.24068165,,,,,,,13.2598,84.5624,0.488503,0.58141,,,0.000214432,0.000135172
cattle manure,7.96156,29.5159,60.0,35.0025,8.01213,28.67726063,51.1667186,,,,,,,,86.3186,0.459217,0.520127,,,0.000125053,0.000117415
cattle manure,7.96156,29.5159,60.0,40.0126,7.93068,28.56886405,47.91414909,,,,,,,13.0329,85.0672,0.423725,0.500024,,,0.000126716,0.000113319
cattle manure,7.96156,29.5159,60.0,50.0471,8.02127,28.42277015,47.36877558,,,,,,,11.241,87.258,0.398016,0.514467,,,0.000152682,0.000122066
cattle manure,7.96156,29.5159,60.0,59.915,7.96181,28.6809007,42.56567489,,,,,,,,88.3096,0.41978,0.535155,,,0.000159807,8.66e-05
cattle manure,7.96156,29.5159,60.0,75.0348,8.03965,28.09132363,38.78348172,,,,,,,11.5512,85.2616,0.250494,0.580825,,,0.000111297,7.5324e-05
pig manure,7.5,8.898425197,57.84998667,0.0,7.5,21.3803509,57.84998667,,,,,,,,6.577388384,,,,,,
pig manure,7.5,8.898425197,57.84998667,2.051908231,7.31486181,28.09911392,59.03766885,,,,,,,,4.200665064,,,,,,
pig manure,7.5,8.898425197,57.84998667,4.086505585,7.270790333,36.96263208,59.79969452,,,,,,,,3.431970712,,,,,,
pig manure,7.5,8.898425197,57.84998667,6.012392761,7.306559457,37.3132389,59.55075844,,,,,,,,3.64980001,,,,,,
pig manure,7.5,8.898425197,57.84998667,8.989815198,7.171038838,40.89047265,59.51432469,,,,,,,,3.355524782,,,,,,
pig manure,7.5,8.898425197,57.84998667,11.92730101,7.241453141,40.7752484,57.58006771,,,,,,,,4.742190569,,,,,,
pig manure,7.5,8.898425197,57.84998667,15.95859396,6.800257309,39.57465288,53.48157008,,,,,,,,3.679763225,,,,,,
pig manure,7.5,8.898425197,57.84998667,19.9226831,6.669145798,41.31509541,47.39657408,,,,,,,,3.969420098,,,,,,
pig manure,7.5,8.898425197,57.84998667,23.96609318,6.782585362,56.1234311,46.11822154,,,,,,,,3.747542727,,,,,,
pig manure,7.5,8.898425197,57.84998667,28.07571869,6.552755928,56.29381453,48.63551986,,,,,,,,6.30298891,,,,,,
pig manure,7.5,8.898425197,57.84998667,32.03809274,6.523856478,55.95578046,45.68993555,,,,,,,,4.984719653,,,,,,
pig manure,7.5,8.898425197,57.84998667,36.05588291,6.555418772,55.08708551,41.3076537,,,,,,,,8.563468046,,,,,,
pig manure,7.5,8.898425197,57.84998667,39.97713817,6.638432856,62.62051786,38.62813445,,,,,,,,9.584059077,,,,,,
pig manure,7.5,8.898425197,57.84998667,44.03551419,6.701725395,50.91713151,34.95531095,,,,,,,,52.66774003,,,,,,
pig manure,7.5,8.898425197,57.84998667,48.03927833,6.893677516,44.01182346,31.2470315,,,,,,,,92.9374965,,,,,,
pig manure,7.5,8.898425197,57.84998667,50.89550525,7.002967972,48.76110654,28.05348891,,,,,,,,99.6232386,,,,,,
pig manure,7.5,8.898425197,57.84998667,55.0368165,6.997735656,40.02064413,22.57148648,,,,,,,,92.45767372,,,,,,
pig manure,7.5,9.687401575,56.98087519,0.0,7.5,22.33117081,56.98087519,,,,,,,,4.603995175,,,,,,
pig manure,7.5,9.687401575,56.98087519,1.94225814,7.445210526,25.9100226,59.74717566,,,,,,,,7.160750203,,,,,,
pig manure,7.5,9.687401575,56.98087519,3.936240581,7.40848027,32.71723224,59.85295334,,,,,,,,3.541511737,,,,,,
pig manure,7.5,9.687401575,56.98087519,5.9727759,7.413042485,37.1583,57.06762117,,,,,,,,4.16145579,,,,,,
pig manure,7.5,9.687401575,56.98087519,8.854390166,7.322261347,39.07731706,57.40369082,,,,,,,,3.867077723,,,,,,
pig manure,7.5,9.687401575,56.98087519,12.07806988,7.194700777,40.00115238,56.60449585,,,,,,,,4.742134476,,,,,,
pig manure,7.5,9.687401575,56.98087519,16.02824928,7.170040818,37.71721754,50.98066078,,,,,,,,3.752731365,,,,,,
pig manure,7.5,9.687401575,56.98087519,19.85467505,7.0884755,38.70588267,46.88222922,,,,,,,,3.677080091,,,,,,
pig manure,7.5,9.687401575,56.98087519,23.95257102,7.193614625,42.14880964,45.86991089,,,,,,,,5.42859593,,,,,,
pig manure,7.5,9.687401575,56.98087519,28.00835985,7.056149774,64.7405038,46.93281012,,,,,,,,3.671741871,,,,,,
pig manure,7.5,9.687401575,56.98087519,32.06460411,7.042123181,64.42444968,47.16208025,,,,,,,,2.901673232,,,,,,
pig manure,7.5,9.687401575,56.98087519,35.94504097,7.090143441,52.61046743,44.19878558,,,,,,,,4.178134222,,,,,,
pig manure,7.5,9.687401575,56.98087519,40.04377027,7.149063702,64.34522683,41.66110338,,,,,,,,5.454511072,,,,,,
pig manure,7.5,9.687401575,56.98087519,43.99155628,7.170285293,68.71708784,40.41825525,,,,,,,,48.28237816,,,,,,
pig manure,7.5,9.687401575,56.98087519,47.96684203,7.273860076,69.06442095,38.83839931,,,,,,,,48.6816976,,,,,,
pig manure,7.5,9.687401575,56.98087519,51.02820744,7.38099735,56.74341345,35.14816055,,,,,,,,59.53350449,,,,,,
pig manure,7.5,9.687401575,56.98087519,54.89488959,7.390207963,42.96149404,32.36223818,,,,,,,,84.78336056,,,,,,
green waste,8.014161799,25.0,60.0,0.0,8.014161799,29.38798075,60.0,,,,,,,25.0,15.85102985,0.255143805,0.112193596,,,,
green waste,8.014161799,25.0,60.0,9.978171636,8.238466644,52.94720078,54.53097274,,,,,,,,18.29794175,0.358904867,0.124585414,,,,
green waste,8.014161799,25.0,60.0,19.89872244,8.264634817,38.87101128,53.50251791,,,,,,,,36.96281317,0.471957965,0.153837312,,,,
green waste,8.014161799,25.0,60.0,30.02024822,8.508480021,28.92274184,57.66804454,,,,,,,,48.54343578,0.517450221,0.134167283,,,,
green waste,8.014161799,25.0,60.0,40.09753135,8.643658249,25.9077473,54.6480612,,,,,,,,51.84822073,0.326189159,0.477957769,,,,
green waste,8.014161799,25.0,60.0,49.93100864,8.327708828,26.36662075,55.18678214,,,,,,,,65.71314019,0.278373894,0.523240368,,,,
green waste,8.014161799,25.0,60.0,60.09540903,8.122486949,26.91764281,60.0,,,,,,,,74.182015,0.178097345,0.655034784,,,,
green waste,7.97130999,25.0,60.0,0.0,7.97130999,28.95863663,60.0,,,,,,,25.0,18.6248068,0.225719027,0.093122477,,,,
green waste,7.97130999,25.0,60.0,10.10988152,8.291602069,48.61914078,55.00459768,,,,,,,,34.65097253,0.388910398,0.1583057,,,,
green waste,7.97130999,25.0,60.0,19.97118097,8.466886913,39.56316898,53.13558365,,,,,,,,40.10760078,0.576299779,0.177883681,,,,
green waste,7.97130999,25.0,60.0,29.9921437,8.532476377,29.21008773,56.6995174,,,,,,,,54.60138232,0.544164823,0.209346808,,,,
green waste,7.97130999,25.0,60.0,40.01167078,8.610748786,26.80251162,54.50153002,,,,,,,,57.14481982,0.298700221,0.524668403,,,,
green waste,7.97130999,25.0,60.0,50.00417903,8.249208488,26.89088495,55.10835247,,,,,,,,74.78344464,0.247787611,0.654528428,,,,
green waste,7.97130999,25.0,60.0,59.96753683,8.027187824,27.146697,53.91368635,,,,,,,,89.77380969,0.133573009,0.846300918,,,,
green waste,7.91749133,25.0,60.0,0.0,7.91749133,29.2286302,60.0,,,,,,,25.0,20.13381981,0.214878319,0.080684667,,,,
green waste,7.91749133,25.0,60.0,10.00919518,8.365646551,49.7565676,55.31893376,,,,,,,,36.53792464,0.428014381,0.133706412,,,,
green waste,7.91749133,25.0,60.0,20.02911995,8.500481978,39.74662615,52.74517265,,,,,,,,42.39170675,0.549778761,0.198060764,,,,
green waste,7.91749133,25.0,60.0,29.9923147,8.676452981,28.23407848,53.02711586,,,,,,,,56.0248305,0.51977323,0.182813131,,,,
green waste,7.91749133,25.0,60.0,39.99781935,8.388957305,27.07472688,49.31728174,,,,,,,,61.84551712,0.288440265,0.563363749,,,,
green waste,7.91749133,25.0,60.0,50.00549537,8.209786361,26.92908603,49.69378476,,,,,,,,85.7406853,0.222040929,0.733301162,,,,
green waste,7.91749133,25.0,60.0,60.02660127,7.872240052,27.2603117,46.80561623,,,,,,,,101.4261909,0.123119469,0.872281868,,,,
sewage sludge,7.323329111,25.26815599,63.18385693,0.0,7.323329111,34.72460559,63.18385693,,,,,,,25.26815599,1.758021691,,,,,,
sewage sludge,7.323329111,25.26815599,63.18385693,1.0,8.051853356,68.35316911,60.92274498,,,,,,,26.27569157,21.91986714,,,,,,
sewage sludge,7.323329111,25.26815599,63.18385693,3.0,8.371075182,81.35621367,56.6931174,,,,,,,21.71663328,45.66088477,,,,,,
sewage sludge,7.323329111,25.26815599,63.18385693,6.0,8.462863442,76.64821478,52.99911811,,,,,,,18.7115987,63.29700362,,,,,,
sewage sludge,7.323329111,25.26815599,63.18385693,10.0,8.419962405,57.19346803,48.4808842,,,,,,,15.60503538,80.03451524,,,,,,
sewage sludge,7.323329111,25.26815599,63.18385693,15.0,8.359469407,39.20841406,44.51106726,,,,,,,14.43292414,99.19418413,,,,,,
sewage sludge,7.323329111,25.26815599,63.18385693,21.0,8.309883213,30.53971769,35.86466826,,,,,,,13.8557988,105.8001614,,,,,,
sewage sludge,7.450272732,25.70213984,65.39600678,0.0,7.450272732,34.05203432,65.39600678,,,,,,,25.70213984,1.415233657,,,,,,
sewage sludge,7.450272732,25.70213984,65.39600678,1.0,8.12853594,72.38859673,62.01612532,,,,,,,26.59180733,22.04843135,,,,,,
sewage sludge,7.450272732,25.70213984,65.39600678,3.0,8.469520532,84.4948796,56.34969571,,,,,,,20.81113492,53.37380448,,,,,,
sewage sludge,7.450272732,25.70213984,65.39600678,6.0,8.541619303,79.78688071,51.57516122,,,,,,,17.38819611,69.66018019,,,,,,
sewage sludge,7.450272732,25.70213984,65.39600678,10.0,8.477992508,65.88707445,46.73903592,,,,,,,14.94065471,86.8476075,,,,,,
sewage sludge,7.450272732,25.70213984,65.39600678,15.0,8.394702814,41.89869914,43.49401434,,,,,,,13.5006472,100.543947,,,,,,
sewage sludge,7.450272732,25.70213984,65.39600678,21.0,8.271022987,31.13755882,34.46620404,,,,,,,12.32880411,110.2993498,,,,,,
poultry manure,7.651529035,7.450698786,60.0,0.0,7.651529035,26.02428666,60.0,,,,,,,,23.88919648,,,,,,
poultry manure,7.651529035,7.450698786,60.0,3.0,8.738808128,54.56929826,57.70026756,,,,,,,,49.81421744,,,,,,
poultry manure,7.651529035,7.450698786,60.0,7.0,8.721905417,35.65168025,59.14337347,,,,,,,,73.82868187,,,,,,
poultry manure,7.651529035,7.450698786,60.0,12.0,8.852274517,37.04554024,55.28985641,,,,,,,,78.56579465,,,,,,
poultry manure,7.651529035,7.450698786,60.0,20.0,8.919652727,29.25941705,48.81223606,,,,,,,,92.33909132,,,,,,
poultry manure,7.651529035,7.450698786,60.0,28.0,8.652333982,28.23268415,45.8723059,,,,,,,,87.73021403,,,,,,
poultry manure,7.651529035,7.450698786,60.0,36.0,8.770235262,24.358189,41.32817865,,,,,,,,90.48535676,,,,,,
poultry manure,7.963663419,9.993439574,60.0,0.0,7.963663419,25.8769871,60.0,,,,,,,,20.12348652,,,,,,
poultry manure,7.963663419,9.993439574,60.0,3.0,8.818204259,51.96697691,56.22329242,,,,,,,,53.46842296,,,,,,
poultry manure,7.963663419,9.993439574,60.0,7.0,8.734536837,37.43563831,59.1900186,,,,,,,,73.21495982,,,,,,
poultry manure,7.963663419,9.993439574,60.0,12.0,8.884740394,38.07664687,57.45087853,,,,,,,,84.36774088,,,,,,
poultry manure,7.963663419,9.993439574,60.0,20.0,9.034218484,28.8502581,51.0335326,,,,,,,,96.8579397,,,,,,
poultry manure,7.963663419,9.993439574,60.0,28.0,8.953643796,28.13448769,45.95582156,,,,,,,,83.88083097,,,,,,
poultry manure,7.963663419,9.993439574,60.0,36.0,8.944344418,24.68552135,46.65117774,,,,,,,,87.2775092,,,,,,
